Day,Date,ISM Manufacturing,GDP q/q,S&P500,S&P500 y/y,S&P500 m/m,GDP q/q norm,S&P500 norm,S&P500 m/m norm,S&P500 m/m norm_1
0,1948-03-31,43.3,0.062,0.0,0.0,0.0,0.0,0.0,0.0,0.0
30,1948-04-30,45.4,0.062,0.0,0.0,0.0,,,,
61,1948-05-31,49.5,0.062,0.0,0.0,0.0,,,,
91,1948-06-30,53.0,0.068,0.0,0.0,0.0,,,,
122,1948-07-31,48.4,0.068,0.0,0.0,0.0,,,,
153,1948-08-31,45.1,0.068,0.0,0.0,0.0,,,,
183,1948-09-30,42.1,0.023,0.0,0.0,0.0,,,,
214,1948-10-31,47.2,0.023,0.0,0.0,0.0,,,,
244,1948-11-30,42.4,0.023,0.0,0.0,0.0,,,,
275,1948-12-31,35.0,0.004,0.0,0.0,0.0,,,,
306,1949-01-31,32.9,0.004,0.0,0.0,0.0,,,,
334,1949-02-28,31.3,0.004,0.0,0.0,0.0,,,,
365,1949-03-31,34.5,-0.054,0.0,0.0,0.0,,,,
395,1949-04-30,35.5,-0.054,0.0,0.0,0.0,,,,
426,1949-05-31,32.6,-0.054,0.0,0.0,0.0,,,,
456,1949-06-30,31.6,-0.014,0.0,0.0,0.0,,,,
487,1949-07-31,39.0,-0.014,0.0,0.0,0.0,,,,
518,1949-08-31,47.0,-0.014,0.0,0.0,0.0,,,,
548,1949-09-30,52.3,0.042,0.0,0.0,0.0,,,,
579,1949-10-31,51.0,0.042,0.0,0.0,0.0,,,,
609,1949-11-30,51.0,0.042,0.0,0.0,0.0,,,,
640,1949-12-31,57.3,-0.033,0.0,0.0,0.0,,,,
671,1950-01-31,59.1,-0.033,0.0,0.0,0.0,,,,
699,1950-02-28,60.5,-0.033,0.0,0.0,0.0,,,,
730,1950-03-31,62.1,0.167,0.0,0.0,0.0,,,,
760,1950-04-30,68.1,0.167,0.0,0.0,0.0,,,,
791,1950-05-31,74.7,0.167,0.0,0.0,0.0,,,,
821,1950-06-30,76.6,0.128,0.0,0.0,0.0,,,,
852,1950-07-31,77.5,0.128,0.0,0.0,0.0,,,,
883,1950-08-31,75.8,0.128,0.0,0.0,0.0,,,,
913,1950-09-30,68.1,0.164,0.0,0.0,0.0,,,,
944,1950-10-31,59.2,0.164,0.0,0.0,0.0,,,,
974,1950-11-30,63.1,0.164,0.0,0.0,0.0,,,,
1005,1950-12-31,67.1,0.079,0.0,0.0,0.0,,,,
1036,1951-01-31,67.8,0.079,0.0,0.0,0.0,,,,
1064,1951-02-28,69.3,0.079,0.0,0.0,0.0,,,,
1095,1951-03-31,65.5,0.055,0.0,0.0,0.0,,,,
1125,1951-04-30,53.5,0.055,0.0,0.0,0.0,,,,
1156,1951-05-31,50.7,0.055,0.0,0.0,0.0,,,,
1186,1951-06-30,45.5,0.071,0.0,0.0,0.0,,,,
1217,1951-07-31,42.1,0.071,0.0,0.0,0.0,,,,
1248,1951-08-31,43.6,0.071,0.0,0.0,0.0,,,,
1278,1951-09-30,48.1,0.085,0.0,0.0,0.0,,,,
1309,1951-10-31,49.6,0.085,0.0,0.0,0.0,,,,
1339,1951-11-30,47.2,0.085,0.0,0.0,0.0,,,,
1370,1951-12-31,46.5,0.009,0.0,0.0,0.0,,,,
1401,1952-01-31,44.7,0.009,0.0,0.0,0.0,,,,
1430,1952-02-29,41.8,0.009,0.0,0.0,0.0,,,,
1461,1952-03-31,40.0,0.043,0.0,0.0,0.0,,,,
1491,1952-04-30,36.7,0.043,0.0,0.0,0.0,,,,
1522,1952-05-31,39.5,0.043,0.0,0.0,0.0,,,,
1552,1952-06-30,43.3,0.009,0.0,0.0,0.0,,,,
1583,1952-07-31,48.3,0.009,0.0,0.0,0.0,,,,
1614,1952-08-31,60.4,0.009,0.0,0.0,0.0,,,,
1644,1952-09-30,56.1,0.029,0.0,0.0,0.0,,,,
1675,1952-10-31,56.2,0.029,0.0,0.0,0.0,,,,
1705,1952-11-30,56.8,0.029,0.0,0.0,0.0,,,,
1736,1952-12-31,55.8,0.138,0.0,0.0,0.0,,,,
1767,1953-01-31,59.4,0.138,0.0,0.0,0.0,,,,
1795,1953-02-28,55.4,0.138,0.0,0.0,0.0,,,,
1826,1953-03-31,50.5,0.076,0.0,0.0,0.0,,,,
1856,1953-04-30,51.1,0.076,0.0,0.0,0.0,,,,
1887,1953-05-31,48.9,0.076,0.0,0.0,0.0,,,,
1917,1953-06-30,48.5,0.031,0.0,0.0,0.0,,,,
1948,1953-07-31,46.3,0.031,0.0,0.0,0.0,,,,
1979,1953-08-31,43.5,0.031,0.0,0.0,0.0,,,,
2009,1953-09-30,40.2,-0.022,0.0,0.0,0.0,,,,
2040,1953-10-31,37.4,-0.022,0.0,0.0,0.0,,,,
2070,1953-11-30,36.9,-0.022,0.0,0.0,0.0,,,,
2101,1953-12-31,35.6,-0.059,0.0,0.0,0.0,,,,
2132,1954-01-31,37.4,-0.059,0.0,0.0,0.0,,,,
2160,1954-02-28,40.7,-0.059,0.0,0.0,0.0,,,,
2191,1954-03-31,44.7,-0.019,0.0,0.0,0.0,,,,
2221,1954-04-30,47.7,-0.019,0.0,0.0,0.0,,,,
2252,1954-05-31,50.1,-0.019,0.0,0.0,0.0,,,,
2282,1954-06-30,52.1,0.004,0.0,0.0,0.0,,,,
2313,1954-07-31,51.7,0.004,0.0,0.0,0.0,,,,
2344,1954-08-31,54.4,0.004,0.0,0.0,0.0,,,,
2374,1954-09-30,53.5,0.046,0.0,0.0,0.0,,,,
2405,1954-10-31,58.2,0.046,0.0,0.0,0.0,,,,
2435,1954-11-30,58.8,0.046,0.0,0.0,0.0,,,,
2466,1954-12-31,63.8,0.081,0.0,0.0,0.0,,,,
2497,1955-01-31,63.0,0.081,0.0,0.0,0.0,,,,
2525,1955-02-28,67.8,0.081,0.0,0.0,0.0,,,,
2556,1955-03-31,67.5,0.119,0.0,0.0,0.0,,,,
2586,1955-04-30,68.7,0.119,0.0,0.0,0.0,,,,
2617,1955-05-31,69.5,0.119,0.0,0.0,0.0,,,,
2647,1955-06-30,63.3,0.067,0.0,0.0,0.0,,,,
2678,1955-07-31,66.2,0.067,0.0,0.0,0.0,,,,
2709,1955-08-31,64.8,0.067,0.0,0.0,0.0,,,,
2739,1955-09-30,62.4,0.055,0.0,0.0,0.0,,,,
2770,1955-10-31,63.7,0.055,0.0,0.0,0.0,,,,
2800,1955-11-30,62.0,0.055,0.0,0.0,0.0,,,,
2831,1955-12-31,65.6,0.024,0.0,0.0,0.0,,,,
2862,1956-01-31,60.2,0.024,0.0,0.0,0.0,,,,
2891,1956-02-29,58.2,0.024,0.0,0.0,0.0,,,,
2922,1956-03-31,57.2,-0.015,0.0,0.0,0.0,,,,
2952,1956-04-30,55.9,-0.015,0.0,0.0,0.0,,,,
2983,1956-05-31,51.2,-0.015,0.0,0.0,0.0,,,,
3013,1956-06-30,47.7,0.033,0.0,0.0,0.0,,,,
3044,1956-07-31,44.2,0.033,0.0,0.0,0.0,,,,
3075,1956-08-31,51.5,0.033,0.0,0.0,0.0,,,,
3105,1956-09-30,55.5,-0.004,0.0,0.0,0.0,,,,
3136,1956-10-31,52.7,-0.004,0.0,0.0,0.0,,,,
3166,1956-11-30,55.0,-0.004,0.0,0.0,0.0,,,,
3197,1956-12-31,52.7,0.067,0.0,0.0,0.0,,,,
3198,1957-01-01,53.6,0.067,44.72,0.0,0.0,,,,
3228,1957-01-31,53.6,0.067,44.72,0.0,0.0,,,,
3229,1957-02-01,51.0,0.067,43.26,0.0,-3.26%,,,,
3256,1957-02-28,51.0,0.067,43.26,0.0,-3.26%,,,,
3257,1957-03-01,47.5,0.067,44.11,0.0,1.96%,,,,
3287,1957-03-31,47.5,0.026,44.11,0.0,1.96%,,,,
3288,1957-04-01,43.1,0.026,45.74,0.0,3.70%,,,,
3317,1957-04-30,43.1,0.026,45.74,0.0,3.70%,,,,
3318,1957-05-01,43.4,0.026,47.43,0.0,3.69%,,,,
3348,1957-05-31,43.4,0.026,47.43,0.0,3.69%,,,,
3349,1957-06-01,45.9,0.026,47.37,0.0,-0.13%,,,,
3378,1957-06-30,45.9,-0.009,47.37,0.0,-0.13%,,,,
3379,1957-07-01,45.7,-0.009,47.91,0.0,1.14%,,,,
3409,1957-07-31,45.7,-0.009,47.91,0.0,1.14%,,,,
3410,1957-08-01,45.3,-0.009,45.22,0.0,-5.61%,,,,
3440,1957-08-31,45.3,-0.009,45.22,0.0,-5.61%,,,,
3441,1957-09-01,45.8,-0.009,42.42,0.0,-6.19%,,,,
3470,1957-09-30,45.8,0.04,42.42,0.0,-6.19%,,,,
3471,1957-10-01,41.1,0.04,41.06,0.0,-3.21%,,,,
3501,1957-10-31,41.1,0.04,41.06,0.0,-3.21%,,,,
3502,1957-11-01,40.4,0.04,41.72,0.0,1.61%,,,,
3531,1957-11-30,40.4,0.04,41.72,0.0,1.61%,,,,
3532,1957-12-01,36.8,0.04,39.99,0.0,-4.15%,,,,
3562,1957-12-31,36.8,-0.041,39.99,0.0,-4.15%,,,,
3563,1958-01-01,33.4,-0.041,41.7,-6.75%,4.28%,,,,
3593,1958-01-31,33.4,-0.041,41.7,-6.75%,4.28%,,,,
3594,1958-02-01,37.2,-0.041,40.84,-5.59%,-2.06%,,,,
3621,1958-02-28,37.2,-0.041,40.84,-5.59%,-2.06%,,,,
3622,1958-03-01,39.8,-0.041,42.1,-4.56%,3.09%,,,,
3652,1958-03-31,39.8,-0.1,42.1,-4.56%,3.09%,,,,
3653,1958-04-01,39.1,-0.1,43.44,-5.03%,3.18%,,,,
3682,1958-04-30,39.1,-0.1,43.44,-5.03%,3.18%,,,,
3683,1958-05-01,46.6,-0.1,44.09,-7.04%,1.50%,,,,
3713,1958-05-31,46.6,-0.1,44.09,-7.04%,1.50%,,,,
3714,1958-06-01,51.4,-0.1,45.24,-4.50%,2.61%,,,,
3743,1958-06-30,51.4,0.027,45.24,-4.50%,2.61%,,,,
3744,1958-07-01,54.7,0.027,47.19,-1.50%,4.31%,,,,
3774,1958-07-31,54.7,0.027,47.19,-1.50%,4.31%,,,,
3775,1958-08-01,57.3,0.027,47.75,5.59%,1.19%,,,,
3805,1958-08-31,57.3,0.027,47.75,5.59%,1.19%,,,,
3806,1958-09-01,59.8,0.027,50.06,18.01%,4.84%,,,,
3835,1958-09-30,59.8,0.096,50.06,18.01%,4.84%,,,,
3836,1958-10-01,62.3,0.096,51.33,25.01%,2.54%,,,,
3866,1958-10-31,62.3,0.096,51.33,25.01%,2.54%,,,,
3867,1958-11-01,62.7,0.096,52.48,25.79%,2.24%,,,,
3896,1958-11-30,62.7,0.096,52.48,25.79%,2.24%,,,,
3897,1958-12-01,60.5,0.096,55.21,38.06%,5.20%,,,,
3927,1958-12-31,60.5,0.097,55.21,38.06%,5.20%,,,,
3928,1959-01-01,64.4,0.097,55.42,32.90%,0.38%,,,,
3958,1959-01-31,64.4,0.097,55.42,32.90%,0.38%,,,,
3959,1959-02-01,66.9,0.097,55.41,35.68%,-0.02%,,,,
3986,1959-02-28,66.9,0.097,55.41,35.68%,-0.02%,,,,
3987,1959-03-01,67.1,0.097,55.44,31.69%,0.05%,,,,
4017,1959-03-31,67.1,0.079,55.44,31.69%,0.05%,,,,
4018,1959-04-01,66.9,0.079,57.59,32.57%,3.88%,,,,
4047,1959-04-30,66.9,0.079,57.59,32.57%,3.88%,,,,
4048,1959-05-01,68.2,0.079,58.68,33.09%,1.89%,,,,
4078,1959-05-31,68.2,0.079,58.68,33.09%,1.89%,,,,
4079,1959-06-01,64.4,0.079,58.47,29.24%,-0.36%,,,,
4108,1959-06-30,64.4,0.093,58.47,29.24%,-0.36%,,,,
4109,1959-07-01,61.5,0.093,60.51,28.23%,3.49%,,,,
4139,1959-07-31,61.5,0.093,60.51,28.23%,3.49%,,,,
4140,1959-08-01,55.1,0.093,59.6,24.82%,-1.50%,,,,
4170,1959-08-31,55.1,0.093,59.6,24.82%,-1.50%,,,,
4171,1959-09-01,48.3,0.093,56.88,13.62%,-4.56%,,,,
4200,1959-09-30,48.3,0.003,56.88,13.62%,-4.56%,,,,
4201,1959-10-01,49.7,0.003,57.52,12.06%,1.13%,,,,
4231,1959-10-31,49.7,0.003,57.52,12.06%,1.13%,,,,
4232,1959-11-01,50.6,0.003,58.28,11.05%,1.32%,,,,
4261,1959-11-30,50.6,0.003,58.28,11.05%,1.32%,,,,
4262,1959-12-01,58.2,0.003,59.89,8.48%,2.76%,,,,
4292,1959-12-31,58.2,0.011,59.89,8.48%,2.76%,,,,
4293,1960-01-01,61.5,0.011,55.61,0.34%,-7.15%,,,,
4323,1960-01-31,61.5,0.011,55.61,0.34%,-7.15%,,,,
4324,1960-02-01,52.3,0.011,56.12,1.28%,0.92%,,,,
4352,1960-02-29,52.3,0.011,56.12,1.28%,0.92%,,,,
4353,1960-03-01,47.8,0.011,55.34,-0.18%,-1.39%,,,,
4383,1960-03-31,47.8,0.093,55.34,-0.18%,-1.39%,,,,
4384,1960-04-01,45.3,0.093,54.37,-5.59%,-1.75%,,,,
4413,1960-04-30,45.3,0.093,54.37,-5.59%,-1.75%,,,,
4414,1960-05-01,42.6,0.093,55.83,-4.86%,2.69%,,,,
4444,1960-05-31,42.6,0.093,55.83,-4.86%,2.69%,,,,
4445,1960-06-01,44.4,0.093,56.92,-2.65%,1.95%,,,,
4474,1960-06-30,44.4,-0.021,56.92,-2.65%,1.95%,,,,
4475,1960-07-01,43.7,-0.021,55.51,-8.26%,-2.48%,,,,
4505,1960-07-31,43.7,-0.021,55.51,-8.26%,-2.48%,,,,
4506,1960-08-01,47.6,-0.021,56.96,-4.43%,2.61%,,,,
4536,1960-08-31,47.6,-0.021,56.96,-4.43%,2.61%,,,,
4537,1960-09-01,45.4,-0.021,53.52,-5.91%,-6.04%,,,,
4566,1960-09-30,45.4,0.02,53.52,-5.91%,-6.04%,,,,
4567,1960-10-01,46.0,0.02,53.39,-7.18%,-0.24%,,,,
4597,1960-10-31,46.0,0.02,53.39,-7.18%,-0.24%,,,,
4598,1960-11-01,44.3,0.02,55.54,-4.70%,4.03%,,,,
4627,1960-11-30,44.3,0.02,55.54,-4.70%,4.03%,,,,
4628,1960-12-01,44.3,0.02,58.11,-2.97%,4.63%,,,,
4658,1960-12-31,44.3,-0.05,58.11,-2.97%,4.63%,,,,
4659,1961-01-01,43.9,-0.05,61.78,11.10%,6.32%,,,,
4689,1961-01-31,43.9,-0.05,61.78,11.10%,6.32%,,,,
4690,1961-02-01,43.6,-0.05,63.44,13.04%,2.69%,,,,
4717,1961-02-28,43.6,-0.05,63.44,13.04%,2.69%,,,,
4718,1961-03-01,49.1,-0.05,65.06,17.56%,2.55%,,,,
4748,1961-03-31,49.1,0.027,65.06,17.56%,2.55%,,,,
4749,1961-04-01,57.6,0.027,65.31,20.12%,0.38%,,,,
4778,1961-04-30,57.6,0.027,65.31,20.12%,0.38%,,,,
4779,1961-05-01,58.9,0.027,66.56,19.22%,1.91%,,,,
4809,1961-05-31,58.9,0.027,66.56,19.22%,1.91%,,,,
4810,1961-06-01,58.1,0.027,64.64,13.56%,-2.88%,,,,
4839,1961-06-30,58.1,0.07,64.64,13.56%,-2.88%,,,,
4840,1961-07-01,58.2,0.07,66.76,20.27%,3.28%,,,,
4870,1961-07-31,58.2,0.07,66.76,20.27%,3.28%,,,,
4871,1961-08-01,60.7,0.07,68.07,19.50%,1.96%,,,,
4901,1961-08-31,60.7,0.07,68.07,19.50%,1.96%,,,,
4902,1961-09-01,63.0,0.07,66.73,24.68%,-1.97%,,,,
4931,1961-09-30,63.0,0.079,66.73,24.68%,-1.97%,,,,
4932,1961-10-01,62.2,0.079,68.62,28.53%,2.83%,,,,
4962,1961-10-31,62.2,0.079,68.62,28.53%,2.83%,,,,
4963,1961-11-01,59.0,0.079,71.32,28.41%,3.93%,,,,
4992,1961-11-30,59.0,0.079,71.32,28.41%,3.93%,,,,
4993,1961-12-01,64.2,0.079,71.55,23.13%,0.32%,,,,
5023,1961-12-31,64.2,0.081,71.55,23.13%,0.32%,,,,
5024,1962-01-01,60.9,0.081,68.84,11.43%,-3.79%,,,,
5054,1962-01-31,60.9,0.081,68.84,11.43%,-3.79%,,,,
5055,1962-02-01,61.1,0.081,69.96,10.28%,1.63%,,,,
5082,1962-02-28,61.1,0.081,69.96,10.28%,1.63%,,,,
5083,1962-03-01,60.6,0.081,69.55,6.90%,-0.59%,,,,
5113,1962-03-31,60.6,0.073,69.55,6.90%,-0.59%,,,,
5114,1962-04-01,55.1,0.073,65.24,-0.11%,-6.20%,,,,
5143,1962-04-30,55.1,0.073,65.24,-0.11%,-6.20%,,,,
5144,1962-05-01,52.2,0.073,59.63,-10.41%,-8.60%,,,,
5174,1962-05-31,52.2,0.073,59.63,-10.41%,-8.60%,,,,
5175,1962-06-01,50.8,0.073,54.75,-15.30%,-8.18%,,,,
5204,1962-06-30,50.8,0.037,54.75,-15.30%,-8.18%,,,,
5205,1962-07-01,51.0,0.037,58.23,-12.78%,6.36%,,,,
5235,1962-07-31,51.0,0.037,58.23,-12.78%,6.36%,,,,
5236,1962-08-01,49.5,0.037,59.12,-13.15%,1.53%,,,,
5266,1962-08-31,49.5,0.037,59.12,-13.15%,1.53%,,,,
5267,1962-09-01,50.0,0.037,56.27,-15.68%,-4.82%,,,,
5296,1962-09-30,50.0,0.05,56.27,-15.68%,-4.82%,,,,
5297,1962-10-01,51.2,0.05,56.52,-17.63%,0.44%,,,,
5327,1962-10-31,51.2,0.05,56.52,-17.63%,0.44%,,,,
5328,1962-11-01,53.8,0.05,62.26,-12.70%,10.16%,,,,
5357,1962-11-30,53.8,0.05,62.26,-12.70%,10.16%,,,,
5358,1962-12-01,57.2,0.05,63.1,-11.81%,1.35%,,,,
5388,1962-12-31,57.2,0.013,63.1,-11.81%,1.35%,,,,
5389,1963-01-01,55.2,0.013,66.2,-3.83%,4.91%,,,,
5419,1963-01-31,55.2,0.013,66.2,-3.83%,4.91%,,,,
5420,1963-02-01,55.1,0.013,64.29,-8.10%,-2.89%,,,,
5447,1963-02-28,55.1,0.013,64.29,-8.10%,-2.89%,,,,
5448,1963-03-01,54.7,0.013,66.57,-4.28%,3.55%,,,,
5478,1963-03-31,54.7,0.044,66.57,-4.28%,3.55%,,,,
5479,1963-04-01,57.6,0.044,69.8,6.99%,4.85%,,,,
5508,1963-04-30,57.6,0.044,69.8,6.99%,4.85%,,,,
5509,1963-05-01,59.8,0.044,70.8,18.73%,1.43%,,,,
5539,1963-05-31,59.8,0.044,70.8,18.73%,1.43%,,,,
5540,1963-06-01,58.2,0.044,69.37,26.70%,-2.02%,,,,
5569,1963-06-30,58.2,0.046,69.37,26.70%,-2.02%,,,,
5570,1963-07-01,55.5,0.046,69.13,18.72%,-0.35%,,,,
5600,1963-07-31,55.5,0.046,69.13,18.72%,-0.35%,,,,
5601,1963-08-01,55.1,0.046,72.5,22.63%,4.87%,,,,
5631,1963-08-31,55.1,0.046,72.5,22.63%,4.87%,,,,
5632,1963-09-01,56.9,0.046,71.7,27.42%,-1.10%,,,,
5661,1963-09-30,56.9,0.091,71.7,27.42%,-1.10%,,,,
5662,1963-10-01,57.7,0.091,74.01,30.94%,3.22%,,,,
5692,1963-10-31,57.7,0.091,74.01,30.94%,3.22%,,,,
5693,1963-11-01,57.5,0.091,73.23,17.62%,-1.05%,,,,
5722,1963-11-30,57.5,0.091,73.23,17.62%,-1.05%,,,,
5723,1963-12-01,54.0,0.091,75.02,18.89%,2.44%,,,,
5753,1963-12-31,54.0,0.026,75.02,18.89%,2.44%,,,,
5754,1964-01-01,57.1,0.026,77.04,16.37%,2.69%,,,,
5784,1964-01-31,57.1,0.026,77.04,16.37%,2.69%,,,,
5785,1964-02-01,57.9,0.026,77.8,21.01%,0.99%,,,,
5813,1964-02-29,57.9,0.026,77.8,21.01%,0.99%,,,,
5814,1964-03-01,60.2,0.026,78.98,18.64%,1.52%,,,,
5844,1964-03-31,60.2,0.087,78.98,18.64%,1.52%,,,,
5845,1964-04-01,59.2,0.087,79.46,13.84%,0.61%,,,,
5874,1964-04-30,59.2,0.087,79.46,13.84%,0.61%,,,,
5875,1964-05-01,58.7,0.087,80.37,13.52%,1.15%,,,,
5905,1964-05-31,58.7,0.087,80.37,13.52%,1.15%,,,,
5906,1964-06-01,60.1,0.087,81.69,17.76%,1.64%,,,,
5935,1964-06-30,60.1,0.044,81.69,17.76%,1.64%,,,,
5936,1964-07-01,62.9,0.044,83.18,20.32%,1.82%,,,,
5966,1964-07-31,62.9,0.044,83.18,20.32%,1.82%,,,,
5967,1964-08-01,63.3,0.044,81.83,12.87%,-1.62%,,,,
5997,1964-08-31,63.3,0.044,81.83,12.87%,-1.62%,,,,
5998,1964-09-01,63.3,0.044,84.18,17.41%,2.87%,,,,
6027,1964-09-30,63.3,0.064,84.18,17.41%,2.87%,,,,
6028,1964-10-01,60.7,0.064,84.86,14.66%,0.81%,,,,
6058,1964-10-31,60.7,0.064,84.86,14.66%,0.81%,,,,
6059,1964-11-01,61.8,0.064,84.42,15.28%,-0.52%,,,,
6088,1964-11-30,61.8,0.064,84.42,15.28%,-0.52%,,,,
6089,1964-12-01,62.4,0.064,84.75,12.97%,0.39%,,,,
6119,1964-12-31,62.4,0.012,84.75,12.97%,0.39%,,,,
6120,1965-01-01,61.0,0.012,87.56,13.66%,3.32%,,,,
6150,1965-01-31,61.0,0.012,87.56,13.66%,3.32%,,,,
6151,1965-02-01,62.1,0.012,87.43,12.38%,-0.15%,,,,
6178,1965-02-28,62.1,0.012,87.43,12.38%,-0.15%,,,,
6179,1965-03-01,64.9,0.012,86.16,9.09%,-1.45%,,,,
6209,1965-03-31,64.9,0.1,86.16,9.09%,-1.45%,,,,
6210,1965-04-01,62.0,0.1,89.11,12.14%,3.42%,,,,
6239,1965-04-30,62.0,0.1,89.11,12.14%,3.42%,,,,
6240,1965-05-01,61.3,0.1,88.42,10.02%,-0.77%,,,,
6270,1965-05-31,61.3,0.1,88.42,10.02%,-0.77%,,,,
6271,1965-06-01,58.7,0.1,84.12,2.97%,-4.86%,,,,
6300,1965-06-30,58.7,0.051,84.12,2.97%,-4.86%,,,,
6301,1965-07-01,58.1,0.051,85.25,2.49%,1.34%,,,,
6331,1965-07-31,58.1,0.051,85.25,2.49%,1.34%,,,,
6332,1965-08-01,58.1,0.051,87.17,6.53%,2.25%,,,,
6362,1965-08-31,58.1,0.051,87.17,6.53%,2.25%,,,,
6363,1965-09-01,61.0,0.051,89.96,6.87%,3.20%,,,,
6392,1965-09-30,61.0,0.092,89.96,6.87%,3.20%,,,,
6393,1965-10-01,58.6,0.092,92.42,8.91%,2.73%,,,,
6423,1965-10-31,58.6,0.092,92.42,8.91%,2.73%,,,,
6424,1965-11-01,59.4,0.092,91.61,8.52%,-0.88%,,,,
6453,1965-11-30,59.4,0.092,91.61,8.52%,-0.88%,,,,
6454,1965-12-01,62.8,0.092,92.43,9.06%,0.90%,,,,
6484,1965-12-31,62.8,0.095,92.43,9.06%,0.90%,,,,
6485,1966-01-01,65.8,0.095,92.88,6.08%,0.49%,,,,
6515,1966-01-31,65.8,0.095,92.88,6.08%,0.49%,,,,
6516,1966-02-01,65.5,0.095,91.22,4.33%,-1.79%,,,,
6543,1966-02-28,65.5,0.095,91.22,4.33%,-1.79%,,,,
6544,1966-03-01,65.7,0.095,89.23,3.56%,-2.18%,,,,
6574,1966-03-31,65.7,0.101,89.23,3.56%,-2.18%,,,,
6575,1966-04-01,64.2,0.101,91.06,2.19%,2.05%,,,,
6604,1966-04-30,64.2,0.101,91.06,2.19%,2.05%,,,,
6605,1966-05-01,57.7,0.101,86.13,-2.59%,-5.41%,,,,
6635,1966-05-31,57.7,0.101,86.13,-2.59%,-5.41%,,,,
6636,1966-06-01,59.0,0.101,84.74,0.74%,-1.61%,,,,
6665,1966-06-30,59.0,0.014,84.74,0.74%,-1.61%,,,,
6666,1966-07-01,60.3,0.014,83.6,-1.94%,-1.35%,,,,
6696,1966-07-31,60.3,0.014,83.6,-1.94%,-1.35%,,,,
6697,1966-08-01,58.5,0.014,77.1,-11.55%,-7.78%,,,,
6727,1966-08-31,58.5,0.014,77.1,-11.55%,-7.78%,,,,
6728,1966-09-01,58.7,0.014,76.56,-14.90%,-0.70%,,,,
6757,1966-09-30,58.7,0.034,76.56,-14.90%,-0.70%,,,,
6758,1966-10-01,57.2,0.034,80.2,-13.22%,4.75%,,,,
6788,1966-10-31,57.2,0.034,80.2,-13.22%,4.75%,,,,
6789,1966-11-01,53.7,0.034,80.45,-12.18%,0.31%,,,,
6818,1966-11-30,53.7,0.034,80.45,-12.18%,0.31%,,,,
6819,1966-12-01,52.4,0.034,80.33,-13.09%,-0.15%,,,,
6849,1966-12-31,52.4,0.033,80.33,-13.09%,-0.15%,,,,
6850,1967-01-01,49.1,0.033,86.61,-6.75%,7.82%,,,,
6880,1967-01-31,49.1,0.033,86.61,-6.75%,7.82%,,,,
6881,1967-02-01,47.6,0.033,86.78,-4.87%,0.20%,,,,
6908,1967-02-28,47.6,0.033,86.78,-4.87%,0.20%,,,,
6909,1967-03-01,45.3,0.033,90.2,1.09%,3.94%,,,,
6939,1967-03-31,45.3,0.036,90.2,1.09%,3.94%,,,,
6940,1967-04-01,42.8,0.036,94.01,3.24%,4.22%,,,,
6969,1967-04-30,42.8,0.036,94.01,3.24%,4.22%,,,,
6970,1967-05-01,44.5,0.036,89.08,3.43%,-5.24%,,,,
7000,1967-05-31,44.5,0.036,89.08,3.43%,-5.24%,,,,
7001,1967-06-01,46.8,0.036,90.64,6.96%,1.75%,,,,
7030,1967-06-30,46.8,0.002,90.64,6.96%,1.75%,,,,
7031,1967-07-01,49.5,0.002,94.75,13.34%,4.53%,,,,
7061,1967-07-31,49.5,0.002,94.75,13.34%,4.53%,,,,
7062,1967-08-01,52.2,0.002,93.64,21.45%,-1.17%,,,,
7092,1967-08-31,52.2,0.002,93.64,21.45%,-1.17%,,,,
7093,1967-09-01,54.9,0.002,96.71,26.32%,3.28%,,,,
7122,1967-09-30,54.9,0.038,96.71,26.32%,3.28%,,,,
7123,1967-10-01,54.1,0.038,93.9,17.08%,-2.91%,,,,
7153,1967-10-31,54.1,0.038,93.9,17.08%,-2.91%,,,,
7154,1967-11-01,54.2,0.038,94.0,16.84%,0.11%,,,,
7183,1967-11-30,54.2,0.038,94.0,16.84%,0.11%,,,,
7184,1967-12-01,55.6,0.038,96.47,20.09%,2.63%,,,,
7214,1967-12-31,55.6,0.03,96.47,20.09%,2.63%,,,,
7215,1968-01-01,56.6,0.03,92.24,6.50%,-4.38%,,,,
7245,1968-01-31,56.6,0.03,92.24,6.50%,-4.38%,,,,
7246,1968-02-01,55.0,0.03,89.36,2.97%,-3.12%,,,,
7274,1968-02-29,55.0,0.03,89.36,2.97%,-3.12%,,,,
7275,1968-03-01,53.8,0.03,90.2,0.00%,0.94%,,,,
7305,1968-03-31,53.8,0.084,90.2,0.00%,0.94%,,,,
7306,1968-04-01,58.0,0.084,97.59,3.81%,8.19%,,,,
7335,1968-04-30,58.0,0.084,97.59,3.81%,8.19%,,,,
7336,1968-05-01,55.3,0.084,98.68,10.78%,1.12%,,,,
7366,1968-05-31,55.3,0.084,98.68,10.78%,1.12%,,,,
7367,1968-06-01,53.5,0.084,99.58,9.86%,0.91%,,,,
7396,1968-06-30,53.5,0.069,99.58,9.86%,0.91%,,,,
7397,1968-07-01,54.1,0.069,97.74,3.16%,-1.85%,,,,
7427,1968-07-31,54.1,0.069,97.74,3.16%,-1.85%,,,,
7428,1968-08-01,52.7,0.069,98.86,5.57%,1.15%,,,,
7458,1968-08-31,52.7,0.069,98.86,5.57%,1.15%,,,,
7459,1968-09-01,51.8,0.069,102.67,6.16%,3.85%,,,,
7488,1968-09-30,51.8,0.031,102.67,6.16%,3.85%,,,,
7489,1968-10-01,55.8,0.031,103.41,10.13%,0.72%,,,,
7519,1968-10-31,55.8,0.031,103.41,10.13%,0.72%,,,,
7520,1968-11-01,58.1,0.031,108.37,15.29%,4.80%,,,,
7549,1968-11-30,58.1,0.031,108.37,15.29%,4.80%,,,,
7550,1968-12-01,56.1,0.031,103.86,7.66%,-4.16%,,,,
7580,1968-12-31,56.1,0.016,103.86,7.66%,-4.16%,,,,
7581,1969-01-01,54.9,0.016,103.01,11.68%,-0.82%,,,,
7611,1969-01-31,54.9,0.016,103.01,11.68%,-0.82%,,,,
7612,1969-02-01,57.0,0.016,98.13,9.81%,-4.74%,,,,
7639,1969-02-28,57.0,0.016,98.13,9.81%,-4.74%,,,,
7640,1969-03-01,57.1,0.016,101.51,12.54%,3.44%,,,,
7670,1969-03-31,57.1,0.064,101.51,12.54%,3.44%,,,,
7671,1969-04-01,55.2,0.064,103.69,6.25%,2.15%,,,,
7700,1969-04-30,55.2,0.064,103.69,6.25%,2.15%,,,,
7701,1969-05-01,56.7,0.064,103.46,4.84%,-0.22%,,,,
7731,1969-05-31,56.7,0.064,103.46,4.84%,-0.22%,,,,
7732,1969-06-01,55.5,0.064,97.71,-1.88%,-5.56%,,,,
7761,1969-06-30,55.5,0.012,97.71,-1.88%,-5.56%,,,,
7762,1969-07-01,53.1,0.012,91.83,-6.05%,-6.02%,,,,
7792,1969-07-31,53.1,0.012,91.83,-6.05%,-6.02%,,,,
7793,1969-08-01,54.8,0.012,95.51,-3.39%,4.01%,,,,
7823,1969-08-31,54.8,0.012,95.51,-3.39%,4.01%,,,,
7824,1969-09-01,54.1,0.012,93.12,-9.30%,-2.50%,,,,
7853,1969-09-30,54.1,0.027,93.12,-9.30%,-2.50%,,,,
7854,1969-10-01,54.6,0.027,97.24,-5.97%,4.42%,,,,
7884,1969-10-31,54.6,0.027,97.24,-5.97%,4.42%,,,,
7885,1969-11-01,53.2,0.027,93.81,-13.44%,-3.53%,,,,
7914,1969-11-30,53.2,0.027,93.81,-13.44%,-3.53%,,,,
7915,1969-12-01,52.0,0.027,92.06,-11.36%,-1.87%,,,,
7945,1969-12-31,52.0,-0.019,92.06,-11.36%,-1.87%,,,,
7946,1970-01-01,48.7,-0.019,85.02,-17.46%,-7.65%,,,,
7976,1970-01-31,48.7,-0.019,85.02,-17.46%,-7.65%,,,,
7977,1970-02-01,47.4,-0.019,89.5,-8.79%,5.27%,,,,
8004,1970-02-28,47.4,-0.019,89.5,-8.79%,5.27%,,,,
8005,1970-03-01,46.9,-0.019,89.63,-11.70%,0.15%,,,,
8035,1970-03-31,46.9,-0.006,89.63,-11.70%,0.15%,,,,
8036,1970-04-01,45.0,-0.006,81.52,-21.38%,-9.05%,,,,
8065,1970-04-30,45.0,-0.006,81.52,-21.38%,-9.05%,,,,
8066,1970-05-01,47.2,-0.006,76.55,-26.01%,-6.10%,,,,
8096,1970-05-31,47.2,-0.006,76.55,-26.01%,-6.10%,,,,
8097,1970-06-01,51.1,-0.006,72.72,-25.58%,-5.00%,,,,
8126,1970-06-30,51.1,0.006,72.72,-25.58%,-5.00%,,,,
8127,1970-07-01,49.5,0.006,78.05,-15.01%,7.33%,,,,
8157,1970-07-31,49.5,0.006,78.05,-15.01%,7.33%,,,,
8158,1970-08-01,47.3,0.006,81.52,-14.65%,4.45%,,,,
8188,1970-08-31,47.3,0.006,81.52,-14.65%,4.45%,,,,
8189,1970-09-01,44.1,0.006,84.21,-9.57%,3.30%,,,,
8218,1970-09-30,44.1,0.037,84.21,-9.57%,3.30%,,,,
8219,1970-10-01,42.4,0.037,83.25,-14.39%,-1.14%,,,,
8249,1970-10-31,42.4,0.037,83.25,-14.39%,-1.14%,,,,
8250,1970-11-01,39.7,0.037,87.2,-7.05%,4.74%,,,,
8279,1970-11-30,39.7,0.037,87.2,-7.05%,4.74%,,,,
8280,1970-12-01,45.4,0.037,92.15,0.10%,5.68%,,,,
8310,1970-12-31,45.4,-0.042,92.15,0.10%,5.68%,,,,
8311,1971-01-01,47.9,-0.042,95.88,12.77%,4.05%,,,,
8341,1971-01-31,47.9,-0.042,95.88,12.77%,4.05%,,,,
8342,1971-02-01,54.8,-0.042,96.75,8.10%,0.91%,,,,
8369,1971-02-28,54.8,-0.042,96.75,8.10%,0.91%,,,,
8370,1971-03-01,51.2,-0.042,100.31,11.92%,3.68%,,,,
8400,1971-03-31,51.2,0.113,100.31,11.92%,3.68%,,,,
8401,1971-04-01,54.5,0.113,103.95,27.51%,3.63%,,,,
8430,1971-04-30,54.5,0.113,103.95,27.51%,3.63%,,,,
8431,1971-05-01,54.2,0.113,99.63,30.15%,-4.16%,,,,
8461,1971-05-31,54.2,0.113,99.63,30.15%,-4.16%,,,,
8462,1971-06-01,53.8,0.113,99.7,37.10%,0.07%,,,,
8491,1971-06-30,53.8,0.022,99.7,37.10%,0.07%,,,,
8492,1971-07-01,54.4,0.022,95.58,22.46%,-4.13%,,,,
8522,1971-07-31,54.4,0.022,95.58,22.46%,-4.13%,,,,
8523,1971-08-01,53.6,0.022,99.03,21.48%,3.61%,,,,
8553,1971-08-31,53.6,0.022,99.03,21.48%,3.61%,,,,
8554,1971-09-01,55.1,0.022,98.34,16.78%,-0.70%,,,,
8583,1971-09-30,55.1,0.033,98.34,16.78%,-0.70%,,,,
8584,1971-10-01,55.0,0.033,94.23,13.19%,-4.18%,,,,
8614,1971-10-31,55.0,0.033,94.23,13.19%,-4.18%,,,,
8615,1971-11-01,52.3,0.033,93.99,7.79%,-0.25%,,,,
8644,1971-11-30,52.3,0.033,93.99,7.79%,-0.25%,,,,
8645,1971-12-01,57.6,0.033,102.09,10.79%,8.62%,,,,
8675,1971-12-31,57.6,0.009,102.09,10.79%,8.62%,,,,
8676,1972-01-01,59.6,0.009,103.94,8.41%,1.81%,,,,
8706,1972-01-31,59.6,0.009,103.94,8.41%,1.81%,,,,
8707,1972-02-01,60.6,0.009,106.57,10.15%,2.53%,,,,
8735,1972-02-29,60.6,0.009,106.57,10.15%,2.53%,,,,
8736,1972-03-01,59.8,0.009,107.2,6.87%,0.59%,,,,
8766,1972-03-31,59.8,0.076,107.2,6.87%,0.59%,,,,
8767,1972-04-01,59.3,0.076,107.67,3.58%,0.44%,,,,
8796,1972-04-30,59.3,0.076,107.67,3.58%,0.44%,,,,
8797,1972-05-01,61.4,0.076,109.53,9.94%,1.73%,,,,
8827,1972-05-31,61.4,0.076,109.53,9.94%,1.73%,,,,
8828,1972-06-01,58.6,0.076,107.14,7.46%,-2.18%,,,,
8857,1972-06-30,58.6,0.094,107.14,7.46%,-2.18%,,,,
8858,1972-07-01,60.1,0.094,107.39,12.36%,0.23%,,,,
8888,1972-07-31,60.1,0.094,107.39,12.36%,0.23%,,,,
8889,1972-08-01,61.7,0.094,111.09,12.18%,3.45%,,,,
8919,1972-08-31,61.7,0.094,111.09,12.18%,3.45%,,,,
8920,1972-09-01,65.1,0.094,110.55,12.42%,-0.49%,,,,
8949,1972-09-30,65.1,0.038,110.55,12.42%,-0.49%,,,,
8950,1972-10-01,67.0,0.038,111.58,18.41%,0.93%,,,,
8980,1972-10-31,67.0,0.038,111.58,18.41%,0.93%,,,,
8981,1972-11-01,69.9,0.038,116.67,24.13%,4.56%,,,,
9010,1972-11-30,69.9,0.038,116.67,24.13%,4.56%,,,,
9011,1972-12-01,70.5,0.038,118.05,15.63%,1.18%,,,,
9041,1972-12-31,70.5,0.069,118.05,15.63%,1.18%,,,,
9042,1973-01-01,72.1,0.069,116.03,11.63%,-1.71%,,,,
9072,1973-01-31,72.1,0.069,116.03,11.63%,-1.71%,,,,
9073,1973-02-01,69.6,0.069,111.68,4.79%,-3.75%,,,,
9100,1973-02-28,69.6,0.069,111.68,4.79%,-3.75%,,,,
9101,1973-03-01,69.6,0.069,111.52,4.03%,-0.14%,,,,
9131,1973-03-31,69.6,0.103,111.52,4.03%,-0.14%,,,,
9132,1973-04-01,67.7,0.103,106.97,-0.65%,-4.08%,,,,
9161,1973-04-30,67.7,0.103,106.97,-0.65%,-4.08%,,,,
9162,1973-05-01,64.8,0.103,104.95,-4.18%,-1.89%,,,,
9192,1973-05-31,64.8,0.103,104.95,-4.18%,-1.89%,,,,
9193,1973-06-01,65.0,0.103,104.26,-2.69%,-0.66%,,,,
9222,1973-06-30,65.0,0.044,104.26,-2.69%,-0.66%,,,,
9223,1973-07-01,57.8,0.044,108.22,0.77%,3.80%,,,,
9253,1973-07-31,57.8,0.044,108.22,0.77%,3.80%,,,,
9254,1973-08-01,62.7,0.044,104.25,-6.16%,-3.67%,,,,
9284,1973-08-31,62.7,0.044,104.25,-6.16%,-3.67%,,,,
9285,1973-09-01,63.5,0.044,108.43,-1.92%,4.01%,,,,
9314,1973-09-30,63.5,-0.021,108.43,-1.92%,4.01%,,,,
9315,1973-10-01,66.2,-0.021,108.29,-2.95%,-0.13%,,,,
9345,1973-10-31,66.2,-0.021,108.29,-2.95%,-0.13%,,,,
9346,1973-11-01,68.1,-0.021,95.96,-17.75%,-11.39%,,,,
9375,1973-11-30,68.1,-0.021,95.96,-17.75%,-11.39%,,,,
9376,1973-12-01,63.6,-0.021,97.55,-17.37%,1.66%,,,,
9406,1973-12-31,63.6,0.038,97.55,-17.37%,1.66%,,,,
9407,1974-01-01,62.1,0.038,96.57,-16.77%,-1.00%,,,,
9437,1974-01-31,62.1,0.038,96.57,-16.77%,-1.00%,,,,
9438,1974-02-01,58.6,0.038,96.22,-13.84%,-0.36%,,,,
9465,1974-02-28,58.6,0.038,96.22,-13.84%,-0.36%,,,,
9466,1974-03-01,61.8,0.038,93.98,-15.73%,-2.33%,,,,
9496,1974-03-31,61.8,-0.034,93.98,-15.73%,-2.33%,,,,
9497,1974-04-01,59.9,-0.034,90.31,-15.57%,-3.91%,,,,
9526,1974-04-30,59.9,-0.034,90.31,-15.57%,-3.91%,,,,
9527,1974-05-01,55.7,-0.034,87.28,-16.84%,-3.36%,,,,
9557,1974-05-31,55.7,-0.034,87.28,-16.84%,-3.36%,,,,
9558,1974-06-01,54.7,-0.034,86.0,-17.51%,-1.47%,,,,
9587,1974-06-30,54.7,0.01,86.0,-17.51%,-1.47%,,,,
9588,1974-07-01,54.8,0.01,79.31,-26.71%,-7.78%,,,,
9618,1974-07-31,54.8,0.01,79.31,-26.71%,-7.78%,,,,
9619,1974-08-01,52.9,0.01,72.15,-30.79%,-9.03%,,,,
9649,1974-08-31,52.9,0.01,72.15,-30.79%,-9.03%,,,,
9650,1974-09-01,46.2,0.01,63.54,-41.40%,-11.93%,,,,
9679,1974-09-30,46.2,-0.037,63.54,-41.40%,-11.93%,,,,
9680,1974-10-01,42.7,-0.037,73.9,-31.76%,16.30%,,,,
9710,1974-10-31,42.7,-0.037,73.9,-31.76%,16.30%,,,,
9711,1974-11-01,37.9,-0.037,69.97,-27.08%,-5.32%,,,,
9740,1974-11-30,37.9,-0.037,69.97,-27.08%,-5.32%,,,,
9741,1974-12-01,30.9,-0.037,68.56,-29.72%,-2.02%,,,,
9771,1974-12-31,30.9,-0.015,68.56,-29.72%,-2.02%,,,,
9772,1975-01-01,30.7,-0.015,76.98,-20.29%,12.28%,,,,
9802,1975-01-31,30.7,-0.015,76.98,-20.29%,12.28%,,,,
9803,1975-02-01,34.4,-0.015,81.59,-15.20%,5.99%,,,,
9830,1975-02-28,34.4,-0.015,81.59,-15.20%,5.99%,,,,
9831,1975-03-01,31.6,-0.015,83.36,-11.30%,2.17%,,,,
9861,1975-03-31,31.6,-0.048,83.36,-11.30%,2.17%,,,,
9862,1975-04-01,37.5,-0.048,87.3,-3.33%,4.73%,,,,
9891,1975-04-30,37.5,-0.048,87.3,-3.33%,4.73%,,,,
9892,1975-05-01,41.2,-0.048,91.15,4.43%,4.41%,,,,
9922,1975-05-31,41.2,-0.048,91.15,4.43%,4.41%,,,,
9923,1975-06-01,45.1,-0.048,95.19,10.69%,4.43%,,,,
9952,1975-06-30,45.1,0.029,95.19,10.69%,4.43%,,,,
9953,1975-07-01,47.2,0.029,88.75,11.90%,-6.77%,,,,
9983,1975-07-31,47.2,0.029,88.75,11.90%,-6.77%,,,,
9984,1975-08-01,51.4,0.029,86.88,20.42%,-2.11%,,,,
10014,1975-08-31,51.4,0.029,86.88,20.42%,-2.11%,,,,
10015,1975-09-01,54.4,0.029,83.87,32.00%,-3.46%,,,,
10044,1975-09-30,54.4,0.07,83.87,32.00%,-3.46%,,,,
10045,1975-10-01,55.5,0.07,89.04,20.49%,6.16%,,,,
10075,1975-10-31,55.5,0.07,89.04,20.49%,6.16%,,,,
10076,1975-11-01,54.5,0.07,91.24,30.40%,2.47%,,,,
10105,1975-11-30,54.5,0.07,91.24,30.40%,2.47%,,,,
10106,1975-12-01,54.9,0.07,90.19,31.55%,-1.15%,,,,
10136,1975-12-31,54.9,0.055,90.19,31.55%,-1.15%,,,,
10137,1976-01-01,58.8,0.055,100.86,31.02%,11.83%,,,,
10167,1976-01-31,58.8,0.055,100.86,31.02%,11.83%,,,,
10168,1976-02-01,61.5,0.055,99.71,22.21%,-1.14%,,,,
10196,1976-02-29,61.5,0.055,99.71,22.21%,-1.14%,,,,
10197,1976-03-01,58.4,0.055,102.77,23.28%,3.07%,,,,
10227,1976-03-31,58.4,0.093,102.77,23.28%,3.07%,,,,
10228,1976-04-01,60.6,0.093,101.64,16.43%,-1.10%,,,,
10257,1976-04-30,60.6,0.093,101.64,16.43%,-1.10%,,,,
10258,1976-05-01,58.8,0.093,100.18,9.91%,-1.44%,,,,
10288,1976-05-31,58.8,0.093,100.18,9.91%,-1.44%,,,,
10289,1976-06-01,58.2,0.093,104.28,9.55%,4.09%,,,,
10318,1976-06-30,58.2,0.03,104.28,9.55%,4.09%,,,,
10319,1976-07-01,55.9,0.03,103.44,16.55%,-0.81%,,,,
10349,1976-07-31,55.9,0.03,103.44,16.55%,-0.81%,,,,
10350,1976-08-01,54.5,0.03,102.91,18.45%,-0.51%,,,,
10380,1976-08-31,54.5,0.03,102.91,18.45%,-0.51%,,,,
10381,1976-09-01,53.6,0.03,105.24,25.48%,2.26%,,,,
10410,1976-09-30,53.6,0.022,105.24,25.48%,2.26%,,,,
10411,1976-10-01,53.5,0.022,102.9,15.57%,-2.22%,,,,
10441,1976-10-31,53.5,0.022,102.9,15.57%,-2.22%,,,,
10442,1976-11-01,51.7,0.022,102.1,11.90%,-0.78%,,,,
10471,1976-11-30,51.7,0.022,102.1,11.90%,-0.78%,,,,
10472,1976-12-01,56.6,0.022,107.46,19.15%,5.25%,,,,
10502,1976-12-31,56.6,0.029,107.46,19.15%,5.25%,,,,
10503,1977-01-01,54.8,0.029,102.03,1.16%,-5.05%,,,,
10533,1977-01-31,54.8,0.029,102.03,1.16%,-5.05%,,,,
10534,1977-02-01,55.0,0.029,99.82,0.11%,-2.17%,,,,
10561,1977-02-28,55.0,0.029,99.82,0.11%,-2.17%,,,,
10562,1977-03-01,58.4,0.029,98.42,-4.23%,-1.40%,,,,
10592,1977-03-31,58.4,0.048,98.42,-4.23%,-1.40%,,,,
10593,1977-04-01,56.9,0.048,98.44,-3.15%,0.02%,,,,
10622,1977-04-30,56.9,0.048,98.44,-3.15%,0.02%,,,,
10623,1977-05-01,59.7,0.048,96.12,-4.05%,-2.36%,,,,
10653,1977-05-31,59.7,0.048,96.12,-4.05%,-2.36%,,,,
10654,1977-06-01,56.8,0.048,100.48,-3.64%,4.54%,,,,
10683,1977-06-30,56.8,0.08,100.48,-3.64%,4.54%,,,,
10684,1977-07-01,57.7,0.08,98.85,-4.44%,-1.62%,,,,
10714,1977-07-31,57.7,0.08,98.85,-4.44%,-1.62%,,,,
10715,1977-08-01,54.9,0.08,96.77,-5.97%,-2.10%,,,,
10745,1977-08-31,54.9,0.08,96.77,-5.97%,-2.10%,,,,
10746,1977-09-01,53.9,0.08,96.53,-8.28%,-0.25%,,,,
10775,1977-09-30,53.9,0.074,96.53,-8.28%,-0.25%,,,,
10776,1977-10-01,55.4,0.074,92.34,-10.26%,-4.34%,,,,
10806,1977-10-31,55.4,0.074,92.34,-10.26%,-4.34%,,,,
10807,1977-11-01,56.1,0.074,94.83,-7.12%,2.70%,,,,
10836,1977-11-30,56.1,0.074,94.83,-7.12%,2.70%,,,,
10837,1977-12-01,59.8,0.074,95.1,-11.50%,0.28%,,,,
10867,1977-12-31,59.8,0.0,95.1,-11.50%,0.28%,,,,
10868,1978-01-01,57.4,0.0,89.25,-12.53%,-6.15%,,,,
10898,1978-01-31,57.4,0.0,89.25,-12.53%,-6.15%,,,,
10899,1978-02-01,55.9,0.0,87.04,-12.80%,-2.48%,,,,
10926,1978-02-28,55.9,0.0,87.04,-12.80%,-2.48%,,,,
10927,1978-03-01,55.0,0.0,89.21,-9.36%,2.49%,,,,
10957,1978-03-31,55.0,0.013,89.21,-9.36%,2.49%,,,,
10958,1978-04-01,57.7,0.013,96.83,-1.64%,8.54%,,,,
10987,1978-04-30,57.7,0.013,96.83,-1.64%,8.54%,,,,
10988,1978-05-01,60.2,0.013,97.24,1.17%,0.42%,,,,
11018,1978-05-31,60.2,0.013,97.24,1.17%,0.42%,,,,
11019,1978-06-01,60.5,0.013,95.53,-4.93%,-1.76%,,,,
11048,1978-06-30,60.5,0.164,95.53,-4.93%,-1.76%,,,,
11049,1978-07-01,62.2,0.164,100.68,1.85%,5.39%,,,,
11079,1978-07-31,62.2,0.164,100.68,1.85%,5.39%,,,,
11080,1978-08-01,60.3,0.164,103.29,6.74%,2.59%,,,,
11110,1978-08-31,60.3,0.164,103.29,6.74%,2.59%,,,,
11111,1978-09-01,60.5,0.164,102.54,6.23%,-0.73%,,,,
11140,1978-09-30,60.5,0.041,102.54,6.23%,-0.73%,,,,
11141,1978-10-01,60.1,0.041,93.15,0.88%,-9.16%,,,,
11171,1978-10-31,60.1,0.041,93.15,0.88%,-9.16%,,,,
11172,1978-11-01,61.3,0.041,94.7,-0.14%,1.66%,,,,
11201,1978-11-30,61.3,0.041,94.7,-0.14%,1.66%,,,,
11202,1978-12-01,59.4,0.041,96.11,1.06%,1.49%,,,,
11232,1978-12-31,59.4,0.055,96.11,1.06%,1.49%,,,,
11233,1979-01-01,58.5,0.055,99.93,11.97%,3.97%,,,,
11263,1979-01-31,58.5,0.055,99.93,11.97%,3.97%,,,,
11264,1979-02-01,58.2,0.055,96.28,10.62%,-3.65%,,,,
11291,1979-02-28,58.2,0.055,96.28,10.62%,-3.65%,,,,
11292,1979-03-01,57.7,0.055,101.59,13.88%,5.52%,,,,
11322,1979-03-31,57.7,0.007,101.59,13.88%,5.52%,,,,
11323,1979-04-01,56.2,0.007,101.76,5.09%,0.17%,,,,
11352,1979-04-30,56.2,0.007,101.76,5.09%,0.17%,,,,
11353,1979-05-01,54.4,0.007,99.08,1.89%,-2.63%,,,,
11383,1979-05-31,54.4,0.007,99.08,1.89%,-2.63%,,,,
11384,1979-06-01,52.7,0.007,102.91,7.73%,3.87%,,,,
11413,1979-06-30,52.7,0.004,102.91,7.73%,3.87%,,,,
11414,1979-07-01,51.3,0.004,103.81,3.11%,0.87%,,,,
11444,1979-07-31,51.3,0.004,103.81,3.11%,0.87%,,,,
11445,1979-08-01,49.5,0.004,109.32,5.84%,5.31%,,,,
11475,1979-08-31,49.5,0.004,109.32,5.84%,5.31%,,,,
11476,1979-09-01,49.6,0.004,109.32,6.61%,0.00%,,,,
11505,1979-09-30,49.6,0.03,109.32,6.61%,0.00%,,,,
11506,1979-10-01,49.0,0.03,101.82,9.31%,-6.86%,,,,
11536,1979-10-31,49.0,0.03,101.82,9.31%,-6.86%,,,,
11537,1979-11-01,48.0,0.03,106.16,12.10%,4.26%,,,,
11566,1979-11-30,48.0,0.03,106.16,12.10%,4.26%,,,,
11567,1979-12-01,44.8,0.03,107.94,12.31%,1.68%,,,,
11597,1979-12-31,44.8,0.01,107.94,12.31%,1.68%,,,,
11598,1980-01-01,46.2,0.01,114.16,14.24%,5.76%,,,,
11628,1980-01-31,46.2,0.01,114.16,14.24%,5.76%,,,,
11629,1980-02-01,50.2,0.01,113.66,18.05%,-0.44%,,,,
11657,1980-02-29,50.2,0.01,113.66,18.05%,-0.44%,,,,
11658,1980-03-01,43.6,0.01,102.09,0.49%,-10.18%,,,,
11688,1980-03-31,43.6,0.013,102.09,0.49%,-10.18%,,,,
11689,1980-04-01,37.4,0.013,106.29,4.45%,4.11%,,,,
11718,1980-04-30,37.4,0.013,106.29,4.45%,4.11%,,,,
11719,1980-05-01,29.4,0.013,111.24,12.27%,4.66%,,,,
11749,1980-05-31,29.4,0.013,111.24,12.27%,4.66%,,,,
11750,1980-06-01,30.3,0.013,114.24,11.01%,2.70%,,,,
11779,1980-06-30,30.3,-0.08,114.24,11.01%,2.70%,,,,
11780,1980-07-01,35.0,-0.08,121.67,17.20%,6.50%,,,,
11810,1980-07-31,35.0,-0.08,121.67,17.20%,6.50%,,,,
11811,1980-08-01,45.5,-0.08,122.38,11.95%,0.58%,,,,
11841,1980-08-31,45.5,-0.08,122.38,11.95%,0.58%,,,,
11842,1980-09-01,50.1,-0.08,125.46,14.76%,2.52%,,,,
11871,1980-09-30,50.1,-0.005,125.46,14.76%,2.52%,,,,
11872,1980-10-01,55.5,-0.005,127.47,25.19%,1.60%,,,,
11902,1980-10-31,55.5,-0.005,127.47,25.19%,1.60%,,,,
11903,1980-11-01,58.2,-0.005,140.52,32.37%,10.24%,,,,
11932,1980-11-30,58.2,-0.005,140.52,32.37%,10.24%,,,,
11933,1980-12-01,53.0,-0.005,135.76,25.77%,-3.39%,,,,
11963,1980-12-31,53.0,0.077,135.76,25.77%,-3.39%,,,,
11964,1981-01-01,49.2,0.077,129.55,13.48%,-4.57%,,,,
11994,1981-01-31,49.2,0.077,129.55,13.48%,-4.57%,,,,
11995,1981-02-01,48.8,0.077,131.27,15.49%,1.33%,,,,
12022,1981-02-28,48.8,0.077,131.27,15.49%,1.33%,,,,
12023,1981-03-01,49.6,0.077,136.0,33.22%,3.60%,,,,
12053,1981-03-31,49.6,0.081,136.0,33.22%,3.60%,,,,
12054,1981-04-01,51.6,0.081,132.81,24.95%,-2.35%,,,,
12083,1981-04-30,51.6,0.081,132.81,24.95%,-2.35%,,,,
12084,1981-05-01,53.5,0.081,132.59,19.19%,-0.17%,,,,
12114,1981-05-31,53.5,0.081,132.59,19.19%,-0.17%,,,,
12115,1981-06-01,50.7,0.081,131.21,14.85%,-1.04%,,,,
12144,1981-06-30,50.7,-0.029,131.21,14.85%,-1.04%,,,,
12145,1981-07-01,46.7,-0.029,130.92,7.60%,-0.22%,,,,
12175,1981-07-31,46.7,-0.029,130.92,7.60%,-0.22%,,,,
12176,1981-08-01,48.3,-0.029,122.79,0.34%,-6.21%,,,,
12206,1981-08-31,48.3,-0.029,122.79,0.34%,-6.21%,,,,
12207,1981-09-01,42.5,-0.029,116.18,-7.40%,-5.38%,,,,
12236,1981-09-30,42.5,0.049,116.18,-7.40%,-5.38%,,,,
12237,1981-10-01,40.0,0.049,121.89,-4.38%,4.91%,,,,
12267,1981-10-31,40.0,0.049,121.89,-4.38%,4.91%,,,,
12268,1981-11-01,36.1,0.049,126.35,-10.08%,3.66%,,,,
12297,1981-11-30,36.1,0.049,126.35,-10.08%,3.66%,,,,
12298,1981-12-01,37.8,0.049,122.55,-9.73%,-3.01%,,,,
12328,1981-12-31,37.8,-0.043,122.55,-9.73%,-3.01%,,,,
12329,1982-01-01,38.2,-0.043,120.4,-7.06%,-1.75%,,,,
12359,1982-01-31,38.2,-0.043,120.4,-7.06%,-1.75%,,,,
12360,1982-02-01,38.3,-0.043,113.11,-13.83%,-6.05%,,,,
12387,1982-02-28,38.3,-0.043,113.11,-13.83%,-6.05%,,,,
12388,1982-03-01,36.8,-0.043,111.96,-17.68%,-1.02%,,,,
12418,1982-03-31,36.8,-0.061,111.96,-17.68%,-1.02%,,,,
12419,1982-04-01,37.8,-0.061,116.44,-12.33%,4.00%,,,,
12448,1982-04-30,37.8,-0.061,116.44,-12.33%,4.00%,,,,
12449,1982-05-01,35.5,-0.061,111.88,-15.62%,-3.92%,,,,
12479,1982-05-31,35.5,-0.061,111.88,-15.62%,-3.92%,,,,
12480,1982-06-01,38.3,-0.061,109.61,-16.46%,-2.03%,,,,
12509,1982-06-30,38.3,0.018,109.61,-16.46%,-2.03%,,,,
12510,1982-07-01,38.4,0.018,107.09,-18.20%,-2.30%,,,,
12540,1982-07-31,38.4,0.018,107.09,-18.20%,-2.30%,,,,
12541,1982-08-01,38.3,0.018,119.51,-2.67%,11.60%,,,,
12571,1982-08-31,38.3,0.018,119.51,-2.67%,11.60%,,,,
12572,1982-09-01,38.8,0.018,120.42,3.65%,0.76%,,,,
12601,1982-09-30,38.8,-0.015,120.42,3.65%,0.76%,,,,
12602,1982-10-01,39.4,-0.015,133.71,9.70%,11.04%,,,,
12632,1982-10-31,39.4,-0.015,133.71,9.70%,11.04%,,,,
12633,1982-11-01,39.2,-0.015,138.54,9.65%,3.61%,,,,
12662,1982-11-30,39.2,-0.015,138.54,9.65%,3.61%,,,,
12663,1982-12-01,42.8,-0.015,140.64,14.76%,1.52%,,,,
12693,1982-12-31,42.8,0.002,140.64,14.76%,1.52%,,,,
12694,1983-01-01,46.0,0.002,145.3,20.68%,3.31%,,,,
12724,1983-01-31,46.0,0.002,145.3,20.68%,3.31%,,,,
12725,1983-02-01,54.4,0.002,148.06,30.90%,1.90%,,,,
12752,1983-02-28,54.4,0.002,148.06,30.90%,1.90%,,,,
12753,1983-03-01,53.9,0.002,152.96,36.62%,3.31%,,,,
12783,1983-03-31,53.9,0.054,152.96,36.62%,3.31%,,,,
12784,1983-04-01,54.2,0.054,164.42,41.21%,7.49%,,,,
12813,1983-04-30,54.2,0.054,164.42,41.21%,7.49%,,,,
12814,1983-05-01,56.1,0.054,162.39,45.15%,-1.23%,,,,
12844,1983-05-31,56.1,0.054,162.39,45.15%,-1.23%,,,,
12845,1983-06-01,57.5,0.054,168.11,53.37%,3.52%,,,,
12874,1983-06-30,57.5,0.094,168.11,53.37%,3.52%,,,,
12875,1983-07-01,63.6,0.094,162.56,51.80%,-3.30%,,,,
12905,1983-07-31,63.6,0.094,162.56,51.80%,-3.30%,,,,
12906,1983-08-01,63.1,0.094,164.4,37.56%,1.13%,,,,
12936,1983-08-31,63.1,0.094,164.4,37.56%,1.13%,,,,
12937,1983-09-01,62.5,0.094,166.07,37.91%,1.02%,,,,
12966,1983-09-30,62.5,0.082,166.07,37.91%,1.02%,,,,
12967,1983-10-01,64.4,0.082,163.55,22.32%,-1.52%,,,,
12997,1983-10-31,64.4,0.082,163.55,22.32%,-1.52%,,,,
12998,1983-11-01,66.0,0.082,166.4,20.11%,1.74%,,,,
13027,1983-11-30,66.0,0.082,166.4,20.11%,1.74%,,,,
13028,1983-12-01,69.9,0.082,164.93,17.27%,-0.88%,,,,
13058,1983-12-31,69.9,0.086,164.93,17.27%,-0.88%,,,,
13059,1984-01-01,60.5,0.086,163.41,12.46%,-0.92%,,,,
13089,1984-01-31,60.5,0.086,163.41,12.46%,-0.92%,,,,
13090,1984-02-01,61.3,0.086,157.06,6.08%,-3.89%,,,,
13118,1984-02-29,61.3,0.086,157.06,6.08%,-3.89%,,,,
13119,1984-03-01,58.9,0.086,159.18,4.07%,1.35%,,,,
13149,1984-03-31,58.9,0.081,159.18,4.07%,1.35%,,,,
13150,1984-04-01,61.0,0.081,160.05,-2.66%,0.55%,,,,
13179,1984-04-30,61.0,0.081,160.05,-2.66%,0.55%,,,,
13180,1984-05-01,58.6,0.081,150.55,-7.29%,-5.94%,,,,
13210,1984-05-31,58.6,0.081,150.55,-7.29%,-5.94%,,,,
13211,1984-06-01,58.1,0.081,153.18,-8.88%,1.75%,,,,
13240,1984-06-30,58.1,0.071,153.18,-8.88%,1.75%,,,,
13241,1984-07-01,56.1,0.071,150.66,-7.32%,-1.65%,,,,
13271,1984-07-31,56.1,0.071,150.66,-7.32%,-1.65%,,,,
13272,1984-08-01,53.0,0.071,166.68,1.39%,10.63%,,,,
13302,1984-08-31,53.0,0.071,166.68,1.39%,10.63%,,,,
13303,1984-09-01,50.0,0.071,166.1,0.02%,-0.35%,,,,
13332,1984-09-30,50.0,0.039,166.1,0.02%,-0.35%,,,,
13333,1984-10-01,50.8,0.039,166.09,1.55%,-0.01%,,,,
13363,1984-10-31,50.8,0.039,166.09,1.55%,-0.01%,,,,
13364,1984-11-01,50.3,0.039,163.58,-1.69%,-1.51%,,,,
13393,1984-11-30,50.3,0.039,163.58,-1.69%,-1.51%,,,,
13394,1984-12-01,50.6,0.039,167.24,1.40%,2.24%,,,,
13424,1984-12-31,50.6,0.033,167.24,1.40%,2.24%,,,,
13425,1985-01-01,50.3,0.033,179.63,9.93%,7.41%,,,,
13455,1985-01-31,50.3,0.033,179.63,9.93%,7.41%,,,,
13456,1985-02-01,49.9,0.033,181.18,15.36%,0.86%,,,,
13483,1985-02-28,49.9,0.033,181.18,15.36%,0.86%,,,,
13484,1985-03-01,47.8,0.033,180.66,13.49%,-0.29%,,,,
13514,1985-03-31,47.8,0.039,180.66,13.49%,-0.29%,,,,
13515,1985-04-01,48.2,0.039,179.83,12.36%,-0.46%,,,,
13544,1985-04-30,48.2,0.039,179.83,12.36%,-0.46%,,,,
13545,1985-05-01,47.1,0.039,189.55,25.91%,5.41%,,,,
13575,1985-05-31,47.1,0.039,189.55,25.91%,5.41%,,,,
13576,1985-06-01,47.8,0.039,191.85,25.24%,1.21%,,,,
13605,1985-06-30,47.8,0.036,191.85,25.24%,1.21%,,,,
13606,1985-07-01,47.9,0.036,190.92,26.72%,-0.48%,,,,
13636,1985-07-31,47.9,0.036,190.92,26.72%,-0.48%,,,,
13637,1985-08-01,47.7,0.036,188.63,13.17%,-1.20%,,,,
13667,1985-08-31,47.7,0.036,188.63,13.17%,-1.20%,,,,
13668,1985-09-01,49.9,0.036,182.08,9.62%,-3.47%,,,,
13697,1985-09-30,49.9,0.062,182.08,9.62%,-3.47%,,,,
13698,1985-10-01,50.9,0.062,189.82,14.29%,4.25%,,,,
13728,1985-10-31,50.9,0.062,189.82,14.29%,4.25%,,,,
13729,1985-11-01,52.0,0.062,202.17,23.59%,6.51%,,,,
13758,1985-11-30,52.0,0.062,202.17,23.59%,6.51%,,,,
13759,1985-12-01,50.7,0.062,211.28,26.33%,4.51%,,,,
13789,1985-12-31,50.7,0.03,211.28,26.33%,4.51%,,,,
13790,1986-01-01,51.2,0.03,211.78,17.90%,0.24%,,,,
13820,1986-01-31,51.2,0.03,211.78,17.90%,0.24%,,,,
13821,1986-02-01,51.0,0.03,226.92,25.25%,7.15%,,,,
13848,1986-02-28,51.0,0.03,226.92,25.25%,7.15%,,,,
13849,1986-03-01,51.0,0.03,238.9,32.24%,5.28%,,,,
13879,1986-03-31,51.0,0.038,238.9,32.24%,5.28%,,,,
13880,1986-04-01,49.7,0.038,235.52,30.97%,-1.41%,,,,
13909,1986-04-30,49.7,0.038,235.52,30.97%,-1.41%,,,,
13910,1986-05-01,53.4,0.038,247.35,30.49%,5.02%,,,,
13940,1986-05-31,53.4,0.038,247.35,30.49%,5.02%,,,,
13941,1986-06-01,50.5,0.038,250.84,30.75%,1.41%,,,,
13970,1986-06-30,50.5,0.018,250.84,30.75%,1.41%,,,,
13971,1986-07-01,48.0,0.018,236.12,23.67%,-5.87%,,,,
14001,1986-07-31,48.0,0.018,236.12,23.67%,-5.87%,,,,
14002,1986-08-01,52.6,0.018,252.93,34.09%,7.12%,,,,
14032,1986-08-31,52.6,0.018,252.93,34.09%,7.12%,,,,
14033,1986-09-01,52.4,0.018,231.32,27.04%,-8.54%,,,,
14062,1986-09-30,52.4,0.039,231.32,27.04%,-8.54%,,,,
14063,1986-10-01,51.2,0.039,243.98,28.53%,5.47%,,,,
14093,1986-10-31,51.2,0.039,243.98,28.53%,5.47%,,,,
14094,1986-11-01,51.2,0.039,249.22,23.27%,2.15%,,,,
14123,1986-11-30,51.2,0.039,249.22,23.27%,2.15%,,,,
14124,1986-12-01,50.5,0.039,242.17,14.62%,-2.83%,,,,
14154,1986-12-31,50.5,0.022,242.17,14.62%,-2.83%,,,,
14155,1987-01-01,54.9,0.022,274.08,29.42%,13.18%,,,,
14185,1987-01-31,54.9,0.022,274.08,29.42%,13.18%,,,,
14186,1987-02-01,52.6,0.022,284.2,25.24%,3.69%,,,,
14213,1987-02-28,52.6,0.022,284.2,25.24%,3.69%,,,,
14214,1987-03-01,55.0,0.022,291.7,22.10%,2.64%,,,,
14244,1987-03-31,55.0,0.03,291.7,22.10%,2.64%,,,,
14245,1987-04-01,55.5,0.03,288.36,22.44%,-1.15%,,,,
14274,1987-04-30,55.5,0.03,288.36,22.44%,-1.15%,,,,
14275,1987-05-01,57.2,0.03,290.1,17.28%,0.60%,,,,
14305,1987-05-31,57.2,0.03,290.1,17.28%,0.60%,,,,
14306,1987-06-01,57.4,0.03,304.0,21.19%,4.79%,,,,
14335,1987-06-30,57.4,0.044,304.0,21.19%,4.79%,,,,
14336,1987-07-01,57.5,0.044,318.66,34.96%,4.82%,,,,
14366,1987-07-31,57.5,0.044,318.66,34.96%,4.82%,,,,
14367,1987-08-01,59.3,0.044,329.8,30.39%,3.50%,,,,
14397,1987-08-31,59.3,0.044,329.8,30.39%,3.50%,,,,
14398,1987-09-01,60.0,0.044,321.83,39.13%,-2.42%,,,,
14427,1987-09-30,60.0,0.035,321.83,39.13%,-2.42%,,,,
14428,1987-10-01,60.7,0.035,251.79,3.20%,-21.76%,,,,
14458,1987-10-31,60.7,0.035,251.79,3.20%,-21.76%,,,,
14459,1987-11-01,58.8,0.035,230.3,-7.59%,-8.53%,,,,
14488,1987-11-30,58.8,0.035,230.3,-7.59%,-8.53%,,,,
14489,1987-12-01,61.0,0.035,247.08,2.03%,7.29%,,,,
14519,1987-12-31,61.0,0.07,247.08,2.03%,7.29%,,,,
14520,1988-01-01,57.5,0.07,257.07,-6.21%,4.04%,,,,
14550,1988-01-31,57.5,0.07,257.07,-6.21%,4.04%,,,,
14551,1988-02-01,56.2,0.07,267.82,-5.76%,4.18%,,,,
14579,1988-02-29,56.2,0.07,267.82,-5.76%,4.18%,,,,
14580,1988-03-01,54.6,0.07,258.89,-11.25%,-3.33%,,,,
14610,1988-03-31,54.6,0.021,258.89,-11.25%,-3.33%,,,,
14611,1988-04-01,55.8,0.021,261.33,-9.37%,0.94%,,,,
14640,1988-04-30,55.8,0.021,261.33,-9.37%,0.94%,,,,
14641,1988-05-01,55.5,0.021,262.16,-9.63%,0.32%,,,,
14671,1988-05-31,55.5,0.021,262.16,-9.63%,0.32%,,,,
14672,1988-06-01,59.3,0.021,273.5,-10.03%,4.33%,,,,
14701,1988-06-30,59.3,0.054,273.5,-10.03%,4.33%,,,,
14702,1988-07-01,58.2,0.054,272.02,-14.64%,-0.54%,,,,
14732,1988-07-31,58.2,0.054,272.02,-14.64%,-0.54%,,,,
14733,1988-08-01,56.0,0.054,261.52,-20.70%,-3.86%,,,,
14763,1988-08-31,56.0,0.054,261.52,-20.70%,-3.86%,,,,
14764,1988-09-01,54.5,0.054,271.91,-15.51%,3.97%,,,,
14793,1988-09-30,54.5,0.024,271.91,-15.51%,3.97%,,,,
14794,1988-10-01,55.4,0.024,278.97,10.79%,2.60%,,,,
14824,1988-10-31,55.4,0.024,278.97,10.79%,2.60%,,,,
14825,1988-11-01,55.6,0.024,273.7,18.84%,-1.89%,,,,
14854,1988-11-30,55.6,0.024,273.7,18.84%,-1.89%,,,,
14855,1988-12-01,56.0,0.024,277.72,12.40%,1.47%,,,,
14885,1988-12-31,56.0,0.054,277.72,12.40%,1.47%,,,,
14886,1989-01-01,54.7,0.054,297.47,15.72%,7.11%,,,,
14916,1989-01-31,54.7,0.054,297.47,15.72%,7.11%,,,,
14917,1989-02-01,54.1,0.054,288.86,7.86%,-2.89%,,,,
14944,1989-02-28,54.1,0.054,288.86,7.86%,-2.89%,,,,
14945,1989-03-01,51.5,0.054,294.87,13.90%,2.08%,,,,
14975,1989-03-31,51.5,0.041,294.87,13.90%,2.08%,,,,
14976,1989-04-01,52.2,0.041,309.64,18.49%,5.01%,,,,
15005,1989-04-30,52.2,0.041,309.64,18.49%,5.01%,,,,
15006,1989-05-01,49.3,0.041,320.52,22.26%,3.51%,,,,
15036,1989-05-31,49.3,0.041,320.52,22.26%,3.51%,,,,
15037,1989-06-01,47.3,0.041,317.98,16.26%,-0.79%,,,,
15066,1989-06-30,47.3,0.031,317.98,16.26%,-0.79%,,,,
15067,1989-07-01,45.9,0.031,346.08,27.23%,8.84%,,,,
15097,1989-07-31,45.9,0.031,346.08,27.23%,8.84%,,,,
15098,1989-08-01,45.1,0.031,351.45,34.39%,1.55%,,,,
15128,1989-08-31,45.1,0.031,351.45,34.39%,1.55%,,,,
15129,1989-09-01,46.0,0.031,349.15,28.41%,-0.65%,,,,
15158,1989-09-30,46.0,0.03,349.15,28.41%,-0.65%,,,,
15159,1989-10-01,46.8,0.03,340.36,22.01%,-2.52%,,,,
15189,1989-10-31,46.8,0.03,340.36,22.01%,-2.52%,,,,
15190,1989-11-01,46.8,0.03,345.99,26.41%,1.65%,,,,
15219,1989-11-30,46.8,0.03,345.99,26.41%,1.65%,,,,
15220,1989-12-01,47.4,0.03,353.4,27.25%,2.14%,,,,
15250,1989-12-31,47.4,0.008,353.4,27.25%,2.14%,,,,
15251,1990-01-01,47.2,0.008,329.08,10.63%,-6.88%,,,,
15281,1990-01-31,47.2,0.008,329.08,10.63%,-6.88%,,,,
15282,1990-02-01,49.1,0.008,331.89,14.90%,0.85%,,,,
15309,1990-02-28,49.1,0.008,331.89,14.90%,0.85%,,,,
15310,1990-03-01,49.9,0.008,339.94,15.28%,2.43%,,,,
15340,1990-03-31,49.9,0.044,339.94,15.28%,2.43%,,,,
15341,1990-04-01,50.0,0.044,330.8,6.83%,-2.69%,,,,
15370,1990-04-30,50.0,0.044,330.8,6.83%,-2.69%,,,,
15371,1990-05-01,49.5,0.044,361.23,12.70%,9.20%,,,,
15401,1990-05-31,49.5,0.044,361.23,12.70%,9.20%,,,,
15402,1990-06-01,49.2,0.044,358.02,12.59%,-0.89%,,,,
15431,1990-06-30,49.2,0.015,358.02,12.59%,-0.89%,,,,
15432,1990-07-01,46.6,0.015,356.15,2.91%,-0.52%,,,,
15462,1990-07-31,46.6,0.015,356.15,2.91%,-0.52%,,,,
15463,1990-08-01,46.1,0.015,322.56,-8.22%,-9.43%,,,,
15493,1990-08-31,46.1,0.015,322.56,-8.22%,-9.43%,,,,
15494,1990-09-01,44.5,0.015,306.05,-12.34%,-5.12%,,,,
15523,1990-09-30,44.5,0.003,306.05,-12.34%,-5.12%,,,,
15524,1990-10-01,43.2,0.003,304.0,-10.68%,-0.67%,,,,
15554,1990-10-31,43.2,0.003,304.0,-10.68%,-0.67%,,,,
15555,1990-11-01,41.3,0.003,322.22,-6.87%,5.99%,,,,
15584,1990-11-30,41.3,0.003,322.22,-6.87%,5.99%,,,,
15585,1990-12-01,40.8,0.003,330.22,-6.56%,2.48%,,,,
15615,1990-12-31,40.8,-0.036,330.22,-6.56%,2.48%,,,,
15616,1991-01-01,39.2,-0.036,343.93,4.51%,4.15%,,,,
15646,1991-01-31,39.2,-0.036,343.93,4.51%,4.15%,,,,
15647,1991-02-01,39.4,-0.036,367.07,10.60%,6.73%,,,,
15674,1991-02-28,39.4,-0.036,367.07,10.60%,6.73%,,,,
15675,1991-03-01,40.7,-0.036,375.22,10.38%,2.22%,,,,
15705,1991-03-31,40.7,-0.019,375.22,10.38%,2.22%,,,,
15706,1991-04-01,42.8,-0.019,375.35,13.47%,0.03%,,,,
15735,1991-04-30,42.8,-0.019,375.35,13.47%,0.03%,,,,
15736,1991-05-01,44.5,-0.019,389.83,7.92%,3.86%,,,,
15766,1991-05-31,44.5,-0.019,389.83,7.92%,3.86%,,,,
15767,1991-06-01,50.3,-0.019,371.16,3.67%,-4.79%,,,,
15796,1991-06-30,50.3,0.032,371.16,3.67%,-4.79%,,,,
15797,1991-07-01,50.6,0.032,387.81,8.89%,4.49%,,,,
15827,1991-07-31,50.6,0.032,387.81,8.89%,4.49%,,,,
15828,1991-08-01,52.9,0.032,395.43,22.59%,1.96%,,,,
15858,1991-08-31,52.9,0.032,395.43,22.59%,1.96%,,,,
15859,1991-09-01,54.9,0.032,387.86,26.73%,-1.91%,,,,
15888,1991-09-30,54.9,0.02,387.86,26.73%,-1.91%,,,,
15889,1991-10-01,53.1,0.02,392.46,29.10%,1.19%,,,,
15919,1991-10-31,53.1,0.02,392.46,29.10%,1.19%,,,,
15920,1991-11-01,49.5,0.02,375.22,16.45%,-4.39%,,,,
15949,1991-11-30,49.5,0.02,375.22,16.45%,-4.39%,,,,
15950,1991-12-01,46.8,0.02,417.09,26.31%,11.16%,,,,
15980,1991-12-31,46.8,0.014,417.09,26.31%,11.16%,,,,
15981,1992-01-01,47.3,0.014,408.79,18.86%,-1.99%,,,,
16011,1992-01-31,47.3,0.014,408.79,18.86%,-1.99%,,,,
16012,1992-02-01,52.7,0.014,412.7,12.43%,0.96%,,,,
16040,1992-02-29,52.7,0.014,412.7,12.43%,0.96%,,,,
16041,1992-03-01,54.6,0.014,403.69,7.59%,-2.18%,,,,
16071,1992-03-31,54.6,0.049,403.69,7.59%,-2.18%,,,,
16072,1992-04-01,52.6,0.049,414.95,10.55%,2.79%,,,,
16101,1992-04-30,52.6,0.049,414.95,10.55%,2.79%,,,,
16102,1992-05-01,55.7,0.049,415.35,6.55%,0.10%,,,,
16132,1992-05-31,55.7,0.049,415.35,6.55%,0.10%,,,,
16133,1992-06-01,53.6,0.049,408.14,9.96%,-1.74%,,,,
16162,1992-06-30,53.6,0.044,408.14,9.96%,-1.74%,,,,
16163,1992-07-01,53.9,0.044,424.21,9.39%,3.94%,,,,
16193,1992-07-31,53.9,0.044,424.21,9.39%,3.94%,,,,
16194,1992-08-01,53.4,0.044,414.03,4.70%,-2.40%,,,,
16224,1992-08-31,53.4,0.044,414.03,4.70%,-2.40%,,,,
16225,1992-09-01,49.7,0.044,417.8,7.72%,0.91%,,,,
16254,1992-09-30,49.7,0.04,417.8,7.72%,0.91%,,,,
16255,1992-10-01,50.3,0.04,418.68,6.68%,0.21%,,,,
16285,1992-10-31,50.3,0.04,418.68,6.68%,0.21%,,,,
16286,1992-11-01,53.6,0.04,431.35,14.96%,3.03%,,,,
16315,1992-11-30,53.6,0.04,431.35,14.96%,3.03%,,,,
16316,1992-12-01,54.2,0.04,435.71,4.46%,1.01%,,,,
16346,1992-12-31,54.2,0.042,435.71,4.46%,1.01%,,,,
16347,1993-01-01,55.8,0.042,438.78,7.34%,0.70%,,,,
16377,1993-01-31,55.8,0.042,438.78,7.34%,0.70%,,,,
16378,1993-02-01,55.2,0.042,443.38,7.43%,1.05%,,,,
16405,1993-02-28,55.2,0.042,443.38,7.43%,1.05%,,,,
16406,1993-03-01,53.5,0.042,451.67,11.89%,1.87%,,,,
16436,1993-03-31,53.5,0.007,451.67,11.89%,1.87%,,,,
16437,1993-04-01,50.2,0.007,440.19,6.08%,-2.54%,,,,
16466,1993-04-30,50.2,0.007,440.19,6.08%,-2.54%,,,,
16467,1993-05-01,51.2,0.007,450.19,8.39%,2.27%,,,,
16497,1993-05-31,51.2,0.007,450.19,8.39%,2.27%,,,,
16498,1993-06-01,49.6,0.007,450.53,10.39%,0.08%,,,,
16527,1993-06-30,49.6,0.023,450.53,10.39%,0.08%,,,,
16528,1993-07-01,50.2,0.023,448.13,5.64%,-0.53%,,,,
16558,1993-07-31,50.2,0.023,448.13,5.64%,-0.53%,,,,
16559,1993-08-01,50.7,0.023,463.56,11.96%,3.44%,,,,
16589,1993-08-31,50.7,0.023,463.56,11.96%,3.44%,,,,
16590,1993-09-01,50.8,0.023,458.93,9.84%,-1.00%,,,,
16619,1993-09-30,50.8,0.019,458.93,9.84%,-1.00%,,,,
16620,1993-10-01,53.4,0.019,467.83,11.74%,1.94%,,,,
16650,1993-10-31,53.4,0.019,467.83,11.74%,1.94%,,,,
16651,1993-11-01,53.8,0.019,461.79,7.06%,-1.29%,,,,
16680,1993-11-30,53.8,0.019,461.79,7.06%,-1.29%,,,,
16681,1993-12-01,55.6,0.019,466.45,7.06%,1.01%,,,,
16711,1993-12-31,55.6,0.056,466.45,7.06%,1.01%,,,,
16712,1994-01-01,56.0,0.056,481.61,9.76%,3.25%,,,,
16742,1994-01-31,56.0,0.056,481.61,9.76%,3.25%,,,,
16743,1994-02-01,56.5,0.056,467.14,5.36%,-3.00%,,,,
16770,1994-02-28,56.5,0.056,467.14,5.36%,-3.00%,,,,
16771,1994-03-01,56.9,0.056,445.77,-1.31%,-4.57%,,,,
16801,1994-03-31,56.9,0.039,445.77,-1.31%,-4.57%,,,,
16802,1994-04-01,57.4,0.039,450.91,2.44%,1.15%,,,,
16831,1994-04-30,57.4,0.039,450.91,2.44%,1.15%,,,,
16832,1994-05-01,58.2,0.039,456.5,1.40%,1.24%,,,,
16862,1994-05-31,58.2,0.039,456.5,1.40%,1.24%,,,,
16863,1994-06-01,58.8,0.039,444.27,-1.39%,-2.68%,,,,
16892,1994-06-30,58.8,0.055,444.27,-1.39%,-2.68%,,,,
16893,1994-07-01,58.5,0.055,458.26,2.26%,3.15%,,,,
16923,1994-07-31,58.5,0.055,458.26,2.26%,3.15%,,,,
16924,1994-08-01,58.0,0.055,475.49,2.57%,3.76%,,,,
16954,1994-08-31,58.0,0.055,475.49,2.57%,3.76%,,,,
16955,1994-09-01,59.0,0.055,462.69,0.82%,-2.69%,,,,
16984,1994-09-30,59.0,0.024,462.69,0.82%,-2.69%,,,,
16985,1994-10-01,59.4,0.024,472.35,0.97%,2.09%,,,,
17015,1994-10-31,59.4,0.024,472.35,0.97%,2.09%,,,,
17016,1994-11-01,59.2,0.024,453.69,-1.75%,-3.95%,,,,
17045,1994-11-30,59.2,0.024,453.69,-1.75%,-3.95%,,,,
17046,1994-12-01,56.1,0.024,459.27,-1.54%,1.23%,,,,
17076,1994-12-31,56.1,0.047,459.27,-1.54%,1.23%,,,,
17077,1995-01-01,57.4,0.047,470.42,-2.32%,2.43%,,,,
17107,1995-01-31,57.4,0.047,470.42,-2.32%,2.43%,,,,
17108,1995-02-01,55.1,0.047,487.39,4.33%,3.61%,,,,
17135,1995-02-28,55.1,0.047,487.39,4.33%,3.61%,,,,
17136,1995-03-01,52.1,0.047,500.71,12.32%,2.73%,,,,
17166,1995-03-31,52.1,0.014,500.71,12.32%,2.73%,,,,
17167,1995-04-01,51.5,0.014,514.71,14.15%,2.80%,,,,
17196,1995-04-30,51.5,0.014,514.71,14.15%,2.80%,,,,
17197,1995-05-01,46.7,0.014,533.4,16.85%,3.63%,,,,
17227,1995-05-31,46.7,0.014,533.4,16.85%,3.63%,,,,
17228,1995-06-01,45.9,0.014,544.75,22.62%,2.13%,,,,
17257,1995-06-30,45.9,0.012,544.75,22.62%,2.13%,,,,
17258,1995-07-01,50.7,0.012,562.06,22.65%,3.18%,,,,
17288,1995-07-31,50.7,0.012,562.06,22.65%,3.18%,,,,
17289,1995-08-01,47.1,0.012,561.88,18.17%,-0.03%,,,,
17319,1995-08-31,47.1,0.012,561.88,18.17%,-0.03%,,,,
17320,1995-09-01,48.1,0.012,584.41,26.31%,4.01%,,,,
17349,1995-09-30,48.1,0.035,584.41,26.31%,4.01%,,,,
17350,1995-10-01,46.7,0.035,581.5,23.11%,-0.50%,,,,
17380,1995-10-31,46.7,0.035,581.5,23.11%,-0.50%,,,,
17381,1995-11-01,45.9,0.035,605.37,33.43%,4.10%,,,,
17410,1995-11-30,45.9,0.035,605.37,33.43%,4.10%,,,,
17411,1995-12-01,46.2,0.035,615.93,34.11%,1.74%,,,,
17441,1995-12-31,46.2,0.027,615.93,34.11%,1.74%,,,,
17442,1996-01-01,45.5,0.027,636.02,35.20%,3.26%,,,,
17472,1996-01-31,45.5,0.027,636.02,35.20%,3.26%,,,,
17473,1996-02-01,45.9,0.027,640.43,31.40%,0.69%,,,,
17501,1996-02-29,45.9,0.027,640.43,31.40%,0.69%,,,,
17502,1996-03-01,46.9,0.027,645.5,28.92%,0.79%,,,,
17532,1996-03-31,46.9,0.03,645.5,28.92%,0.79%,,,,
17533,1996-04-01,49.3,0.03,654.17,27.09%,1.34%,,,,
17562,1996-04-30,49.3,0.03,654.17,27.09%,1.34%,,,,
17563,1996-05-01,49.1,0.03,669.12,25.44%,2.29%,,,,
17593,1996-05-31,49.1,0.03,669.12,25.44%,2.29%,,,,
17594,1996-06-01,53.6,0.03,670.63,23.11%,0.23%,,,,
17623,1996-06-30,53.6,0.068,670.63,23.11%,0.23%,,,,
17624,1996-07-01,49.7,0.068,639.95,13.86%,-4.57%,,,,
17654,1996-07-31,49.7,0.068,639.95,13.86%,-4.57%,,,,
17655,1996-08-01,51.6,0.068,651.99,16.04%,1.88%,,,,
17685,1996-08-31,51.6,0.068,651.99,16.04%,1.88%,,,,
17686,1996-09-01,51.1,0.068,687.31,17.61%,5.42%,,,,
17715,1996-09-30,51.1,0.036,687.31,17.61%,5.42%,,,,
17716,1996-10-01,50.5,0.036,705.27,21.28%,2.61%,,,,
17746,1996-10-31,50.5,0.036,705.27,21.28%,2.61%,,,,
17747,1996-11-01,53.0,0.036,757.02,25.05%,7.34%,,,,
17776,1996-11-30,53.0,0.036,757.02,25.05%,7.34%,,,,
17777,1996-12-01,55.2,0.036,740.74,20.26%,-2.15%,,,,
17807,1996-12-31,55.2,0.042,740.74,20.26%,-2.15%,,,,
17808,1997-01-01,53.8,0.042,786.16,23.61%,6.13%,,,,
17838,1997-01-31,53.8,0.042,786.16,23.61%,6.13%,,,,
17839,1997-02-01,53.1,0.042,790.82,23.48%,0.59%,,,,
17866,1997-02-28,53.1,0.042,790.82,23.48%,0.59%,,,,
17867,1997-03-01,53.8,0.042,757.12,17.29%,-4.26%,,,,
17897,1997-03-31,53.8,0.026,757.12,17.29%,-4.26%,,,,
17898,1997-04-01,53.7,0.026,801.34,22.50%,5.84%,,,,
17927,1997-04-30,53.7,0.026,801.34,22.50%,5.84%,,,,
17928,1997-05-01,56.1,0.026,848.28,26.78%,5.86%,,,,
17958,1997-05-31,56.1,0.026,848.28,26.78%,5.86%,,,,
17959,1997-06-01,54.9,0.026,885.14,31.99%,4.35%,,,,
17988,1997-06-30,54.9,0.068,885.14,31.99%,4.35%,,,,
17989,1997-07-01,57.7,0.068,954.29,49.12%,7.81%,,,,
18019,1997-07-31,57.7,0.068,954.29,49.12%,7.81%,,,,
18020,1997-08-01,56.3,0.068,899.47,37.96%,-5.74%,,,,
18050,1997-08-31,56.3,0.068,899.47,37.96%,-5.74%,,,,
18051,1997-09-01,53.9,0.068,947.28,37.82%,5.32%,,,,
18080,1997-09-30,53.9,0.051,947.28,37.82%,5.32%,,,,
18081,1997-10-01,56.4,0.051,914.62,29.68%,-3.45%,,,,
18111,1997-10-31,56.4,0.051,914.62,29.68%,-3.45%,,,,
18112,1997-11-01,55.7,0.051,955.4,26.21%,4.46%,,,,
18141,1997-11-30,55.7,0.051,955.4,26.21%,4.46%,,,,
18142,1997-12-01,54.5,0.051,970.43,31.01%,1.57%,,,,
18172,1997-12-31,54.5,0.035,970.43,31.01%,1.57%,,,,
18173,1998-01-01,53.8,0.035,980.28,24.69%,1.02%,,,,
18203,1998-01-31,53.8,0.035,980.28,24.69%,1.02%,,,,
18204,1998-02-01,52.9,0.035,1049.34,32.69%,7.04%,,,,
18231,1998-02-28,52.9,0.035,1049.34,32.69%,7.04%,,,,
18232,1998-03-01,52.9,0.035,1101.75,45.52%,4.99%,,,,
18262,1998-03-31,52.9,0.041,1101.75,45.52%,4.99%,,,,
18263,1998-04-01,52.2,0.041,1111.75,38.74%,0.91%,,,,
18292,1998-04-30,52.2,0.041,1111.75,38.74%,0.91%,,,,
18293,1998-05-01,50.9,0.041,1090.82,28.59%,-1.88%,,,,
18323,1998-05-31,50.9,0.041,1090.82,28.59%,-1.88%,,,,
18324,1998-06-01,48.9,0.041,1133.84,28.10%,3.94%,,,,
18353,1998-06-30,48.9,0.038,1133.84,28.10%,3.94%,,,,
18354,1998-07-01,49.2,0.038,1120.67,17.43%,-1.16%,,,,
18384,1998-07-31,49.2,0.038,1120.67,17.43%,-1.16%,,,,
18385,1998-08-01,49.3,0.038,957.28,6.43%,-14.58%,,,,
18415,1998-08-31,49.3,0.038,957.28,6.43%,-14.58%,,,,
18416,1998-09-01,48.7,0.038,1017.01,7.36%,6.24%,,,,
18445,1998-09-30,48.7,0.051,1017.01,7.36%,6.24%,,,,
18446,1998-10-01,48.7,0.051,1098.67,20.12%,8.03%,,,,
18476,1998-10-31,48.7,0.051,1098.67,20.12%,8.03%,,,,
18477,1998-11-01,48.2,0.051,1163.63,21.80%,5.91%,,,,
18506,1998-11-30,48.2,0.051,1163.63,21.80%,5.91%,,,,
18507,1998-12-01,46.8,0.051,1229.23,26.67%,5.64%,,,,
18537,1998-12-31,46.8,0.066,1229.23,26.67%,5.64%,,,,
18538,1999-01-01,50.6,0.066,1279.64,30.54%,4.10%,,,,
18568,1999-01-31,50.6,0.066,1279.64,30.54%,4.10%,,,,
18569,1999-02-01,51.7,0.066,1238.33,18.01%,-3.23%,,,,
18596,1999-02-28,51.7,0.066,1238.33,18.01%,-3.23%,,,,
18597,1999-03-01,52.4,0.066,1286.37,16.76%,3.88%,,,,
18627,1999-03-31,52.4,0.038,1286.37,16.76%,3.88%,,,,
18628,1999-04-01,52.3,0.038,1335.18,20.10%,3.79%,,,,
18657,1999-04-30,52.3,0.038,1335.18,20.10%,3.79%,,,,
18658,1999-05-01,54.3,0.038,1301.84,19.35%,-2.50%,,,,
18688,1999-05-31,54.3,0.038,1301.84,19.35%,-2.50%,,,,
18689,1999-06-01,55.8,0.038,1372.71,21.07%,5.44%,,,,
18718,1999-06-30,55.8,0.031,1372.71,21.07%,5.44%,,,,
18719,1999-07-01,53.6,0.031,1328.72,18.56%,-3.20%,,,,
18749,1999-07-31,53.6,0.031,1328.72,18.56%,-3.20%,,,,
18750,1999-08-01,54.8,0.031,1320.41,37.93%,-0.63%,,,,
18780,1999-08-31,54.8,0.031,1320.41,37.93%,-0.63%,,,,
18781,1999-09-01,57.0,0.031,1282.71,26.13%,-2.86%,,,,
18810,1999-09-30,57.0,0.053,1282.71,26.13%,-2.86%,,,,
18811,1999-10-01,57.2,0.053,1362.93,24.05%,6.25%,,,,
18841,1999-10-31,57.2,0.053,1362.93,24.05%,6.25%,,,,
18842,1999-11-01,58.1,0.053,1388.91,19.36%,1.91%,,,,
18871,1999-11-30,58.1,0.053,1388.91,19.36%,1.91%,,,,
18872,1999-12-01,57.8,0.053,1469.25,19.53%,5.78%,,,,
18902,1999-12-31,57.8,0.07,1469.25,19.53%,5.78%,,,,
18903,2000-01-01,56.7,0.07,1394.46,8.97%,-5.09%,,,,
18933,2000-01-31,56.7,0.07,1394.46,8.97%,-5.09%,,,,
18934,2000-02-01,55.8,0.07,1366.42,10.34%,-2.01%,,,,
18962,2000-02-29,55.8,0.07,1366.42,10.34%,-2.01%,,,,
18963,2000-03-01,54.9,0.07,1498.58,16.50%,9.67%,,,,
18993,2000-03-31,54.9,0.015,1498.58,16.50%,9.67%,,,,
18994,2000-04-01,54.7,0.015,1452.43,8.78%,-3.08%,,,,
19023,2000-04-30,54.7,0.015,1452.43,8.78%,-3.08%,,,,
19024,2000-05-01,53.2,0.015,1420.6,9.12%,-2.19%,,,,
19054,2000-05-31,53.2,0.015,1420.6,9.12%,-2.19%,,,,
19055,2000-06-01,51.4,0.015,1454.6,5.97%,2.39%,,,,
19084,2000-06-30,51.4,0.075,1454.6,5.97%,2.39%,,,,
19085,2000-07-01,52.5,0.075,1430.83,7.68%,-1.63%,,,,
19115,2000-07-31,52.5,0.075,1430.83,7.68%,-1.63%,,,,
19116,2000-08-01,49.9,0.075,1517.68,14.94%,6.07%,,,,
19146,2000-08-31,49.9,0.075,1517.68,14.94%,6.07%,,,,
19147,2000-09-01,49.7,0.075,1436.51,11.99%,-5.35%,,,,
19176,2000-09-30,49.7,0.005,1436.51,11.99%,-5.35%,,,,
19177,2000-10-01,48.7,0.005,1429.4,4.88%,-0.49%,,,,
19207,2000-10-31,48.7,0.005,1429.4,4.88%,-0.49%,,,,
19208,2000-11-01,48.5,0.005,1314.95,-5.33%,-8.01%,,,,
19237,2000-11-30,48.5,0.005,1314.95,-5.33%,-8.01%,,,,
19238,2000-12-01,43.9,0.005,1320.28,-10.14%,0.41%,,,,
19268,2000-12-31,43.9,0.025,1320.28,-10.14%,0.41%,,,,
19269,2001-01-01,42.3,0.025,1366.01,-2.04%,3.46%,,,,
19299,2001-01-31,42.3,0.025,1366.01,-2.04%,3.46%,,,,
19300,2001-02-01,42.1,0.025,1239.94,-9.26%,-9.23%,,,,
19327,2001-02-28,42.1,0.025,1239.94,-9.26%,-9.23%,,,,
19328,2001-03-01,43.1,0.025,1160.33,-22.57%,-6.42%,,,,
19358,2001-03-31,43.1,-0.011,1160.33,-22.57%,-6.42%,,,,
19359,2001-04-01,42.7,-0.011,1249.46,-13.97%,7.68%,,,,
19388,2001-04-30,42.7,-0.011,1249.46,-13.97%,7.68%,,,,
19389,2001-05-01,41.3,-0.011,1255.82,-11.60%,0.51%,,,,
19419,2001-05-31,41.3,-0.011,1255.82,-11.60%,0.51%,,,,
19420,2001-06-01,43.2,-0.011,1224.42,-15.82%,-2.50%,,,,
19449,2001-06-30,43.2,0.024,1224.42,-15.82%,-2.50%,,,,
19450,2001-07-01,43.5,0.024,1211.23,-15.35%,-1.08%,,,,
19480,2001-07-31,43.5,0.024,1211.23,-15.35%,-1.08%,,,,
19481,2001-08-01,46.3,0.024,1133.58,-25.31%,-6.41%,,,,
19511,2001-08-31,46.3,0.024,1133.58,-25.31%,-6.41%,,,,
19512,2001-09-01,46.2,0.024,1040.94,-27.54%,-8.17%,,,,
19541,2001-09-30,46.2,-0.017,1040.94,-27.54%,-8.17%,,,,
19542,2001-10-01,40.8,-0.017,1059.78,-25.86%,1.81%,,,,
19572,2001-10-31,40.8,-0.017,1059.78,-25.86%,1.81%,,,,
19573,2001-11-01,44.1,-0.017,1139.45,-13.35%,7.52%,,,,
19602,2001-11-30,44.1,-0.017,1139.45,-13.35%,7.52%,,,,
19603,2001-12-01,45.3,-0.017,1148.08,-13.04%,0.76%,,,,
19633,2001-12-31,45.3,0.011,1148.08,-13.04%,0.76%,,,,
19634,2002-01-01,47.5,0.011,1130.2,-17.26%,-1.56%,,,,
19664,2002-01-31,47.5,0.011,1130.2,-17.26%,-1.56%,,,,
19665,2002-02-01,50.7,0.011,1106.73,-10.74%,-2.08%,,,,
19692,2002-02-28,50.7,0.011,1106.73,-10.74%,-2.08%,,,,
19693,2002-03-01,52.4,0.011,1147.39,-1.12%,3.67%,,,,
19723,2002-03-31,52.4,0.035,1147.39,-1.12%,3.67%,,,,
19724,2002-04-01,52.4,0.035,1076.92,-13.81%,-6.14%,,,,
19753,2002-04-30,52.4,0.035,1076.92,-13.81%,-6.14%,,,,
19754,2002-05-01,53.1,0.035,1067.14,-15.02%,-0.91%,,,,
19784,2002-05-31,53.1,0.035,1067.14,-15.02%,-0.91%,,,,
19785,2002-06-01,53.6,0.035,989.81,-19.16%,-7.25%,,,,
19814,2002-06-30,53.6,0.024,989.81,-19.16%,-7.25%,,,,
19815,2002-07-01,50.2,0.024,911.62,-24.74%,-7.90%,,,,
19845,2002-07-31,50.2,0.024,911.62,-24.74%,-7.90%,,,,
19846,2002-08-01,50.3,0.024,916.07,-19.19%,0.49%,,,,
19876,2002-08-31,50.3,0.024,916.07,-19.19%,0.49%,,,,
19877,2002-09-01,50.5,0.024,815.28,-21.68%,-11.00%,,,,
19906,2002-09-30,50.5,0.018,815.28,-21.68%,-11.00%,,,,
19907,2002-10-01,49.0,0.018,885.76,-16.42%,8.64%,,,,
19937,2002-10-31,49.0,0.018,885.76,-16.42%,8.64%,,,,
19938,2002-11-01,48.5,0.018,936.31,-17.83%,5.71%,,,,
19967,2002-11-30,48.5,0.018,936.31,-17.83%,5.71%,,,,
19968,2002-12-01,51.6,0.018,879.82,-23.37%,-6.03%,,,,
19998,2002-12-31,51.6,0.006,879.82,-23.37%,-6.03%,,,,
19999,2003-01-01,51.3,0.006,855.7,-24.29%,-2.74%,,,,
20029,2003-01-31,51.3,0.006,855.7,-24.29%,-2.74%,,,,
20030,2003-02-01,48.8,0.006,841.15,-24.00%,-1.70%,,,,
20057,2003-02-28,48.8,0.006,841.15,-24.00%,-1.70%,,,,
20058,2003-03-01,46.3,0.006,848.18,-26.08%,0.84%,,,,
20088,2003-03-31,46.3,0.022,848.18,-26.08%,0.84%,,,,
20089,2003-04-01,46.1,0.022,916.92,-14.86%,8.10%,,,,
20118,2003-04-30,46.1,0.022,916.92,-14.86%,8.10%,,,,
20119,2003-05-01,49.0,0.022,963.59,-9.70%,5.09%,,,,
20149,2003-05-31,49.0,0.022,963.59,-9.70%,5.09%,,,,
20150,2003-06-01,49.0,0.022,974.5,-1.55%,1.13%,,,,
20179,2003-06-30,49.0,0.035,974.5,-1.55%,1.13%,,,,
20180,2003-07-01,51.0,0.035,990.31,8.63%,1.62%,,,,
20210,2003-07-31,51.0,0.035,990.31,8.63%,1.62%,,,,
20211,2003-08-01,53.2,0.035,1008.01,10.04%,1.79%,,,,
20241,2003-08-31,53.2,0.035,1008.01,10.04%,1.79%,,,,
20242,2003-09-01,52.4,0.035,995.97,22.16%,-1.19%,,,,
20271,2003-09-30,52.4,0.07,995.97,22.16%,-1.19%,,,,
20272,2003-10-01,55.2,0.07,1050.71,18.62%,5.50%,,,,
20302,2003-10-31,55.2,0.07,1050.71,18.62%,5.50%,,,,
20303,2003-11-01,58.4,0.07,1058.2,13.02%,0.71%,,,,
20332,2003-11-30,58.4,0.07,1058.2,13.02%,0.71%,,,,
20333,2003-12-01,60.1,0.07,1111.92,26.38%,5.08%,,,,
20363,2003-12-31,60.1,0.047,1111.92,26.38%,5.08%,,,,
20364,2004-01-01,60.8,0.047,1131.13,32.19%,1.73%,,,,
20394,2004-01-31,60.8,0.047,1131.13,32.19%,1.73%,,,,
20395,2004-02-01,59.9,0.047,1144.94,36.12%,1.22%,,,,
20423,2004-02-29,59.9,0.047,1144.94,36.12%,1.22%,,,,
20424,2004-03-01,60.6,0.047,1126.21,32.78%,-1.64%,,,,
20454,2004-03-31,60.6,0.022,1126.21,32.78%,-1.64%,,,,
20455,2004-04-01,60.6,0.022,1107.3,20.76%,-1.68%,,,,
20484,2004-04-30,60.6,0.022,1107.3,20.76%,-1.68%,,,,
20485,2004-05-01,61.4,0.022,1120.68,16.30%,1.21%,,,,
20515,2004-05-31,61.4,0.022,1120.68,16.30%,1.21%,,,,
20516,2004-06-01,60.5,0.022,1140.84,17.07%,1.80%,,,,
20545,2004-06-30,60.5,0.031,1140.84,17.07%,1.80%,,,,
20546,2004-07-01,59.9,0.031,1101.72,11.25%,-3.43%,,,,
20576,2004-07-31,59.9,0.031,1101.72,11.25%,-3.43%,,,,
20577,2004-08-01,58.5,0.031,1104.24,9.55%,0.23%,,,,
20607,2004-08-31,58.5,0.031,1104.24,9.55%,0.23%,,,,
20608,2004-09-01,57.4,0.031,1114.58,11.91%,0.94%,,,,
20637,2004-09-30,57.4,0.038,1114.58,11.91%,0.94%,,,,
20638,2004-10-01,56.3,0.038,1130.2,7.57%,1.40%,,,,
20668,2004-10-31,56.3,0.038,1130.2,7.57%,1.40%,,,,
20669,2004-11-01,56.2,0.038,1173.82,10.93%,3.86%,,,,
20698,2004-11-30,56.2,0.038,1173.82,10.93%,3.86%,,,,
20699,2004-12-01,57.2,0.038,1211.92,8.99%,3.25%,,,,
20729,2004-12-31,57.2,0.041,1211.92,8.99%,3.25%,,,,
20730,2005-01-01,56.8,0.041,1181.27,4.43%,-2.53%,,,,
20760,2005-01-31,56.8,0.041,1181.27,4.43%,-2.53%,,,,
20761,2005-02-01,55.5,0.041,1203.6,5.12%,1.89%,,,,
20788,2005-02-28,55.5,0.041,1203.6,5.12%,1.89%,,,,
20789,2005-03-01,55.2,0.041,1180.59,4.83%,-1.91%,,,,
20819,2005-03-31,55.2,0.045,1180.59,4.83%,-1.91%,,,,
20820,2005-04-01,52.2,0.045,1156.85,4.47%,-2.01%,,,,
20849,2005-04-30,52.2,0.045,1156.85,4.47%,-2.01%,,,,
20850,2005-05-01,50.8,0.045,1191.5,6.32%,3.00%,,,,
20880,2005-05-31,50.8,0.045,1191.5,6.32%,3.00%,,,,
20881,2005-06-01,52.4,0.045,1191.33,4.43%,-0.01%,,,,
20910,2005-06-30,52.4,0.019,1191.33,4.43%,-0.01%,,,,
20911,2005-07-01,52.8,0.019,1234.18,12.02%,3.60%,,,,
20941,2005-07-31,52.8,0.019,1234.18,12.02%,3.60%,,,,
20942,2005-08-01,52.4,0.019,1220.33,10.51%,-1.12%,,,,
20972,2005-08-31,52.4,0.019,1220.33,10.51%,-1.12%,,,,
20973,2005-09-01,56.8,0.019,1228.81,10.25%,0.69%,,,,
21002,2005-09-30,56.8,0.036,1228.81,10.25%,0.69%,,,,
21003,2005-10-01,57.2,0.036,1207.01,6.80%,-1.77%,,,,
21033,2005-10-31,57.2,0.036,1207.01,6.80%,-1.77%,,,,
21034,2005-11-01,56.7,0.036,1249.48,6.45%,3.52%,,,,
21063,2005-11-30,56.7,0.036,1249.48,6.45%,3.52%,,,,
21064,2005-12-01,55.1,0.036,1248.29,3.00%,-0.10%,,,,
21094,2005-12-31,55.1,0.026,1248.29,3.00%,-0.10%,,,,
21095,2006-01-01,55.0,0.026,1280.08,8.36%,2.55%,,,,
21125,2006-01-31,55.0,0.026,1280.08,8.36%,2.55%,,,,
21126,2006-02-01,55.8,0.026,1280.66,6.40%,0.05%,,,,
21153,2006-02-28,55.8,0.026,1280.66,6.40%,0.05%,,,,
21154,2006-03-01,54.3,0.026,1294.83,9.68%,1.11%,,,,
21184,2006-03-31,54.3,0.054,1294.83,9.68%,1.11%,,,,
21185,2006-04-01,55.2,0.054,1310.61,13.29%,1.22%,,,,
21214,2006-04-30,55.2,0.054,1310.61,13.29%,1.22%,,,,
21215,2006-05-01,53.7,0.054,1270.09,6.60%,-3.09%,,,,
21245,2006-05-31,53.7,0.054,1270.09,6.60%,-3.09%,,,,
21246,2006-06-01,52.0,0.054,1270.2,6.62%,0.01%,,,,
21275,2006-06-30,52.0,0.009,1270.2,6.62%,0.01%,,,,
21276,2006-07-01,53.0,0.009,1276.66,3.44%,0.51%,,,,
21306,2006-07-31,53.0,0.009,1276.66,3.44%,0.51%,,,,
21307,2006-08-01,53.7,0.009,1303.82,6.84%,2.13%,,,,
21337,2006-08-31,53.7,0.009,1303.82,6.84%,2.13%,,,,
21338,2006-09-01,52.2,0.009,1335.85,8.71%,2.46%,,,,
21367,2006-09-30,52.2,0.006,1335.85,8.71%,2.46%,,,,
21368,2006-10-01,51.4,0.006,1377.94,14.16%,3.15%,,,,
21398,2006-10-31,51.4,0.006,1377.94,14.16%,3.15%,,,,
21399,2006-11-01,50.3,0.006,1400.63,12.10%,1.65%,,,,
21428,2006-11-30,50.3,0.006,1400.63,12.10%,1.65%,,,,
21429,2006-12-01,51.4,0.006,1418.3,13.62%,1.26%,,,,
21459,2006-12-31,51.4,0.035,1418.3,13.62%,1.26%,,,,
21460,2007-01-01,50.4,0.035,1438.24,12.36%,1.41%,,,,
21490,2007-01-31,50.4,0.035,1438.24,12.36%,1.41%,,,,
21491,2007-02-01,54.1,0.035,1406.82,9.85%,-2.18%,,,,
21518,2007-02-28,54.1,0.035,1406.82,9.85%,-2.18%,,,,
21519,2007-03-01,52.8,0.035,1420.86,9.73%,1.00%,,,,
21549,2007-03-31,52.8,0.009,1420.86,9.73%,1.00%,,,,
21550,2007-04-01,52.7,0.009,1482.37,13.11%,4.33%,,,,
21579,2007-04-30,52.7,0.009,1482.37,13.11%,4.33%,,,,
21580,2007-05-01,53.1,0.009,1530.62,20.51%,3.25%,,,,
21610,2007-05-31,53.1,0.009,1530.62,20.51%,3.25%,,,,
21611,2007-06-01,54.0,0.009,1503.35,18.36%,-1.78%,,,,
21640,2007-06-30,54.0,0.023,1503.35,18.36%,-1.78%,,,,
21641,2007-07-01,51.8,0.023,1455.27,13.99%,-3.20%,,,,
21671,2007-07-31,51.8,0.023,1455.27,13.99%,-3.20%,,,,
21672,2007-08-01,52.2,0.023,1473.99,13.05%,1.29%,,,,
21702,2007-08-31,52.2,0.023,1473.99,13.05%,1.29%,,,,
21703,2007-09-01,53.8,0.023,1526.75,14.29%,3.58%,,,,
21732,2007-09-30,53.8,0.022,1526.75,14.29%,3.58%,,,,
21733,2007-10-01,52.8,0.022,1549.38,12.44%,1.48%,,,,
21763,2007-10-31,52.8,0.022,1549.38,12.44%,1.48%,,,,
21764,2007-11-01,51.5,0.022,1481.14,5.75%,-4.40%,,,,
21793,2007-11-30,51.5,0.022,1481.14,5.75%,-4.40%,,,,
21794,2007-12-01,50.1,0.022,1468.36,3.53%,-0.86%,,,,
21824,2007-12-31,50.1,0.025,1468.36,3.53%,-0.86%,,,,
21825,2008-01-01,50.9,0.025,1378.55,-4.15%,-6.12%,,,,
21855,2008-01-31,50.9,0.025,1378.55,-4.15%,-6.12%,,,,
21856,2008-02-01,48.8,0.025,1330.63,-5.42%,-3.48%,,,,
21884,2008-02-29,48.8,0.025,1330.63,-5.42%,-3.48%,,,,
21885,2008-03-01,49.7,0.025,1322.7,-6.91%,-0.60%,,,,
21915,2008-03-31,49.7,-0.023,1322.7,-6.91%,-0.60%,,,,
21916,2008-04-01,48.5,-0.023,1385.59,-6.53%,4.75%,,,,
21945,2008-04-30,48.5,-0.023,1385.59,-6.53%,4.75%,,,,
21946,2008-05-01,48.9,-0.023,1400.38,-8.51%,1.07%,,,,
21976,2008-05-31,48.9,-0.023,1400.38,-8.51%,1.07%,,,,
21977,2008-06-01,49.9,-0.023,1280.0,-14.86%,-8.60%,,,,
22006,2008-06-30,49.9,0.021,1280.0,-14.86%,-8.60%,,,,
22007,2008-07-01,50.8,0.021,1267.38,-12.91%,-0.99%,,,,
22037,2008-07-31,50.8,0.021,1267.38,-12.91%,-0.99%,,,,
22038,2008-08-01,50.1,0.021,1282.83,-12.97%,1.22%,,,,
22068,2008-08-31,50.1,0.021,1282.83,-12.97%,1.22%,,,,
22069,2008-09-01,47.2,0.021,1166.36,-23.61%,-9.08%,,,,
22098,2008-09-30,47.2,-0.021,1166.36,-23.61%,-9.08%,,,,
22099,2008-10-01,38.2,-0.021,968.75,-37.47%,-16.94%,,,,
22129,2008-10-31,38.2,-0.021,968.75,-37.47%,-16.94%,,,,
22130,2008-11-01,39.0,-0.021,896.24,-39.49%,-7.48%,,,,
22159,2008-11-30,39.0,-0.021,896.24,-39.49%,-7.48%,,,,
22160,2008-12-01,34.5,-0.021,903.25,-38.49%,0.78%,,,,
22190,2008-12-31,34.5,-0.084,903.25,-38.49%,0.78%,,,,
22191,2009-01-01,36.4,-0.084,825.88,-40.09%,-8.57%,,,,
22221,2009-01-31,36.4,-0.084,825.88,-40.09%,-8.57%,,,,
22222,2009-02-01,36.6,-0.084,735.09,-44.76%,-10.99%,,,,
22249,2009-02-28,36.6,-0.084,735.09,-44.76%,-10.99%,,,,
22250,2009-03-01,37.2,-0.084,797.87,-39.68%,8.54%,,,,
22280,2009-03-31,37.2,-0.044,797.87,-39.68%,8.54%,,,,
22281,2009-04-01,39.9,-0.044,872.81,-37.01%,9.39%,,,,
22310,2009-04-30,39.9,-0.044,872.81,-37.01%,9.39%,,,,
22311,2009-05-01,44.1,-0.044,919.14,-34.36%,5.31%,,,,
22341,2009-05-31,44.1,-0.044,919.14,-34.36%,5.31%,,,,
22342,2009-06-01,46.3,-0.044,919.32,-28.18%,0.02%,,,,
22371,2009-06-30,46.3,-0.006,919.32,-28.18%,0.02%,,,,
22372,2009-07-01,49.7,-0.006,987.48,-22.08%,7.41%,,,,
22402,2009-07-31,49.7,-0.006,987.48,-22.08%,7.41%,,,,
22403,2009-08-01,53.4,-0.006,1020.62,-20.44%,3.36%,,,,
22433,2009-08-31,53.4,-0.006,1020.62,-20.44%,3.36%,,,,
22434,2009-09-01,54.9,-0.006,1057.08,-9.37%,3.57%,,,,
22463,2009-09-30,54.9,0.015,1057.08,-9.37%,3.57%,,,,
22464,2009-10-01,57.6,0.015,1036.19,6.96%,-1.98%,,,,
22494,2009-10-31,57.6,0.015,1036.19,6.96%,-1.98%,,,,
22495,2009-11-01,55.4,0.015,1095.63,22.25%,5.74%,,,,
22524,2009-11-30,55.4,0.015,1095.63,22.25%,5.74%,,,,
22525,2009-12-01,55.8,0.015,1115.1,23.45%,1.78%,,,,
22555,2009-12-31,55.8,0.045,1115.1,23.45%,1.78%,,,,
22556,2010-01-01,56.3,0.045,1073.87,30.03%,-3.70%,,,,
22586,2010-01-31,56.3,0.045,1073.87,30.03%,-3.70%,,,,
22587,2010-02-01,55.5,0.045,1104.49,50.25%,2.85%,,,,
22614,2010-02-28,55.5,0.045,1104.49,50.25%,2.85%,,,,
22615,2010-03-01,58.8,0.045,1169.43,46.57%,5.88%,,,,
22645,2010-03-31,58.8,0.015,1169.43,46.57%,5.88%,,,,
22646,2010-04-01,58.1,0.015,1186.69,35.96%,1.48%,,,,
22675,2010-04-30,58.1,0.015,1186.69,35.96%,1.48%,,,,
22676,2010-05-01,57.4,0.015,1089.41,18.52%,-8.20%,,,,
22706,2010-05-31,57.4,0.015,1089.41,18.52%,-8.20%,,,,
22707,2010-06-01,56.5,0.015,1030.71,12.12%,-5.39%,,,,
22736,2010-06-30,56.5,0.037,1030.71,12.12%,-5.39%,,,,
22737,2010-07-01,56.1,0.037,1101.6,11.56%,6.88%,,,,
22767,2010-07-31,56.1,0.037,1101.6,11.56%,6.88%,,,,
22768,2010-08-01,56.4,0.037,1049.33,2.81%,-4.74%,,,,
22798,2010-08-31,56.4,0.037,1049.33,2.81%,-4.74%,,,,
22799,2010-09-01,55.3,0.037,1141.2,7.96%,8.76%,,,,
22828,2010-09-30,55.3,0.03,1141.2,7.96%,8.76%,,,,
22829,2010-10-01,56.9,0.03,1183.26,14.19%,3.69%,,,,
22859,2010-10-31,56.9,0.03,1183.26,14.19%,3.69%,,,,
22860,2010-11-01,57.3,0.03,1180.55,7.75%,-0.23%,,,,
22889,2010-11-30,57.3,0.03,1180.55,7.75%,-0.23%,,,,
22890,2010-12-01,56.6,0.03,1257.64,12.78%,6.53%,,,,
22920,2010-12-31,56.6,0.02,1257.64,12.78%,6.53%,,,,
22921,2011-01-01,59.1,0.02,1286.12,19.76%,2.26%,,,,
22951,2011-01-31,59.1,0.02,1286.12,19.76%,2.26%,,,,
22952,2011-02-01,59.2,0.02,1327.22,20.17%,3.20%,,,,
22979,2011-02-28,59.2,0.02,1327.22,20.17%,3.20%,,,,
22980,2011-03-01,58.4,0.02,1325.83,13.37%,-0.10%,,,,
23010,2011-03-31,58.4,-0.01,1325.83,13.37%,-0.10%,,,,
23011,2011-04-01,57.9,-0.01,1363.61,14.91%,2.85%,,,,
23040,2011-04-30,57.9,-0.01,1363.61,14.91%,2.85%,,,,
23041,2011-05-01,54.8,-0.01,1345.2,23.48%,-1.35%,,,,
23071,2011-05-31,54.8,-0.01,1345.2,23.48%,-1.35%,,,,
23072,2011-06-01,55.8,-0.01,1320.64,28.13%,-1.83%,,,,
23101,2011-06-30,55.8,0.029,1320.64,28.13%,-1.83%,,,,
23102,2011-07-01,52.9,0.029,1292.28,17.31%,-2.15%,,,,
23132,2011-07-31,52.9,0.029,1292.28,17.31%,-2.15%,,,,
23133,2011-08-01,52.6,0.029,1218.89,16.16%,-5.68%,,,,
23163,2011-08-31,52.6,0.029,1218.89,16.16%,-5.68%,,,,
23164,2011-09-01,53.7,0.029,1131.42,-0.86%,-7.18%,,,,
23193,2011-09-30,53.7,-0.001,1131.42,-0.86%,-7.18%,,,,
23194,2011-10-01,51.4,-0.001,1253.3,5.92%,10.77%,,,,
23224,2011-10-31,51.4,-0.001,1253.3,5.92%,10.77%,,,,
23225,2011-11-01,51.8,-0.001,1246.96,5.63%,-0.51%,,,,
23254,2011-11-30,51.8,-0.001,1246.96,5.63%,-0.51%,,,,
23255,2011-12-01,53.0,-0.001,1257.6,0.00%,0.85%,,,,
23285,2011-12-31,53.0,0.047,1257.6,0.00%,0.85%,,,,
23286,2012-01-01,53.2,0.047,1312.41,2.04%,4.36%,,,,
23316,2012-01-31,53.2,0.047,1312.41,2.04%,4.36%,,,,
23317,2012-02-01,52.6,0.047,1365.68,2.90%,4.06%,,,,
23345,2012-02-29,52.6,0.047,1365.68,2.90%,4.06%,,,,
23346,2012-03-01,53.5,0.047,1408.47,6.23%,3.13%,,,,
23376,2012-03-31,53.5,0.032,1408.47,6.23%,3.13%,,,,
23377,2012-04-01,54.2,0.032,1397.91,2.52%,-0.75%,,,,
23406,2012-04-30,54.2,0.032,1397.91,2.52%,-0.75%,,,,
23407,2012-05-01,52.6,0.032,1310.33,-2.59%,-6.27%,,,,
23437,2012-05-31,52.6,0.032,1310.33,-2.59%,-6.27%,,,,
23438,2012-06-01,48.9,0.032,1362.16,3.14%,3.96%,,,,
23467,2012-06-30,48.9,0.017,1362.16,3.14%,3.96%,,,,
23468,2012-07-01,50.2,0.017,1379.32,6.74%,1.26%,,,,
23498,2012-07-31,50.2,0.017,1379.32,6.74%,1.26%,,,,
23499,2012-08-01,49.4,0.017,1406.58,15.40%,1.98%,,,,
23529,2012-08-31,49.4,0.017,1406.58,15.40%,1.98%,,,,
23530,2012-09-01,51.2,0.017,1440.67,27.33%,2.42%,,,,
23559,2012-09-30,51.2,0.005,1440.67,27.33%,2.42%,,,,
23560,2012-10-01,51.0,0.005,1412.16,12.68%,-1.98%,,,,
23590,2012-10-31,51.0,0.005,1412.16,12.68%,-1.98%,,,,
23591,2012-11-01,49.1,0.005,1416.18,13.57%,0.28%,,,,
23620,2012-11-30,49.1,0.005,1416.18,13.57%,0.28%,,,,
23621,2012-12-01,50.4,0.005,1426.19,13.41%,0.71%,,,,
23651,2012-12-31,50.4,0.005,1426.19,13.41%,0.71%,,,,
23652,2013-01-01,52.3,0.005,1498.11,14.15%,5.04%,,,,
23682,2013-01-31,52.3,0.005,1498.11,14.15%,5.04%,,,,
23683,2013-02-01,53.5,0.005,1514.68,10.91%,1.11%,,,,
23710,2013-02-28,53.5,0.005,1514.68,10.91%,1.11%,,,,
23711,2013-03-01,51.5,0.005,1569.19,11.41%,3.60%,,,,
23741,2013-03-31,51.5,0.036,1569.19,11.41%,3.60%,,,,
23742,2013-04-01,50.4,0.036,1597.57,14.28%,1.81%,,,,
23771,2013-04-30,50.4,0.036,1597.57,14.28%,1.81%,,,,
23772,2013-05-01,50.6,0.036,1630.74,24.45%,2.08%,,,,
23802,2013-05-31,50.6,0.036,1630.74,24.45%,2.08%,,,,
23803,2013-06-01,50.8,0.036,1606.28,17.92%,-1.50%,,,,
23832,2013-06-30,50.8,0.005,1606.28,17.92%,-1.50%,,,,
23833,2013-07-01,54.5,0.005,1685.73,22.21%,4.95%,,,,
23863,2013-07-31,54.5,0.005,1685.73,22.21%,4.95%,,,,
23864,2013-08-01,54.8,0.005,1632.97,16.10%,-3.13%,,,,
23894,2013-08-31,54.8,0.005,1632.97,16.10%,-3.13%,,,,
23895,2013-09-01,55.0,0.005,1681.55,16.72%,2.97%,,,,
23924,2013-09-30,55.0,0.032,1681.55,16.72%,2.97%,,,,
23925,2013-10-01,55.1,0.032,1756.54,24.39%,4.46%,,,,
23955,2013-10-31,55.1,0.032,1756.54,24.39%,4.46%,,,,
23956,2013-11-01,56.4,0.032,1805.81,27.51%,2.80%,,,,
23985,2013-11-30,56.4,0.032,1805.81,27.51%,2.80%,,,,
23986,2013-12-01,56.6,0.032,1848.36,29.60%,2.36%,,,,
24016,2013-12-31,56.6,0.032,1848.36,29.60%,2.36%,,,,
24017,2014-01-01,51.8,0.032,1782.59,18.99%,-3.56%,,,,
24047,2014-01-31,51.8,0.032,1782.59,18.99%,-3.56%,,,,
24048,2014-02-01,54.4,0.032,1859.45,22.76%,4.31%,,,,
24075,2014-02-28,54.4,0.032,1859.45,22.76%,4.31%,,,,
24076,2014-03-01,55.5,0.032,1872.34,19.32%,0.69%,,,,
24106,2014-03-31,55.5,-0.011,1872.34,19.32%,0.69%,,,,
24107,2014-04-01,55.9,-0.011,1883.95,17.93%,0.62%,,,,
24136,2014-04-30,55.9,-0.011,1883.95,17.93%,0.62%,,,,
24137,2014-05-01,55.7,-0.011,1923.57,17.96%,2.10%,,,,
24167,2014-05-31,55.7,-0.011,1923.57,17.96%,2.10%,,,,
24168,2014-06-01,54.9,-0.011,1960.23,22.04%,1.91%,,,,
24197,2014-06-30,54.9,0.055,1960.23,22.04%,1.91%,,,,
24198,2014-07-01,55.6,0.055,1930.67,14.53%,-1.51%,,,,
24228,2014-07-31,55.6,0.055,1930.67,14.53%,-1.51%,,,,
24229,2014-08-01,56.8,0.055,2003.37,22.68%,3.77%,,,,
24259,2014-08-31,56.8,0.055,2003.37,22.68%,3.77%,,,,
24260,2014-09-01,56.1,0.055,1972.29,17.29%,-1.55%,,,,
24289,2014-09-30,56.1,0.05,1972.29,17.29%,-1.55%,,,,
24290,2014-10-01,56.6,0.05,2018.05,14.89%,2.32%,,,,
24320,2014-10-31,56.6,0.05,2018.05,14.89%,2.32%,,,,
24321,2014-11-01,56.8,0.05,2067.56,14.49%,2.45%,,,,
24350,2014-11-30,56.8,0.05,2067.56,14.49%,2.45%,,,,
24351,2014-12-01,55.6,0.05,2058.9,11.39%,-0.42%,,,,
24381,2014-12-31,55.6,0.023,2058.9,11.39%,-0.42%,,,,
24382,2015-01-01,53.6,0.023,1994.99,11.92%,-3.10%,,,,
24412,2015-01-31,53.6,0.023,1994.99,11.92%,-3.10%,,,,
24413,2015-02-01,52.7,0.023,2104.5,13.18%,5.49%,,,,
24440,2015-02-28,52.7,0.023,2104.5,13.18%,5.49%,,,,
24441,2015-03-01,51.9,0.023,2067.89,10.44%,-1.74%,,,,
24471,2015-03-31,51.9,0.032,2067.89,10.44%,-1.74%,,,,
24472,2015-04-01,51.9,0.032,2085.51,10.70%,0.85%,,,,
24501,2015-04-30,51.9,0.032,2085.51,10.70%,0.85%,,,,
24502,2015-05-01,52.6,0.032,2107.39,9.56%,1.05%,,,,
24532,2015-05-31,52.6,0.032,2107.39,9.56%,1.05%,,,,
24533,2015-06-01,52.6,0.032,2063.11,5.25%,-2.10%,,,,
24562,2015-06-30,52.6,0.03,2063.11,5.25%,-2.10%,,,,
24563,2015-07-01,52.2,0.03,2103.84,8.97%,1.97%,,,,
24593,2015-07-31,52.2,0.03,2103.84,8.97%,1.97%,,,,
24594,2015-08-01,50.4,0.03,1972.18,-1.56%,-6.26%,,,,
24624,2015-08-31,50.4,0.03,1972.18,-1.56%,-6.26%,,,,
24625,2015-09-01,50.1,0.03,1920.03,-2.65%,-2.64%,,,,
24654,2015-09-30,50.1,0.013,1920.03,-2.65%,-2.64%,,,,
24655,2015-10-01,49.3,0.013,2079.36,3.04%,8.30%,,,,
24685,2015-10-31,49.3,0.013,2079.36,3.04%,8.30%,,,,
24686,2015-11-01,49.5,0.013,2080.41,0.62%,0.05%,,,,
24715,2015-11-30,49.5,0.013,2080.41,0.62%,0.05%,,,,
24716,2015-12-01,48.8,0.013,2043.94,-0.73%,-1.75%,,,,
24746,2015-12-31,48.8,0.001,2043.94,-0.73%,-1.75%,,,,
24747,2016-01-01,47.0,0.001,1940.24,-2.74%,-5.07%,,,,
24777,2016-01-31,47.0,0.001,1940.24,-2.74%,-5.07%,,,,
24778,2016-02-01,49.1,0.001,1932.23,-8.19%,-0.41%,,,,
24806,2016-02-29,49.1,0.001,1932.23,-8.19%,-0.41%,,,,
24807,2016-03-01,51.0,0.001,2059.74,-0.39%,6.60%,,,,
24837,2016-03-31,51.0,0.02,2059.74,-0.39%,6.60%,,,,
24838,2016-04-01,51.0,0.02,2065.3,-0.97%,0.27%,,,,
24867,2016-04-30,51.0,0.02,2065.3,-0.97%,0.27%,,,,
24868,2016-05-01,51.3,0.02,2096.96,-0.49%,1.53%,,,,
24898,2016-05-31,51.3,0.02,2096.96,-0.49%,1.53%,,,,
24899,2016-06-01,52.5,0.02,2098.86,1.73%,0.09%,,,,
24928,2016-06-30,52.5,0.019,2098.86,1.73%,0.09%,,,,
24929,2016-07-01,52.5,0.019,2173.6,3.32%,3.56%,,,,
24959,2016-07-31,52.5,0.019,2173.6,3.32%,3.56%,,,,
24960,2016-08-01,50.0,0.019,2170.95,10.08%,-0.12%,,,,
24990,2016-08-31,50.0,0.019,2170.95,10.08%,-0.12%,,,,
24991,2016-09-01,51.2,0.019,2168.27,12.93%,-0.12%,,,,
25020,2016-09-30,51.2,0.022,2168.27,12.93%,-0.12%,,,,
25021,2016-10-01,52.0,0.022,2126.15,2.25%,-1.94%,,,,
25051,2016-10-31,52.0,0.022,2126.15,2.25%,-1.94%,,,,
25052,2016-11-01,53.4,0.022,2198.81,5.69%,3.42%,,,,
25081,2016-11-30,53.4,0.022,2198.81,5.69%,3.42%,,,,
25082,2016-12-01,54.4,0.022,2238.83,9.54%,1.82%,,,,
25112,2016-12-31,54.4,0.02,2238.83,9.54%,1.82%,,,,
25113,2017-01-01,55.3,0.02,2278.87,17.45%,1.79%,,,,
25143,2017-01-31,55.3,0.02,2278.87,17.45%,1.79%,,,,
25144,2017-02-01,57.4,0.02,2363.64,22.33%,3.72%,,,,
25171,2017-02-28,57.4,0.02,2363.64,22.33%,3.72%,,,,
25172,2017-03-01,56.4,0.02,2362.72,14.71%,-0.04%,,,,
25202,2017-03-31,56.4,0.023,2362.72,14.71%,-0.04%,,,,
25203,2017-04-01,55.5,0.023,2384.2,15.44%,0.91%,,,,
25232,2017-04-30,55.5,0.023,2384.2,15.44%,0.91%,,,,
25233,2017-05-01,56.4,0.023,2411.8,15.01%,1.16%,,,,
25263,2017-05-31,56.4,0.023,2411.8,15.01%,1.16%,,,,
25264,2017-06-01,56.4,0.023,2423.41,15.46%,0.48%,,,,
25293,2017-06-30,56.4,0.022,2423.41,15.46%,0.48%,,,,
25294,2017-07-01,56.8,0.022,2470.3,13.65%,1.93%,,,,
25324,2017-07-31,56.8,0.022,2470.3,13.65%,1.93%,,,,
25325,2017-08-01,58.8,0.022,2471.65,13.85%,0.05%,,,,
25355,2017-08-31,58.8,0.022,2471.65,13.85%,0.05%,,,,
25356,2017-09-01,59.9,0.022,2519.36,16.19%,1.93%,,,,
25385,2017-09-30,59.9,0.032,2519.36,16.19%,1.93%,,,,
25386,2017-10-01,58.8,0.032,2575.26,21.12%,2.22%,,,,
25416,2017-10-31,58.8,0.032,2575.26,21.12%,2.22%,,,,
25417,2017-11-01,58.1,0.032,2647.58,20.41%,2.81%,,,,
25446,2017-11-30,58.1,0.032,2647.58,20.41%,2.81%,,,,
25447,2017-12-01,59.1,0.032,2673.61,19.42%,0.98%,,,,
25477,2017-12-31,59.1,0.035,2673.61,19.42%,0.98%,,,,
25478,2018-01-01,59.2,0.035,2823.81,23.91%,5.62%,,,,
25508,2018-01-31,59.2,0.035,2823.81,23.91%,5.62%,,,,
25509,2018-02-01,60.6,0.035,2713.83,14.82%,-3.89%,,,,
25536,2018-02-28,60.6,0.035,2713.83,14.82%,-3.89%,,,,
25537,2018-03-01,58.9,0.035,2640.87,11.77%,-2.69%,,,,
25567,2018-03-31,58.9,0.025,2640.87,11.77%,-2.69%,,,,
25568,2018-04-01,58.4,0.025,2648.05,11.07%,0.27%,,,,
25597,2018-04-30,58.4,0.025,2648.05,11.07%,0.27%,,,,
25598,2018-05-01,59.0,0.025,2705.27,12.17%,2.16%,,,,
25628,2018-05-31,59.0,0.025,2705.27,12.17%,2.16%,,,,
25629,2018-06-01,59.9,0.025,2718.37,12.17%,0.48%,,,,
25658,2018-06-30,59.9,0.035,2718.37,12.17%,0.48%,,,,
25659,2018-07-01,58.2,0.035,2816.29,14.01%,3.60%,,,,
25689,2018-07-31,58.2,0.035,2816.29,14.01%,3.60%,,,,
25690,2018-08-01,60.8,0.035,2901.52,17.39%,3.03%,,,,
25720,2018-08-31,60.8,0.035,2901.52,17.39%,3.03%,,,,
25721,2018-09-01,59.3,0.035,2913.98,15.66%,0.43%,,,,
25750,2018-09-30,59.3,0.029,2913.98,15.66%,0.43%,,,,
25751,2018-10-01,58.5,0.029,2711.74,5.30%,-6.94%,,,,
25781,2018-10-31,58.5,0.029,2711.74,5.30%,-6.94%,,,,
25782,2018-11-01,58.8,0.029,2760.17,4.25%,1.79%,,,,
25811,2018-11-30,58.8,0.029,2760.17,4.25%,1.79%,,,,
25812,2018-12-01,55.0,0.029,2506.85,-6.24%,-9.18%,,,,
25842,2018-12-31,55.0,0.011,2506.85,-6.24%,-9.18%,,,,
25843,2019-01-01,55.5,0.011,2704.1,-4.24%,7.87%,,,,
25873,2019-01-31,55.5,0.011,2704.1,-4.24%,7.87%,,,,
25874,2019-02-01,54.1,0.011,2784.49,2.60%,2.97%,,,,
25901,2019-02-28,54.1,0.011,2784.49,2.60%,2.97%,,,,
25902,2019-03-01,54.6,0.011,2834.4,7.33%,1.79%,,,,
25932,2019-03-31,54.6,0.031,2834.4,7.33%,1.79%,,,,
25933,2019-04-01,53.4,0.031,2945.83,11.25%,3.93%,,,,
25962,2019-04-30,53.4,0.031,2945.83,11.25%,3.93%,,,,
25963,2019-05-01,52.3,0.031,2752.06,1.73%,-6.58%,,,,
25963,2019-05-01,51.6,0.031,2941.76,8.22%,6.89%,,,,
25993,2019-05-31,51.6,0.031,2941.76,8.22%,6.89%,,,,
26023,2019-06-30,51.6,0.02,2941.76,8.22%,6.89%,,,,
26024,2019-07-01,51.3,0.02,2980.38,5.83%,1.31%,,,,
26054,2019-07-31,51.3,0.02,2980.38,5.83%,1.31%,,,,
26055,2019-08-01,48.8,0.02,2926.46,0.86%,-1.81%,,,,
26085,2019-08-31,48.8,0.02,2926.46,0.86%,-1.81%,,,,
26086,2019-09-01,48.2,0.02,2976.74,2.15%,1.72%,,,,
26115,2019-09-30,48.2,0.021,2976.74,2.15%,1.72%,,,,
26116,2019-10-01,48.5,0.021,3037.56,12.02%,2.04%,,,,
26146,2019-10-31,48.5,0.021,3037.56,12.02%,2.04%,,,,
26147,2019-11-01,48.1,0.021,3140.98,13.80%,3.40%,,,,
26176,2019-11-30,48.1,0.021,3140.98,13.80%,3.40%,,,,
26177,2019-12-01,47.8,0.021,3230.78,28.88%,2.86%,,,,
26207,2019-12-31,47.8,0.021,3230.78,28.88%,2.86%,,,,
26208,2020-01-01,50.9,0.021,3225.52,19.28%,-0.16%,,,,
26238,2020-01-31,50.9,0.021,3225.52,19.28%,-0.16%,,,,
26239,2020-02-01,50.1,0.021,2954.22,6.10%,-8.41%,,,,
26267,2020-02-29,50.1,0.021,2954.22,6.10%,-8.41%,,,,
26298,2020-03-31,49.1,0.021,2954.22,6.10%,-8.41%,,,,
