Day,Date,Value,Original,Avg090,Avg180,Avg365
735975,2016-01-12,-1.0,-2.5,0.0,0.0,0.0
735976,2016-01-13,-1.0,-2.5,0.0,0.0,0.0
735977,2016-01-14,-1.0,-2.5,0.0,0.0,0.0
735978,2016-01-15,-1.0,-2.5,0.0,0.0,0.0
735979,2016-01-16,-1.0,-2.5,0.0,0.0,0.0
735980,2016-01-17,-1.0,-2.5,0.0,0.0,0.0
735981,2016-01-18,-1.0,-2.5,0.0,0.0,0.0
735982,2016-01-19,-1.0,-2.5,0.0,0.0,0.0
735983,2016-01-20,-1.0,-2.5,0.0,0.0,0.0
735984,2016-01-21,-1.0,-2.5,0.0,0.0,0.0
735985,2016-01-22,-1.0,-2.5,0.0,0.0,0.0
735986,2016-01-23,-1.0,-2.5,0.0,0.0,0.0
735987,2016-01-24,-1.0,-2.5,0.0,0.0,0.0
735988,2016-01-25,-1.0,-2.5,0.0,0.0,0.0
735989,2016-01-26,-1.0,-2.5,0.0,0.0,0.0
735990,2016-01-27,-1.0,-2.5,0.0,0.0,0.0
735991,2016-01-28,-1.0,-2.5,0.0,0.0,0.0
735992,2016-01-29,-1.0,-2.5,0.0,0.0,0.0
735993,2016-01-30,-1.0,-2.5,0.0,0.0,0.0
735994,2016-01-31,-1.0,-2.5,0.0,0.0,0.0
735995,2016-02-01,-1.0,-2.5,0.0,0.0,0.0
735996,2016-02-02,-1.0,-2.5,0.0,0.0,0.0
735997,2016-02-03,-1.0,-2.5,0.0,0.0,0.0
735998,2016-02-04,-1.0,-2.5,0.0,0.0,0.0
735999,2016-02-05,-1.0,-2.5,0.0,0.0,0.0
736000,2016-02-06,-1.0,-2.5,0.0,0.0,0.0
736001,2016-02-07,-1.0,-2.5,0.0,0.0,0.0
736002,2016-02-08,-1.0,-2.5,0.0,0.0,0.0
736003,2016-02-09,-1.0,-2.5,0.0,0.0,0.0
736004,2016-02-10,-1.0,-2.5,0.0,0.0,0.0
736005,2016-02-11,-1.0,-2.5,0.0,0.0,0.0
736006,2016-02-12,-1.0,-2.5,0.0,0.0,0.0
736007,2016-02-13,-1.0,-2.5,0.0,0.0,0.0
736008,2016-02-14,-1.0,-2.5,0.0,0.0,0.0
736009,2016-02-15,-1.0,-2.5,0.0,0.0,0.0
736010,2016-02-16,-1.0,-2.5,0.0,0.0,0.0
736011,2016-02-17,-7.0,-3.8,0.0,0.0,0.0
736012,2016-02-18,-7.0,-3.8,0.0,0.0,0.0
736013,2016-02-19,-7.0,-3.8,0.0,0.0,0.0
736014,2016-02-20,-7.0,-3.8,0.0,0.0,0.0
736015,2016-02-21,-7.0,-3.8,0.0,0.0,0.0
736016,2016-02-22,-7.0,-3.8,0.0,0.0,0.0
736017,2016-02-23,-7.0,-3.8,0.0,0.0,0.0
736018,2016-02-24,-7.0,-3.8,0.0,0.0,0.0
736019,2016-02-25,-7.0,-3.8,0.0,0.0,0.0
736020,2016-02-26,-7.0,-3.8,0.0,0.0,0.0
736021,2016-02-27,-7.0,-3.8,0.0,0.0,0.0
736022,2016-02-28,-7.0,-3.8,0.0,0.0,0.0
736023,2016-02-29,-7.0,-3.8,0.0,0.0,0.0
736024,2016-03-01,-7.0,-3.8,0.0,0.0,0.0
736025,2016-03-02,-7.0,-3.8,0.0,0.0,0.0
736026,2016-03-03,-7.0,-3.8,0.0,0.0,0.0
736027,2016-03-04,-7.0,-3.8,0.0,0.0,0.0
736028,2016-03-05,-7.0,-3.8,0.0,0.0,0.0
736029,2016-03-06,-7.0,-3.8,0.0,0.0,0.0
736030,2016-03-07,-7.0,-3.8,0.0,0.0,0.0
736031,2016-03-08,-7.0,-3.8,0.0,0.0,0.0
736032,2016-03-09,-7.0,-3.8,0.0,0.0,0.0
736033,2016-03-10,-7.0,-3.8,0.0,0.0,0.0
736034,2016-03-11,-7.0,-3.8,0.0,0.0,0.0
736035,2016-03-12,-7.0,-3.8,0.0,0.0,0.0
736036,2016-03-13,-7.0,-3.8,0.0,0.0,0.0
736037,2016-03-14,-7.0,-3.8,0.0,0.0,0.0
736038,2016-03-15,-7.0,-3.8,0.0,0.0,0.0
736039,2016-03-16,34.0,5.2,0.0,0.0,0.0
736040,2016-03-17,34.0,5.2,0.0,0.0,0.0
736041,2016-03-18,34.0,5.2,0.0,0.0,0.0
736042,2016-03-19,34.0,5.2,0.0,0.0,0.0
736043,2016-03-20,34.0,5.2,0.0,0.0,0.0
736044,2016-03-21,34.0,5.2,0.0,0.0,0.0
736045,2016-03-22,34.0,5.2,0.0,0.0,0.0
736046,2016-03-23,34.0,5.2,0.0,0.0,0.0
736047,2016-03-24,34.0,5.2,0.0,0.0,0.0
736048,2016-03-25,34.0,5.2,0.0,0.0,0.0
736049,2016-03-26,34.0,5.2,0.0,0.0,0.0
736050,2016-03-27,34.0,5.2,0.0,0.0,0.0
736051,2016-03-28,34.0,5.2,0.0,0.0,0.0
736052,2016-03-29,34.0,5.2,0.0,0.0,0.0
736053,2016-03-30,34.0,5.2,0.0,0.0,0.0
736054,2016-03-31,34.0,5.2,0.0,0.0,0.0
736055,2016-04-01,34.0,5.2,0.0,0.0,0.0
736056,2016-04-02,34.0,5.2,0.0,0.0,0.0
736057,2016-04-03,34.0,5.2,0.0,0.0,0.0
736058,2016-04-04,34.0,5.2,0.0,0.0,0.0
736059,2016-04-05,34.0,5.2,0.0,0.0,0.0
736060,2016-04-06,34.0,5.2,0.0,0.0,0.0
736061,2016-04-07,34.0,5.2,0.0,0.0,0.0
736062,2016-04-08,34.0,5.2,0.0,0.0,0.0
736063,2016-04-09,34.0,5.2,0.0,0.0,0.0
736064,2016-04-10,34.0,5.2,7.24,0.0,0.0
736065,2016-04-11,34.0,5.2,7.63,0.0,0.0
736066,2016-04-12,34.0,5.2,8.02,0.0,0.0
736067,2016-04-13,34.0,5.2,8.41,0.0,0.0
736068,2016-04-14,34.0,5.2,8.8,0.0,0.0
736069,2016-04-15,34.0,5.2,9.19,0.0,0.0
736070,2016-04-16,34.0,5.2,9.58,0.0,0.0
736071,2016-04-17,34.0,5.2,9.97,0.0,0.0
736072,2016-04-18,34.0,5.2,10.36,0.0,0.0
736073,2016-04-19,-30.0,-8.8,10.03,0.0,0.0
736074,2016-04-20,-30.0,-8.8,9.71,0.0,0.0
736075,2016-04-21,-30.0,-8.8,9.39,0.0,0.0
736076,2016-04-22,-30.0,-8.8,9.07,0.0,0.0
736077,2016-04-23,-30.0,-8.8,8.74,0.0,0.0
736078,2016-04-24,-30.0,-8.8,8.42,0.0,0.0
736079,2016-04-25,-30.0,-8.8,8.1,0.0,0.0
736080,2016-04-26,-30.0,-8.8,7.78,0.0,0.0
736081,2016-04-27,-30.0,-8.8,7.46,0.0,0.0
736082,2016-04-28,-30.0,-8.8,7.13,0.0,0.0
736083,2016-04-29,-30.0,-8.8,6.81,0.0,0.0
736084,2016-04-30,-30.0,-8.8,6.49,0.0,0.0
736085,2016-05-01,-30.0,-8.8,6.17,0.0,0.0
736086,2016-05-02,-30.0,-8.8,5.84,0.0,0.0
736087,2016-05-03,-30.0,-8.8,5.52,0.0,0.0
736088,2016-05-04,-30.0,-8.8,5.2,0.0,0.0
736089,2016-05-05,-30.0,-8.8,4.88,0.0,0.0
736090,2016-05-06,-30.0,-8.8,4.56,0.0,0.0
736091,2016-05-07,-30.0,-8.8,4.23,0.0,0.0
736092,2016-05-08,-30.0,-8.8,3.91,0.0,0.0
736093,2016-05-09,-30.0,-8.8,3.59,0.0,0.0
736094,2016-05-10,-30.0,-8.8,3.27,0.0,0.0
736095,2016-05-11,-30.0,-8.8,2.94,0.0,0.0
736096,2016-05-12,-30.0,-8.8,2.62,0.0,0.0
736097,2016-05-13,-30.0,-8.8,2.3,0.0,0.0
736098,2016-05-14,-30.0,-8.8,1.98,0.0,0.0
736099,2016-05-15,-30.0,-8.8,1.66,0.0,0.0
736100,2016-05-16,-30.0,-8.8,1.33,0.0,0.0
736101,2016-05-17,40.0,6.6,1.86,0.0,0.0
736102,2016-05-18,40.0,6.6,2.38,0.0,0.0
736103,2016-05-19,40.0,6.6,2.9,0.0,0.0
736104,2016-05-20,40.0,6.6,3.42,0.0,0.0
736105,2016-05-21,40.0,6.6,3.94,0.0,0.0
736106,2016-05-22,40.0,6.6,4.47,0.0,0.0
736107,2016-05-23,40.0,6.6,4.99,0.0,0.0
736108,2016-05-24,40.0,6.6,5.51,0.0,0.0
736109,2016-05-25,40.0,6.6,6.03,0.0,0.0
736110,2016-05-26,40.0,6.6,6.56,0.0,0.0
736111,2016-05-27,40.0,6.6,7.08,0.0,0.0
736112,2016-05-28,40.0,6.6,7.6,0.0,0.0
736113,2016-05-29,40.0,6.6,8.12,0.0,0.0
736114,2016-05-30,40.0,6.6,8.64,0.0,0.0
736115,2016-05-31,40.0,6.6,9.17,0.0,0.0
736116,2016-06-01,40.0,6.6,9.69,0.0,0.0
736117,2016-06-02,40.0,6.6,10.21,0.0,0.0
736118,2016-06-03,40.0,6.6,10.73,0.0,0.0
736119,2016-06-04,40.0,6.6,11.26,0.0,0.0
736120,2016-06-05,40.0,6.6,11.78,0.0,0.0
736121,2016-06-06,40.0,6.6,12.3,0.0,0.0
736122,2016-06-07,40.0,6.6,12.82,0.0,0.0
736123,2016-06-08,40.0,6.6,13.34,0.0,0.0
736124,2016-06-09,40.0,6.6,13.87,0.0,0.0
736125,2016-06-10,40.0,6.6,14.39,0.0,0.0
736126,2016-06-11,40.0,6.6,14.91,0.0,0.0
736127,2016-06-12,40.0,6.6,15.43,0.0,0.0
736128,2016-06-13,40.0,6.6,15.96,0.0,0.0
736129,2016-06-14,40.0,6.6,16.02,0.0,0.0
736130,2016-06-15,40.0,6.6,16.09,0.0,0.0
736131,2016-06-16,40.0,6.6,16.16,0.0,0.0
736132,2016-06-17,9.0,-0.3,15.88,0.0,0.0
736133,2016-06-18,9.0,-0.3,15.6,0.0,0.0
736134,2016-06-19,9.0,-0.3,15.32,0.0,0.0
736135,2016-06-20,9.0,-0.3,15.04,0.0,0.0
736136,2016-06-21,9.0,-0.3,14.77,0.0,0.0
736137,2016-06-22,9.0,-0.3,14.49,0.0,0.0
736138,2016-06-23,9.0,-0.3,14.21,0.0,0.0
736139,2016-06-24,9.0,-0.3,13.93,0.0,0.0
736140,2016-06-25,9.0,-0.3,13.66,0.0,0.0
736141,2016-06-26,9.0,-0.3,13.38,0.0,0.0
736142,2016-06-27,9.0,-0.3,13.1,0.0,0.0
736143,2016-06-28,9.0,-0.3,12.82,0.0,0.0
736144,2016-06-29,9.0,-0.3,12.54,0.0,0.0
736145,2016-06-30,9.0,-0.3,12.27,0.0,0.0
736146,2016-07-01,9.0,-0.3,11.99,0.0,0.0
736147,2016-07-02,9.0,-0.3,11.71,0.0,0.0
736148,2016-07-03,9.0,-0.3,11.43,0.0,0.0
736149,2016-07-04,9.0,-0.3,11.16,0.0,0.0
736150,2016-07-05,9.0,-0.3,10.88,0.0,0.0
736151,2016-07-06,9.0,-0.3,10.6,0.0,0.0
736152,2016-07-07,9.0,-0.3,10.32,0.0,0.0
736153,2016-07-08,9.0,-0.3,10.04,0.0,0.0
736154,2016-07-09,9.0,-0.3,9.77,8.51,0.0
736155,2016-07-10,9.0,-0.3,9.49,8.56,0.0
736156,2016-07-11,9.0,-0.3,9.21,8.62,0.0
736157,2016-07-12,9.0,-0.3,8.93,8.67,0.0
736158,2016-07-13,9.0,-0.3,8.66,8.73,0.0
736159,2016-07-14,9.0,-0.3,8.38,8.78,0.0
736160,2016-07-15,9.0,-0.3,8.1,8.84,0.0
736161,2016-07-16,9.0,-0.3,7.82,8.89,0.0
736162,2016-07-17,9.0,-0.3,7.54,8.95,0.0
736163,2016-07-18,9.0,-0.3,7.98,9.01,0.0
736164,2016-07-19,32.0,4.8,8.67,9.19,0.0
736165,2016-07-20,32.0,4.8,9.36,9.37,0.0
736166,2016-07-21,32.0,4.8,10.04,9.56,0.0
736167,2016-07-22,32.0,4.8,10.73,9.74,0.0
736168,2016-07-23,32.0,4.8,11.42,9.92,0.0
736169,2016-07-24,32.0,4.8,12.11,10.11,0.0
736170,2016-07-25,32.0,4.8,12.8,10.29,0.0
736171,2016-07-26,32.0,4.8,13.49,10.47,0.0
736172,2016-07-27,32.0,4.8,14.18,10.66,0.0
736173,2016-07-28,32.0,4.8,14.87,10.84,0.0
736174,2016-07-29,32.0,4.8,15.56,11.02,0.0
736175,2016-07-30,32.0,4.8,16.24,11.21,0.0
736176,2016-07-31,32.0,4.8,16.93,11.39,0.0
736177,2016-08-01,32.0,4.8,17.62,11.57,0.0
736178,2016-08-02,32.0,4.8,18.31,11.76,0.0
736179,2016-08-03,32.0,4.8,19.0,11.94,0.0
736180,2016-08-04,32.0,4.8,19.69,12.12,0.0
736181,2016-08-05,32.0,4.8,20.38,12.31,0.0
736182,2016-08-06,32.0,4.8,21.07,12.49,0.0
736183,2016-08-07,32.0,4.8,21.76,12.67,0.0
736184,2016-08-08,32.0,4.8,22.44,12.86,0.0
736185,2016-08-09,32.0,4.8,23.13,13.04,0.0
736186,2016-08-10,32.0,4.8,23.82,13.22,0.0
736187,2016-08-11,32.0,4.8,24.51,13.41,0.0
736188,2016-08-12,32.0,4.8,25.2,13.59,0.0
736189,2016-08-13,32.0,4.8,25.89,13.77,0.0
736190,2016-08-14,32.0,4.8,26.58,13.96,0.0
736191,2016-08-15,32.0,4.8,26.49,14.17,0.0
736192,2016-08-16,20.0,2.1,26.27,14.32,0.0
736193,2016-08-17,20.0,2.1,26.04,14.47,0.0
736194,2016-08-18,20.0,2.1,25.82,14.62,0.0
736195,2016-08-19,20.0,2.1,25.6,14.77,0.0
736196,2016-08-20,20.0,2.1,25.38,14.92,0.0
736197,2016-08-21,20.0,2.1,25.16,15.07,0.0
736198,2016-08-22,20.0,2.1,24.93,15.22,0.0
736199,2016-08-23,20.0,2.1,24.71,15.37,0.0
736200,2016-08-24,20.0,2.1,24.49,15.52,0.0
736201,2016-08-25,20.0,2.1,24.27,15.67,0.0
736202,2016-08-26,20.0,2.1,24.04,15.82,0.0
736203,2016-08-27,20.0,2.1,23.82,15.97,0.0
736204,2016-08-28,20.0,2.1,23.6,16.12,0.0
736205,2016-08-29,20.0,2.1,23.38,16.27,0.0
736206,2016-08-30,20.0,2.1,23.16,16.42,0.0
736207,2016-08-31,20.0,2.1,22.93,16.57,0.0
736208,2016-09-01,20.0,2.1,22.71,16.72,0.0
736209,2016-09-02,20.0,2.1,22.49,16.87,0.0
736210,2016-09-03,20.0,2.1,22.27,17.02,0.0
736211,2016-09-04,20.0,2.1,22.04,17.17,0.0
736212,2016-09-05,20.0,2.1,21.82,17.32,0.0
736213,2016-09-06,20.0,2.1,21.6,17.47,0.0
736214,2016-09-07,20.0,2.1,21.38,17.62,0.0
736215,2016-09-08,20.0,2.1,21.16,17.77,0.0
736216,2016-09-09,20.0,2.1,20.93,17.92,0.0
736217,2016-09-10,20.0,2.1,20.71,18.07,0.0
736218,2016-09-11,20.0,2.1,20.49,18.22,0.0
736219,2016-09-12,20.0,2.1,20.27,18.14,0.0
736220,2016-09-13,20.0,2.1,20.04,18.07,0.0
736221,2016-09-14,20.0,2.1,19.82,17.99,0.0
736222,2016-09-15,20.0,2.1,19.94,17.91,0.0
736223,2016-09-16,20.0,2.1,20.07,17.83,0.0
736224,2016-09-17,20.0,2.1,20.19,17.76,0.0
736225,2016-09-18,20.0,2.1,20.31,17.68,0.0
736226,2016-09-19,20.0,2.1,20.43,17.6,0.0
736227,2016-09-20,-16.0,-5.8,20.16,17.32,0.0
736228,2016-09-21,-16.0,-5.8,19.88,17.04,0.0
736229,2016-09-22,-16.0,-5.8,19.6,16.77,0.0
736230,2016-09-23,-16.0,-5.8,19.32,16.49,0.0
736231,2016-09-24,-16.0,-5.8,19.04,16.21,0.0
736232,2016-09-25,-16.0,-5.8,18.77,15.93,0.0
736233,2016-09-26,-16.0,-5.8,18.49,15.66,0.0
736234,2016-09-27,-16.0,-5.8,18.21,15.38,0.0
736235,2016-09-28,-16.0,-5.8,17.93,15.1,0.0
736236,2016-09-29,-16.0,-5.8,17.66,14.82,0.0
736237,2016-09-30,-16.0,-5.8,17.38,14.54,0.0
736238,2016-10-01,-16.0,-5.8,17.1,14.27,0.0
736239,2016-10-02,-16.0,-5.8,16.82,13.99,0.0
736240,2016-10-03,-16.0,-5.8,16.54,13.71,0.0
736241,2016-10-04,-16.0,-5.8,16.27,13.43,0.0
736242,2016-10-05,-16.0,-5.8,15.99,13.16,0.0
736243,2016-10-06,-16.0,-5.8,15.71,12.88,0.0
736244,2016-10-07,-16.0,-5.8,15.43,12.6,0.0
736245,2016-10-08,-16.0,-5.8,15.16,12.32,0.0
736246,2016-10-09,-16.0,-5.8,14.88,12.04,0.0
736247,2016-10-10,-16.0,-5.8,14.6,11.77,0.0
736248,2016-10-11,-16.0,-5.8,14.32,11.49,0.0
736249,2016-10-12,-16.0,-5.8,14.04,11.21,0.0
736250,2016-10-13,-16.0,-5.8,13.77,10.93,0.0
736251,2016-10-14,-16.0,-5.8,13.49,10.66,0.0
736252,2016-10-15,-16.0,-5.8,13.21,10.38,0.0
736253,2016-10-16,-16.0,-5.8,12.93,10.46,0.0
736254,2016-10-17,-16.0,-5.8,12.4,10.53,0.0
736255,2016-10-18,-16.0,-5.8,11.87,10.61,0.0
736256,2016-10-19,-31.0,-9.0,11.17,10.61,0.0
736257,2016-10-20,-31.0,-9.0,10.47,10.6,0.0
736258,2016-10-21,-31.0,-9.0,9.77,10.59,0.0
736259,2016-10-22,-31.0,-9.0,9.07,10.59,0.0
736260,2016-10-23,-31.0,-9.0,8.37,10.58,0.0
736261,2016-10-24,-31.0,-9.0,7.67,10.58,0.0
736262,2016-10-25,-31.0,-9.0,6.97,10.57,0.0
736263,2016-10-26,-31.0,-9.0,6.27,10.57,0.0
736264,2016-10-27,-31.0,-9.0,5.57,10.56,0.0
736265,2016-10-28,-31.0,-9.0,4.87,10.56,0.0
736266,2016-10-29,-31.0,-9.0,4.17,10.55,0.0
736267,2016-10-30,-31.0,-9.0,3.47,10.54,0.0
736268,2016-10-31,-31.0,-9.0,2.77,10.54,0.0
736269,2016-11-01,-31.0,-9.0,2.07,10.53,0.0
736270,2016-11-02,-31.0,-9.0,1.37,10.53,0.0
736271,2016-11-03,-31.0,-9.0,0.67,10.52,0.0
736272,2016-11-04,-31.0,-9.0,-0.03,10.52,0.0
736273,2016-11-05,-31.0,-9.0,-0.73,10.51,0.0
736274,2016-11-06,-31.0,-9.0,-1.43,10.51,0.0
736275,2016-11-07,-31.0,-9.0,-2.13,10.5,0.0
736276,2016-11-08,-31.0,-9.0,-2.83,10.49,0.0
736277,2016-11-09,-31.0,-9.0,-3.53,10.49,0.0
736278,2016-11-10,-31.0,-9.0,-4.23,10.48,0.0
736279,2016-11-11,-31.0,-9.0,-4.93,10.48,0.0
736280,2016-11-12,-31.0,-9.0,-5.63,10.47,0.0
736281,2016-11-13,-31.0,-9.0,-6.33,10.08,0.0
736282,2016-11-14,-31.0,-9.0,-6.9,9.68,0.0
736283,2016-11-15,-31.0,-9.0,-7.47,9.29,0.0
736284,2016-11-16,-31.0,-9.0,-8.03,8.89,0.0
736285,2016-11-17,127.0,25.5,-6.84,9.38,0.0
736286,2016-11-18,127.0,25.5,-5.66,9.86,0.0
736287,2016-11-19,127.0,25.5,-4.47,10.34,0.0
736288,2016-11-20,127.0,25.5,-3.28,10.83,0.0
736289,2016-11-21,127.0,25.5,-2.09,11.31,0.0
736290,2016-11-22,127.0,25.5,-0.9,11.79,0.0
736291,2016-11-23,127.0,25.5,0.29,12.28,0.0
736292,2016-11-24,127.0,25.5,1.48,12.76,0.0
736293,2016-11-25,127.0,25.5,2.67,13.24,0.0
736294,2016-11-26,127.0,25.5,3.86,13.73,0.0
736295,2016-11-27,127.0,25.5,5.04,14.21,0.0
736296,2016-11-28,127.0,25.5,6.23,14.69,0.0
736297,2016-11-29,127.0,25.5,7.42,15.18,0.0
736298,2016-11-30,127.0,25.5,8.61,15.66,0.0
736299,2016-12-01,127.0,25.5,9.8,16.14,0.0
736300,2016-12-02,127.0,25.5,10.99,16.63,0.0
736301,2016-12-03,127.0,25.5,12.18,17.11,0.0
736302,2016-12-04,127.0,25.5,13.37,17.59,0.0
736303,2016-12-05,127.0,25.5,14.56,18.08,0.0
736304,2016-12-06,127.0,25.5,15.74,18.56,0.0
736305,2016-12-07,127.0,25.5,16.93,19.04,0.0
736306,2016-12-08,127.0,25.5,18.12,19.53,0.0
736307,2016-12-09,127.0,25.5,19.31,20.01,0.0
736308,2016-12-10,127.0,25.5,20.5,20.49,0.0
736309,2016-12-11,127.0,25.5,21.69,20.98,0.0
736310,2016-12-12,127.0,25.5,22.88,21.46,0.0
736311,2016-12-13,127.0,25.5,24.07,21.94,0.0
736312,2016-12-14,127.0,25.5,25.26,22.6,0.0
736313,2016-12-15,127.0,25.5,26.44,23.26,0.0
736314,2016-12-16,-75.0,-18.7,25.39,22.79,0.0
736315,2016-12-17,-75.0,-18.7,24.33,22.32,0.0
736316,2016-12-18,-75.0,-18.7,23.28,21.86,0.0
736317,2016-12-19,-75.0,-18.7,22.62,21.39,0.0
736318,2016-12-20,-75.0,-18.7,21.97,20.92,0.0
736319,2016-12-21,-75.0,-18.7,21.31,20.46,0.0
736320,2016-12-22,-75.0,-18.7,20.66,19.99,0.0
736321,2016-12-23,-75.0,-18.7,20.0,19.52,0.0
736322,2016-12-24,-75.0,-18.7,19.34,19.06,0.0
736323,2016-12-25,-75.0,-18.7,18.69,18.59,0.0
736324,2016-12-26,-75.0,-18.7,18.03,18.12,0.0
736325,2016-12-27,-75.0,-18.7,17.38,17.66,0.0
736326,2016-12-28,-75.0,-18.7,16.72,17.19,0.0
736327,2016-12-29,-75.0,-18.7,16.07,16.72,0.0
736328,2016-12-30,-75.0,-18.7,15.41,16.26,0.0
736329,2016-12-31,-75.0,-18.7,14.76,15.79,0.0
736330,2017-01-01,-75.0,-18.7,14.1,15.32,0.0
736331,2017-01-02,-75.0,-18.7,13.44,14.86,0.0
736332,2017-01-03,-75.0,-18.7,12.79,14.39,0.0
736333,2017-01-04,-75.0,-18.7,12.13,13.92,0.0
736334,2017-01-05,-75.0,-18.7,11.48,13.46,0.0
736335,2017-01-06,-75.0,-18.7,10.82,12.99,0.0
736336,2017-01-07,-75.0,-18.7,10.17,12.52,0.0
736337,2017-01-08,-75.0,-18.7,9.51,12.06,0.0
736338,2017-01-09,-75.0,-18.7,8.86,11.59,0.0
736339,2017-01-10,-75.0,-18.7,8.2,11.12,9.8
736340,2017-01-11,-75.0,-18.7,7.54,10.66,9.6
736341,2017-01-12,-75.0,-18.7,6.89,10.19,9.4
736342,2017-01-13,-75.0,-18.7,6.23,9.72,9.19
736343,2017-01-14,-75.0,-18.7,5.58,9.26,8.99
736344,2017-01-15,-75.0,-18.7,4.92,8.66,8.79
736345,2017-01-16,-75.0,-18.7,4.27,8.07,8.59
736346,2017-01-17,-75.0,-18.7,3.78,7.47,8.38
736347,2017-01-18,-75.0,-18.7,3.29,6.88,8.18
736348,2017-01-19,62.0,11.3,4.32,7.04,8.35
736349,2017-01-20,62.0,11.3,5.36,7.21,8.53
736350,2017-01-21,62.0,11.3,6.39,7.38,8.7
736351,2017-01-22,62.0,11.3,7.42,7.54,8.87
736352,2017-01-23,62.0,11.3,8.46,7.71,9.04
736353,2017-01-24,62.0,11.3,9.49,7.88,9.22
736354,2017-01-25,62.0,11.3,10.52,8.04,9.39
736355,2017-01-26,62.0,11.3,11.56,8.21,9.56
736356,2017-01-27,62.0,11.3,12.59,8.38,9.73
736357,2017-01-28,62.0,11.3,13.62,8.54,9.91
736358,2017-01-29,62.0,11.3,14.66,8.71,10.08
736359,2017-01-30,62.0,11.3,15.69,8.88,10.25
736360,2017-01-31,62.0,11.3,16.72,9.04,10.42
736361,2017-02-01,62.0,11.3,17.76,9.21,10.6
736362,2017-02-02,62.0,11.3,18.79,9.38,10.77
736363,2017-02-03,62.0,11.3,19.82,9.54,10.94
736364,2017-02-04,62.0,11.3,20.86,9.71,11.12
736365,2017-02-05,62.0,11.3,21.89,9.88,11.29
736366,2017-02-06,62.0,11.3,22.92,10.04,11.46
736367,2017-02-07,62.0,11.3,23.96,10.21,11.63
736368,2017-02-08,62.0,11.3,24.99,10.38,11.81
736369,2017-02-09,62.0,11.3,26.02,10.54,11.98
736370,2017-02-10,62.0,11.3,27.06,10.71,12.15
736371,2017-02-11,62.0,11.3,28.09,10.88,12.32
736372,2017-02-12,62.0,11.3,29.12,11.11,12.5
736373,2017-02-13,62.0,11.3,30.16,11.34,12.67
736374,2017-02-14,62.0,11.3,31.19,11.58,12.84
736375,2017-02-15,62.0,11.3,30.47,11.81,13.01
736376,2017-02-16,-2.0,-2.6,29.03,11.69,13.03
736377,2017-02-17,-2.0,-2.6,27.6,11.57,13.04
736378,2017-02-18,-2.0,-2.6,26.17,11.44,13.05
736379,2017-02-19,-2.0,-2.6,24.73,11.32,13.07
736380,2017-02-20,-2.0,-2.6,23.3,11.2,13.08
736381,2017-02-21,-2.0,-2.6,21.87,11.08,13.1
736382,2017-02-22,-2.0,-2.6,20.43,10.96,13.11
736383,2017-02-23,-2.0,-2.6,19.0,10.83,13.12
736384,2017-02-24,-2.0,-2.6,17.57,10.71,13.14
736385,2017-02-25,-2.0,-2.6,16.13,10.59,13.15
736386,2017-02-26,-2.0,-2.6,14.7,10.47,13.16
736387,2017-02-27,-2.0,-2.6,13.27,10.34,13.18
736388,2017-02-28,-2.0,-2.6,11.83,10.22,13.19
736389,2017-03-01,-2.0,-2.6,10.4,10.1,13.21
736390,2017-03-02,-2.0,-2.6,8.97,9.98,13.22
736391,2017-03-03,-2.0,-2.6,7.53,9.86,13.23
736392,2017-03-04,-2.0,-2.6,6.1,9.73,13.25
736393,2017-03-05,-2.0,-2.6,4.67,9.61,13.26
736394,2017-03-06,-2.0,-2.6,3.23,9.49,13.27
736395,2017-03-07,-2.0,-2.6,1.8,9.37,13.29
736396,2017-03-08,-2.0,-2.6,0.37,9.24,13.3
736397,2017-03-09,-2.0,-2.6,-1.07,9.12,13.32
736398,2017-03-10,-2.0,-2.6,-2.5,9.0,13.33
736399,2017-03-11,-2.0,-2.6,-3.93,8.88,13.34
736400,2017-03-12,-2.0,-2.6,-5.37,8.76,13.36
736401,2017-03-13,-2.0,-2.6,-6.8,8.63,13.37
736402,2017-03-14,-2.0,-2.6,-8.23,8.51,13.38
736403,2017-03-15,-2.0,-2.6,-9.67,8.39,13.4
736404,2017-03-16,24.0,3.0,-8.57,8.41,13.37
736405,2017-03-17,24.0,3.0,-7.47,8.43,13.34
736406,2017-03-18,24.0,3.0,-6.37,8.46,13.32
736407,2017-03-19,24.0,3.0,-5.27,8.68,13.29
736408,2017-03-20,24.0,3.0,-4.17,8.9,13.26
736409,2017-03-21,24.0,3.0,-3.07,9.12,13.23
736410,2017-03-22,24.0,3.0,-1.97,9.34,13.21
736411,2017-03-23,24.0,3.0,-0.87,9.57,13.18
736412,2017-03-24,24.0,3.0,0.23,9.79,13.15
736413,2017-03-25,24.0,3.0,1.33,10.01,13.12
736414,2017-03-26,24.0,3.0,2.43,10.23,13.1
736415,2017-03-27,24.0,3.0,3.53,10.46,13.07
736416,2017-03-28,24.0,3.0,4.63,10.68,13.04
736417,2017-03-29,24.0,3.0,5.73,10.9,13.01
736418,2017-03-30,24.0,3.0,6.83,11.12,12.99
736419,2017-03-31,24.0,3.0,7.93,11.34,12.96
736420,2017-04-01,24.0,3.0,9.03,11.57,12.93
736421,2017-04-02,24.0,3.0,10.13,11.79,12.9
736422,2017-04-03,24.0,3.0,11.23,12.01,12.88
736423,2017-04-04,24.0,3.0,12.33,12.23,12.85
736424,2017-04-05,24.0,3.0,13.43,12.46,12.82
736425,2017-04-06,24.0,3.0,14.53,12.68,12.79
736426,2017-04-07,24.0,3.0,15.63,12.9,12.77
736427,2017-04-08,24.0,3.0,16.73,13.12,12.74
736428,2017-04-09,24.0,3.0,17.83,13.34,12.71
736429,2017-04-10,24.0,3.0,18.93,13.57,12.68
736430,2017-04-11,24.0,3.0,20.03,13.79,12.66
736431,2017-04-12,24.0,3.0,21.13,14.01,12.63
736432,2017-04-13,24.0,3.0,22.23,14.23,12.6
736433,2017-04-14,24.0,3.0,23.33,14.46,12.58
736434,2017-04-15,24.0,3.0,24.43,14.68,12.55
736435,2017-04-16,24.0,3.0,25.53,14.9,12.52
736436,2017-04-17,24.0,3.0,26.63,15.21,12.49
736437,2017-04-18,-21.0,-6.8,27.23,15.26,12.34
736438,2017-04-19,-21.0,-6.8,26.31,15.32,12.37
736439,2017-04-20,-21.0,-6.8,25.39,15.37,12.39
736440,2017-04-21,-21.0,-6.8,24.47,15.43,12.42
736441,2017-04-22,-21.0,-6.8,23.54,15.48,12.44
736442,2017-04-23,-21.0,-6.8,22.62,15.54,12.47
736443,2017-04-24,-21.0,-6.8,21.7,15.59,12.49
736444,2017-04-25,-21.0,-6.8,20.78,15.65,12.52
736445,2017-04-26,-21.0,-6.8,19.86,15.71,12.54
736446,2017-04-27,-21.0,-6.8,18.93,15.76,12.56
736447,2017-04-28,-21.0,-6.8,18.01,15.82,12.59
736448,2017-04-29,-21.0,-6.8,17.09,15.87,12.61
736449,2017-04-30,-21.0,-6.8,16.17,15.93,12.64
736450,2017-05-01,-21.0,-6.8,15.24,15.98,12.66
736451,2017-05-02,-21.0,-6.8,14.32,16.04,12.69
736452,2017-05-03,-21.0,-6.8,13.4,16.09,12.71
736453,2017-05-04,-21.0,-6.8,12.48,16.15,12.74
736454,2017-05-05,-21.0,-6.8,11.56,16.21,12.76
736455,2017-05-06,-21.0,-6.8,10.63,16.26,12.79
736456,2017-05-07,-21.0,-6.8,9.71,16.32,12.81
736457,2017-05-08,-21.0,-6.8,8.79,16.37,12.84
736458,2017-05-09,-21.0,-6.8,7.87,16.43,12.86
736459,2017-05-10,-21.0,-6.8,6.94,16.48,12.88
736460,2017-05-11,-21.0,-6.8,6.02,16.54,12.91
736461,2017-05-12,-21.0,-6.8,5.1,16.59,12.93
736462,2017-05-13,-21.0,-6.8,4.18,16.65,12.96
736463,2017-05-14,-21.0,-6.8,3.26,16.71,12.98
736464,2017-05-15,-21.0,-6.8,2.33,16.76,13.01
736465,2017-05-16,-2.0,-2.6,1.62,16.04,13.08
736466,2017-05-17,-2.0,-2.6,1.62,15.33,12.97
736467,2017-05-18,-2.0,-2.6,1.62,14.61,12.85
736468,2017-05-19,-2.0,-2.6,1.62,13.89,12.74
736469,2017-05-20,-2.0,-2.6,1.62,13.18,12.62
736470,2017-05-21,-2.0,-2.6,1.62,12.46,12.51
736471,2017-05-22,-2.0,-2.6,1.62,11.74,12.39
736472,2017-05-23,-2.0,-2.6,1.62,11.03,12.28
736473,2017-05-24,-2.0,-2.6,1.62,10.31,12.16
736474,2017-05-25,-2.0,-2.6,1.62,9.59,12.05
736475,2017-05-26,-2.0,-2.6,1.62,8.88,11.93
736476,2017-05-27,-2.0,-2.6,1.62,8.16,11.82
736477,2017-05-28,-2.0,-2.6,1.62,7.44,11.7
736478,2017-05-29,-2.0,-2.6,1.62,6.73,11.59
736479,2017-05-30,-2.0,-2.6,1.62,6.01,11.47
736480,2017-05-31,-2.0,-2.6,1.62,5.29,11.36
736481,2017-06-01,-2.0,-2.6,1.62,4.58,11.24
736482,2017-06-02,-2.0,-2.6,1.62,3.86,11.13
736483,2017-06-03,-2.0,-2.6,1.62,3.14,11.01
736484,2017-06-04,-2.0,-2.6,1.62,2.43,10.9
736485,2017-06-05,-2.0,-2.6,1.62,1.71,10.78
736486,2017-06-06,-2.0,-2.6,1.62,0.99,10.67
736487,2017-06-07,-2.0,-2.6,1.62,0.28,10.55
736488,2017-06-08,-2.0,-2.6,1.62,-0.44,10.44
736489,2017-06-09,-2.0,-2.6,1.62,-1.16,10.32
736490,2017-06-10,-2.0,-2.6,1.62,-1.87,10.21
736491,2017-06-11,-2.0,-2.6,1.62,-2.59,10.09
736492,2017-06-12,-2.0,-2.6,1.62,-3.31,9.98
736493,2017-06-13,-2.0,-2.6,1.62,-4.02,9.86
736494,2017-06-14,-2.0,-2.6,1.33,-3.62,9.75
736495,2017-06-15,-2.0,-2.6,1.04,-3.21,9.63
736496,2017-06-16,-15.0,-5.5,0.61,-2.88,9.48
736497,2017-06-17,-15.0,-5.5,0.18,-2.54,9.42
736498,2017-06-18,-15.0,-5.5,-0.26,-2.21,9.35
736499,2017-06-19,-15.0,-5.5,-0.69,-1.88,9.28
736500,2017-06-20,-15.0,-5.5,-1.12,-1.54,9.22
736501,2017-06-21,-15.0,-5.5,-1.56,-1.21,9.15
736502,2017-06-22,-15.0,-5.5,-1.99,-0.88,9.09
736503,2017-06-23,-15.0,-5.5,-2.42,-0.54,9.02
736504,2017-06-24,-15.0,-5.5,-2.86,-0.21,8.96
736505,2017-06-25,-15.0,-5.5,-3.29,0.12,8.89
736506,2017-06-26,-15.0,-5.5,-3.72,0.46,8.82
736507,2017-06-27,-15.0,-5.5,-4.16,0.79,8.76
736508,2017-06-28,-15.0,-5.5,-4.59,1.12,8.69
736509,2017-06-29,-15.0,-5.5,-5.02,1.46,8.63
736510,2017-06-30,-15.0,-5.5,-5.46,1.79,8.56
736511,2017-07-01,-15.0,-5.5,-5.89,2.12,8.5
736512,2017-07-02,-15.0,-5.5,-6.32,2.46,8.43
736513,2017-07-03,-15.0,-5.5,-6.76,2.79,8.36
736514,2017-07-04,-15.0,-5.5,-7.19,3.12,8.3
736515,2017-07-05,-15.0,-5.5,-7.62,3.46,8.23
736516,2017-07-06,-15.0,-5.5,-8.06,3.79,8.17
736517,2017-07-07,-15.0,-5.5,-8.49,4.12,8.1
736518,2017-07-08,-15.0,-5.5,-8.92,4.46,8.04
736519,2017-07-09,-15.0,-5.5,-9.36,4.79,7.97
736520,2017-07-10,-15.0,-5.5,-9.79,5.12,7.9
736521,2017-07-11,-15.0,-5.5,-10.22,5.46,7.84
736522,2017-07-12,-15.0,-5.5,-10.66,5.79,7.77
736523,2017-07-13,-15.0,-5.5,-11.09,6.12,7.71
736524,2017-07-14,-15.0,-5.5,-11.52,6.46,7.64
736525,2017-07-15,-15.0,-5.5,-11.96,6.79,7.58
736526,2017-07-16,-15.0,-5.5,-12.39,7.12,7.51
736527,2017-07-17,-15.0,-5.5,-12.32,7.46,7.44
736528,2017-07-18,-15.0,-5.5,-12.26,7.03,7.38
736529,2017-07-19,48.0,8.3,-11.49,6.95,7.42
736530,2017-07-20,48.0,8.3,-10.72,6.87,7.47
736531,2017-07-21,48.0,8.3,-9.96,6.79,7.51
736532,2017-07-22,48.0,8.3,-9.19,6.72,7.55
736533,2017-07-23,48.0,8.3,-8.42,6.64,7.6
736534,2017-07-24,48.0,8.3,-7.66,6.56,7.64
736535,2017-07-25,48.0,8.3,-6.89,6.48,7.68
736536,2017-07-26,48.0,8.3,-6.12,6.41,7.73
736537,2017-07-27,48.0,8.3,-5.36,6.33,7.77
736538,2017-07-28,48.0,8.3,-4.59,6.25,7.82
736539,2017-07-29,48.0,8.3,-3.82,6.17,7.86
736540,2017-07-30,48.0,8.3,-3.06,6.09,7.9
736541,2017-07-31,48.0,8.3,-2.29,6.02,7.95
736542,2017-08-01,48.0,8.3,-1.52,5.94,7.99
736543,2017-08-02,48.0,8.3,-0.76,5.86,8.04
736544,2017-08-03,48.0,8.3,0.01,5.78,8.08
736545,2017-08-04,48.0,8.3,0.78,5.71,8.12
736546,2017-08-05,48.0,8.3,1.54,5.63,8.17
736547,2017-08-06,48.0,8.3,2.31,5.55,8.21
736548,2017-08-07,48.0,8.3,3.08,5.47,8.25
736549,2017-08-08,48.0,8.3,3.84,5.39,8.3
736550,2017-08-09,48.0,8.3,4.61,5.32,8.34
736551,2017-08-10,48.0,8.3,5.38,5.24,8.39
736552,2017-08-11,48.0,8.3,6.14,5.16,8.43
736553,2017-08-12,48.0,8.3,6.91,5.08,8.47
736554,2017-08-13,48.0,8.3,7.68,5.01,8.52
736555,2017-08-14,48.0,8.3,8.23,4.93,8.56
736556,2017-08-15,48.0,8.3,8.79,5.21,8.61
736557,2017-08-16,-12.0,-4.8,8.68,5.15,8.52
736558,2017-08-17,-12.0,-4.8,8.57,5.09,8.43
736559,2017-08-18,-12.0,-4.8,8.46,5.04,8.34
736560,2017-08-19,-12.0,-4.8,8.34,4.98,8.25
736561,2017-08-20,-12.0,-4.8,8.23,4.93,8.17
736562,2017-08-21,-12.0,-4.8,8.12,4.87,8.08
736563,2017-08-22,-12.0,-4.8,8.01,4.82,7.99
736564,2017-08-23,-12.0,-4.8,7.9,4.76,7.9
736565,2017-08-24,-12.0,-4.8,7.79,4.71,7.82
736566,2017-08-25,-12.0,-4.8,7.68,4.65,7.73
736567,2017-08-26,-12.0,-4.8,7.57,4.59,7.64
736568,2017-08-27,-12.0,-4.8,7.46,4.54,7.55
736569,2017-08-28,-12.0,-4.8,7.34,4.48,7.47
736570,2017-08-29,-12.0,-4.8,7.23,4.43,7.38
736571,2017-08-30,-12.0,-4.8,7.12,4.37,7.29
736572,2017-08-31,-12.0,-4.8,7.01,4.32,7.2
736573,2017-09-01,-12.0,-4.8,6.9,4.26,7.12
736574,2017-09-02,-12.0,-4.8,6.79,4.21,7.03
736575,2017-09-03,-12.0,-4.8,6.68,4.15,6.94
736576,2017-09-04,-12.0,-4.8,6.57,4.09,6.85
736577,2017-09-05,-12.0,-4.8,6.46,4.04,6.76
736578,2017-09-06,-12.0,-4.8,6.34,3.98,6.68
736579,2017-09-07,-12.0,-4.8,6.23,3.93,6.59
736580,2017-09-08,-12.0,-4.8,6.12,3.87,6.5
736581,2017-09-09,-12.0,-4.8,6.01,3.82,6.41
736582,2017-09-10,-12.0,-4.8,5.9,3.76,6.33
736583,2017-09-11,-12.0,-4.8,5.79,3.71,6.24
736584,2017-09-12,-12.0,-4.8,5.68,3.51,6.15
736585,2017-09-13,-12.0,-4.8,5.57,3.31,6.06
736586,2017-09-14,-12.0,-4.8,5.6,3.11,5.98
736587,2017-09-15,-12.0,-4.8,5.63,2.91,5.89
736588,2017-09-16,-12.0,-4.8,5.67,2.71,5.8
736589,2017-09-17,-12.0,-4.8,5.7,2.51,5.71
736590,2017-09-18,-12.0,-4.8,5.73,2.31,5.62
736591,2017-09-19,7.0,-0.8,5.98,2.21,5.59
736592,2017-09-20,7.0,-0.8,6.22,2.12,5.65
736593,2017-09-21,7.0,-0.8,6.47,2.02,5.72
736594,2017-09-22,7.0,-0.8,6.71,1.93,5.78
736595,2017-09-23,7.0,-0.8,6.96,1.83,5.84
736596,2017-09-24,7.0,-0.8,7.2,1.74,5.9
736597,2017-09-25,7.0,-0.8,7.44,1.64,5.97
736598,2017-09-26,7.0,-0.8,7.69,1.55,6.03
736599,2017-09-27,7.0,-0.8,7.93,1.46,6.09
736600,2017-09-28,7.0,-0.8,8.18,1.36,6.16
736601,2017-09-29,7.0,-0.8,8.42,1.27,6.22
736602,2017-09-30,7.0,-0.8,8.67,1.17,6.28
736603,2017-10-01,7.0,-0.8,8.91,1.08,6.35
736604,2017-10-02,7.0,-0.8,9.16,0.98,6.41
736605,2017-10-03,7.0,-0.8,9.4,0.89,6.47
736606,2017-10-04,7.0,-0.8,9.64,0.79,6.53
736607,2017-10-05,7.0,-0.8,9.89,0.7,6.6
736608,2017-10-06,7.0,-0.8,10.13,0.61,6.66
736609,2017-10-07,7.0,-0.8,10.38,0.51,6.72
736610,2017-10-08,7.0,-0.8,10.62,0.42,6.79
736611,2017-10-09,7.0,-0.8,10.87,0.32,6.85
736612,2017-10-10,7.0,-0.8,11.11,0.23,6.91
736613,2017-10-11,7.0,-0.8,11.36,0.13,6.98
736614,2017-10-12,7.0,-0.8,11.6,0.04,7.04
736615,2017-10-13,7.0,-0.8,11.84,-0.06,7.1
736616,2017-10-14,7.0,-0.8,12.09,-0.15,7.16
736617,2017-10-15,7.0,-0.8,12.33,0.01,7.23
736618,2017-10-16,7.0,-0.8,12.58,0.16,7.29
736619,2017-10-17,7.0,-0.8,12.12,0.32,7.35
736620,2017-10-18,-11.0,-4.7,11.47,0.37,7.37
736621,2017-10-19,-11.0,-4.7,10.81,0.43,7.42
736622,2017-10-20,-11.0,-4.7,10.16,0.48,7.48
736623,2017-10-21,-11.0,-4.7,9.5,0.54,7.53
736624,2017-10-22,-11.0,-4.7,8.84,0.59,7.59
736625,2017-10-23,-11.0,-4.7,8.19,0.65,7.64
736626,2017-10-24,-11.0,-4.7,7.53,0.71,7.7
736627,2017-10-25,-11.0,-4.7,6.88,0.76,7.75
736628,2017-10-26,-11.0,-4.7,6.22,0.82,7.81
736629,2017-10-27,-11.0,-4.7,5.57,0.87,7.86
736630,2017-10-28,-11.0,-4.7,4.91,0.93,7.92
736631,2017-10-29,-11.0,-4.7,4.26,0.98,7.97
736632,2017-10-30,-11.0,-4.7,3.6,1.04,8.02
736633,2017-10-31,-11.0,-4.7,2.94,1.09,8.08
736634,2017-11-01,-11.0,-4.7,2.29,1.15,8.13
736635,2017-11-02,-11.0,-4.7,1.63,1.21,8.19
736636,2017-11-03,-11.0,-4.7,0.98,1.26,8.24
736637,2017-11-04,-11.0,-4.7,0.32,1.32,8.3
736638,2017-11-05,-11.0,-4.7,-0.33,1.37,8.35
736639,2017-11-06,-11.0,-4.7,-0.99,1.43,8.41
736640,2017-11-07,-11.0,-4.7,-1.64,1.48,8.46
736641,2017-11-08,-11.0,-4.7,-2.3,1.54,8.52
736642,2017-11-09,-11.0,-4.7,-2.96,1.59,8.57
736643,2017-11-10,-11.0,-4.7,-3.61,1.65,8.63
736644,2017-11-11,-11.0,-4.7,-4.27,1.71,8.68
736645,2017-11-12,-11.0,-4.7,-4.92,1.66,8.74
736646,2017-11-13,-11.0,-4.7,-5.58,1.61,8.79
736647,2017-11-14,-11.0,-4.7,-5.57,1.56,8.85
736648,2017-11-15,-11.0,-4.7,-5.56,1.51,8.9
736649,2017-11-16,-11.0,-4.7,-5.54,1.46,8.96
736650,2017-11-17,73.0,13.7,-4.6,1.87,8.81
736651,2017-11-18,73.0,13.7,-3.66,2.29,8.66
736652,2017-11-19,73.0,13.7,-2.71,2.71,8.51
736653,2017-11-20,73.0,13.7,-1.77,3.12,8.36
736654,2017-11-21,73.0,13.7,-0.82,3.54,8.22
736655,2017-11-22,73.0,13.7,0.12,3.96,8.07
736656,2017-11-23,73.0,13.7,1.07,4.37,7.92
736657,2017-11-24,73.0,13.7,2.01,4.79,7.77
736658,2017-11-25,73.0,13.7,2.96,5.21,7.62
736659,2017-11-26,73.0,13.7,3.9,5.62,7.48
736660,2017-11-27,73.0,13.7,4.84,6.04,7.33
736661,2017-11-28,73.0,13.7,5.79,6.46,7.18
736662,2017-11-29,73.0,13.7,6.73,6.87,7.03
736663,2017-11-30,73.0,13.7,7.68,7.29,6.88
736664,2017-12-01,73.0,13.7,8.62,7.71,6.74
736665,2017-12-02,73.0,13.7,9.57,8.12,6.59
736666,2017-12-03,73.0,13.7,10.51,8.54,6.44
736667,2017-12-04,73.0,13.7,11.46,8.96,6.29
736668,2017-12-05,73.0,13.7,12.4,9.37,6.15
736669,2017-12-06,73.0,13.7,13.34,9.79,6.0
736670,2017-12-07,73.0,13.7,14.29,10.21,5.85
736671,2017-12-08,73.0,13.7,15.23,10.62,5.7
736672,2017-12-09,73.0,13.7,16.18,11.04,5.55
736673,2017-12-10,73.0,13.7,17.12,11.46,5.41
736674,2017-12-11,73.0,13.7,18.07,11.87,5.26
736675,2017-12-12,73.0,13.7,19.01,12.29,5.11
736676,2017-12-13,73.0,13.7,19.96,12.78,4.96
736677,2017-12-14,73.0,13.7,20.9,13.27,4.81
736678,2017-12-15,73.0,13.7,21.84,13.76,4.67
736679,2017-12-16,73.0,13.7,22.79,14.24,5.07
736680,2017-12-17,73.0,13.7,23.73,14.73,5.48
736681,2017-12-18,73.0,13.7,24.47,15.22,5.88
736682,2017-12-19,25.0,3.3,24.67,15.44,6.16
736683,2017-12-20,25.0,3.3,24.87,15.67,6.43
736684,2017-12-21,25.0,3.3,25.07,15.89,6.7
736685,2017-12-22,25.0,3.3,25.27,16.11,6.98
736686,2017-12-23,25.0,3.3,25.47,16.33,7.25
736687,2017-12-24,25.0,3.3,25.67,16.56,7.53
736688,2017-12-25,25.0,3.3,25.87,16.78,7.8
736689,2017-12-26,25.0,3.3,26.07,17.0,8.07
736690,2017-12-27,25.0,3.3,26.27,17.22,8.35
736691,2017-12-28,25.0,3.3,26.47,17.44,8.62
736692,2017-12-29,25.0,3.3,26.67,17.67,8.9
736693,2017-12-30,25.0,3.3,26.87,17.89,9.17
736694,2017-12-31,25.0,3.3,27.07,18.11,9.44
736695,2018-01-01,25.0,3.3,27.27,18.33,9.72
736696,2018-01-02,25.0,3.3,27.47,18.56,9.99
736697,2018-01-03,25.0,3.3,27.67,18.78,10.27
736698,2018-01-04,25.0,3.3,27.87,19.0,10.54
736699,2018-01-05,25.0,3.3,28.07,19.22,10.81
736700,2018-01-06,25.0,3.3,28.27,19.44,11.09
736701,2018-01-07,25.0,3.3,28.47,19.67,11.36
736702,2018-01-08,25.0,3.3,28.67,19.89,11.64
736703,2018-01-09,25.0,3.3,28.87,20.11,11.91
736704,2018-01-10,25.0,3.3,29.07,20.33,12.18
736705,2018-01-11,25.0,3.3,29.27,20.56,12.46
736706,2018-01-12,25.0,3.3,29.47,20.78,12.73
736707,2018-01-13,25.0,3.3,29.67,21.0,13.01
736708,2018-01-14,25.0,3.3,29.87,21.22,13.28
736709,2018-01-15,25.0,3.3,30.07,21.09,13.55
736710,2018-01-16,25.0,3.3,30.47,20.97,13.83
736711,2018-01-17,25.0,3.3,30.87,20.84,14.1
736712,2018-01-18,-27.0,-8.2,30.69,20.42,14.23
736713,2018-01-19,-27.0,-8.2,30.51,20.01,13.99
736714,2018-01-20,-27.0,-8.2,30.33,19.59,13.75
736715,2018-01-21,-27.0,-8.2,30.16,19.17,13.5
736716,2018-01-22,-27.0,-8.2,29.98,18.76,13.26
736717,2018-01-23,-27.0,-8.2,29.8,18.34,13.01
736718,2018-01-24,-27.0,-8.2,29.62,17.92,12.77
736719,2018-01-25,-27.0,-8.2,29.44,17.51,12.53
736720,2018-01-26,-27.0,-8.2,29.27,17.09,12.28
736721,2018-01-27,-27.0,-8.2,29.09,16.67,12.04
736722,2018-01-28,-27.0,-8.2,28.91,16.26,11.79
736723,2018-01-29,-27.0,-8.2,28.73,15.84,11.55
736724,2018-01-30,-27.0,-8.2,28.56,15.42,11.31
736725,2018-01-31,-27.0,-8.2,28.38,15.01,11.06
736726,2018-02-01,-27.0,-8.2,28.2,14.59,10.82
736727,2018-02-02,-27.0,-8.2,28.02,14.17,10.58
736728,2018-02-03,-27.0,-8.2,27.84,13.76,10.33
736729,2018-02-04,-27.0,-8.2,27.67,13.34,10.09
736730,2018-02-05,-27.0,-8.2,27.49,12.92,9.84
736731,2018-02-06,-27.0,-8.2,27.31,12.51,9.6
736732,2018-02-07,-27.0,-8.2,27.13,12.09,9.36
736733,2018-02-08,-27.0,-8.2,26.96,11.67,9.11
736734,2018-02-09,-27.0,-8.2,26.78,11.26,8.87
736735,2018-02-10,-27.0,-8.2,26.6,10.84,8.62
736736,2018-02-11,-27.0,-8.2,26.42,10.42,8.38
736737,2018-02-12,-27.0,-8.2,26.24,10.34,8.14
736738,2018-02-13,-27.0,-8.2,26.07,10.26,7.89
736739,2018-02-14,-27.0,-8.2,25.89,10.17,7.65
736740,2018-02-15,-27.0,-8.2,24.78,10.09,7.41
736741,2018-02-16,55.0,9.7,24.58,10.46,7.56
736742,2018-02-17,55.0,9.7,24.38,10.83,7.72
736743,2018-02-18,55.0,9.7,24.18,11.21,7.87
736744,2018-02-19,55.0,9.7,23.98,11.58,8.03
736745,2018-02-20,55.0,9.7,23.78,11.95,8.19
736746,2018-02-21,55.0,9.7,23.58,12.32,8.34
736747,2018-02-22,55.0,9.7,23.38,12.69,8.5
736748,2018-02-23,55.0,9.7,23.18,13.07,8.65
736749,2018-02-24,55.0,9.7,22.98,13.44,8.81
736750,2018-02-25,55.0,9.7,22.78,13.81,8.97
736751,2018-02-26,55.0,9.7,22.58,14.18,9.12
736752,2018-02-27,55.0,9.7,22.38,14.56,9.28
736753,2018-02-28,55.0,9.7,22.18,14.93,9.44
736754,2018-03-01,55.0,9.7,21.98,15.3,9.59
736755,2018-03-02,55.0,9.7,21.78,15.67,9.75
736756,2018-03-03,55.0,9.7,21.58,16.04,9.9
736757,2018-03-04,55.0,9.7,21.38,16.42,10.06
736758,2018-03-05,55.0,9.7,21.18,16.79,10.22
736759,2018-03-06,55.0,9.7,20.98,17.16,10.37
736760,2018-03-07,55.0,9.7,20.78,17.53,10.53
736761,2018-03-08,55.0,9.7,20.58,17.91,10.68
736762,2018-03-09,55.0,9.7,20.38,18.28,10.84
736763,2018-03-10,55.0,9.7,20.18,18.65,11.0
736764,2018-03-11,55.0,9.7,19.98,19.02,11.15
736765,2018-03-12,55.0,9.7,19.78,19.39,11.31
736766,2018-03-13,55.0,9.7,19.58,19.77,11.47
736767,2018-03-14,55.0,9.7,19.38,20.14,11.62
736768,2018-03-15,55.0,9.7,19.18,20.51,11.78
736769,2018-03-16,-22.0,-7.0,18.12,20.46,11.65
736770,2018-03-17,-22.0,-7.0,17.07,20.4,11.53
736771,2018-03-18,-22.0,-7.0,16.01,20.24,11.4
736772,2018-03-19,-22.0,-7.0,15.49,20.08,11.27
736773,2018-03-20,-22.0,-7.0,14.97,19.92,11.15
736774,2018-03-21,-22.0,-7.0,14.44,19.76,11.02
736775,2018-03-22,-22.0,-7.0,13.92,19.59,10.9
736776,2018-03-23,-22.0,-7.0,13.4,19.43,10.77
736777,2018-03-24,-22.0,-7.0,12.88,19.27,10.64
736778,2018-03-25,-22.0,-7.0,12.36,19.11,10.52
736779,2018-03-26,-22.0,-7.0,11.83,18.95,10.39
736780,2018-03-27,-22.0,-7.0,11.31,18.79,10.27
736781,2018-03-28,-22.0,-7.0,10.79,18.63,10.14
736782,2018-03-29,-22.0,-7.0,10.27,18.47,10.01
736783,2018-03-30,-22.0,-7.0,9.74,18.31,9.89
736784,2018-03-31,-22.0,-7.0,9.22,18.14,9.76
736785,2018-04-01,-22.0,-7.0,8.7,17.98,9.64
736786,2018-04-02,-22.0,-7.0,8.18,17.82,9.51
736787,2018-04-03,-22.0,-7.0,7.66,17.66,9.38
736788,2018-04-04,-22.0,-7.0,7.13,17.5,9.26
736789,2018-04-05,-22.0,-7.0,6.61,17.34,9.13
736790,2018-04-06,-22.0,-7.0,6.09,17.18,9.01
736791,2018-04-07,-22.0,-7.0,5.57,17.02,8.88
736792,2018-04-08,-22.0,-7.0,5.04,16.86,8.75
736793,2018-04-09,-22.0,-7.0,4.52,16.69,8.63
736794,2018-04-10,-22.0,-7.0,4.0,16.53,8.5
736795,2018-04-11,-22.0,-7.0,3.48,16.37,8.38
736796,2018-04-12,-22.0,-7.0,2.96,16.21,8.25
736797,2018-04-13,-22.0,-7.0,2.43,16.05,8.12
736798,2018-04-14,-22.0,-7.0,1.91,15.89,8.0
736799,2018-04-15,-22.0,-7.0,1.39,15.73,7.87
736800,2018-04-16,-22.0,-7.0,0.87,15.67,7.75
736801,2018-04-17,19.0,1.9,0.8,15.83,7.73
736802,2018-04-18,19.0,1.9,1.31,16.0,7.84
736803,2018-04-19,19.0,1.9,1.82,16.17,7.95
736804,2018-04-20,19.0,1.9,2.33,16.33,8.06
736805,2018-04-21,19.0,1.9,2.84,16.5,8.17
736806,2018-04-22,19.0,1.9,3.36,16.67,8.28
736807,2018-04-23,19.0,1.9,3.87,16.83,8.39
736808,2018-04-24,19.0,1.9,4.38,17.0,8.5
736809,2018-04-25,19.0,1.9,4.89,17.17,8.61
736810,2018-04-26,19.0,1.9,5.4,17.33,8.72
736811,2018-04-27,19.0,1.9,5.91,17.5,8.83
736812,2018-04-28,19.0,1.9,6.42,17.67,8.94
736813,2018-04-29,19.0,1.9,6.93,17.83,9.05
736814,2018-04-30,19.0,1.9,7.44,18.0,9.16
736815,2018-05-01,19.0,1.9,7.96,18.17,9.27
736816,2018-05-02,19.0,1.9,8.47,18.33,9.38
736817,2018-05-03,19.0,1.9,8.98,18.5,9.48
736818,2018-05-04,19.0,1.9,9.49,18.67,9.59
736819,2018-05-05,19.0,1.9,10.0,18.83,9.7
736820,2018-05-06,19.0,1.9,10.51,19.0,9.81
736821,2018-05-07,19.0,1.9,11.02,19.17,9.92
736822,2018-05-08,19.0,1.9,11.53,19.33,10.03
736823,2018-05-09,19.0,1.9,12.04,19.5,10.14
736824,2018-05-10,19.0,1.9,12.56,19.67,10.25
736825,2018-05-11,19.0,1.9,13.07,19.83,10.36
736826,2018-05-12,19.0,1.9,13.58,20.0,10.47
736827,2018-05-13,19.0,1.9,14.09,20.17,10.58
736828,2018-05-14,19.0,1.9,14.6,20.33,10.69
736829,2018-05-15,19.0,1.9,15.11,20.5,10.8
736830,2018-05-16,-7.0,-3.7,15.33,20.06,10.79
736831,2018-05-17,-7.0,-3.7,14.64,19.61,10.77
736832,2018-05-18,-7.0,-3.7,13.96,19.17,10.76
736833,2018-05-19,-7.0,-3.7,13.27,18.72,10.75
736834,2018-05-20,-7.0,-3.7,12.58,18.28,10.73
736835,2018-05-21,-7.0,-3.7,11.89,17.83,10.72
736836,2018-05-22,-7.0,-3.7,11.2,17.39,10.7
736837,2018-05-23,-7.0,-3.7,10.51,16.94,10.69
736838,2018-05-24,-7.0,-3.7,9.82,16.5,10.68
736839,2018-05-25,-7.0,-3.7,9.13,16.06,10.66
736840,2018-05-26,-7.0,-3.7,8.44,15.61,10.65
736841,2018-05-27,-7.0,-3.7,7.76,15.17,10.64
736842,2018-05-28,-7.0,-3.7,7.07,14.72,10.62
736843,2018-05-29,-7.0,-3.7,6.38,14.28,10.61
736844,2018-05-30,-7.0,-3.7,5.69,13.83,10.59
736845,2018-05-31,-7.0,-3.7,5.0,13.39,10.58
736846,2018-06-01,-7.0,-3.7,4.31,12.94,10.57
736847,2018-06-02,-7.0,-3.7,3.62,12.5,10.55
736848,2018-06-03,-7.0,-3.7,2.93,12.06,10.54
736849,2018-06-04,-7.0,-3.7,2.24,11.61,10.53
736850,2018-06-05,-7.0,-3.7,1.56,11.17,10.51
736851,2018-06-06,-7.0,-3.7,0.87,10.72,10.5
736852,2018-06-07,-7.0,-3.7,0.18,10.28,10.48
736853,2018-06-08,-7.0,-3.7,-0.51,9.83,10.47
736854,2018-06-09,-7.0,-3.7,-1.2,9.39,10.46
736855,2018-06-10,-7.0,-3.7,-1.89,8.94,10.44
736856,2018-06-11,-7.0,-3.7,-2.58,8.5,10.43
736857,2018-06-12,-7.0,-3.7,-3.27,8.06,10.42
736858,2018-06-13,-7.0,-3.7,-3.96,7.61,10.4
736859,2018-06-14,-7.0,-3.7,-3.79,7.17,10.39
736860,2018-06-15,-7.0,-3.7,-3.62,6.72,10.38
736861,2018-06-16,-7.0,-3.7,-3.46,6.28,10.4
736862,2018-06-17,-7.0,-3.7,-3.29,6.1,10.42
736863,2018-06-18,-7.0,-3.7,-3.12,5.92,10.44
736864,2018-06-19,33.0,5.0,-2.51,5.97,10.57
736865,2018-06-20,33.0,5.0,-1.9,6.01,10.7
736866,2018-06-21,33.0,5.0,-1.29,6.06,10.84
736867,2018-06-22,33.0,5.0,-0.68,6.1,10.97
736868,2018-06-23,33.0,5.0,-0.07,6.14,11.1
736869,2018-06-24,33.0,5.0,0.54,6.19,11.23
736870,2018-06-25,33.0,5.0,1.16,6.23,11.36
736871,2018-06-26,33.0,5.0,1.77,6.28,11.49
736872,2018-06-27,33.0,5.0,2.38,6.32,11.62
736873,2018-06-28,33.0,5.0,2.99,6.37,11.76
736874,2018-06-29,33.0,5.0,3.6,6.41,11.89
736875,2018-06-30,33.0,5.0,4.21,6.46,12.02
736876,2018-07-01,33.0,5.0,4.82,6.5,12.15
736877,2018-07-02,33.0,5.0,5.43,6.54,12.28
736878,2018-07-03,33.0,5.0,6.04,6.59,12.41
736879,2018-07-04,33.0,5.0,6.66,6.63,12.55
736880,2018-07-05,33.0,5.0,7.27,6.68,12.68
736881,2018-07-06,33.0,5.0,7.88,6.72,12.81
736882,2018-07-07,33.0,5.0,8.49,6.77,12.94
736883,2018-07-08,33.0,5.0,9.1,6.81,13.07
736884,2018-07-09,33.0,5.0,9.71,6.86,13.2
736885,2018-07-10,33.0,5.0,10.32,6.9,13.33
736886,2018-07-11,33.0,5.0,10.93,6.94,13.47
736887,2018-07-12,33.0,5.0,11.54,6.99,13.6
736888,2018-07-13,33.0,5.0,12.16,7.03,13.73
736889,2018-07-14,33.0,5.0,12.77,7.08,13.86
736890,2018-07-15,33.0,5.0,13.38,7.12,13.99
736891,2018-07-16,33.0,5.0,13.53,7.17,14.12
736892,2018-07-17,33.0,5.0,13.69,7.5,14.25
736893,2018-07-18,-46.0,-12.3,12.97,7.39,14.17
736894,2018-07-19,-46.0,-12.3,12.24,7.29,13.91
736895,2018-07-20,-46.0,-12.3,11.52,7.18,13.65
736896,2018-07-21,-46.0,-12.3,10.8,7.08,13.4
736897,2018-07-22,-46.0,-12.3,10.08,6.97,13.14
736898,2018-07-23,-46.0,-12.3,9.36,6.87,12.88
736899,2018-07-24,-46.0,-12.3,8.63,6.76,12.62
736900,2018-07-25,-46.0,-12.3,7.91,6.66,12.37
736901,2018-07-26,-46.0,-12.3,7.19,6.55,12.11
736902,2018-07-27,-46.0,-12.3,6.47,6.44,11.85
736903,2018-07-28,-46.0,-12.3,5.74,6.34,11.59
736904,2018-07-29,-46.0,-12.3,5.02,6.23,11.34
736905,2018-07-30,-46.0,-12.3,4.3,6.13,11.08
736906,2018-07-31,-46.0,-12.3,3.58,6.02,10.82
736907,2018-08-01,-46.0,-12.3,2.86,5.92,10.56
736908,2018-08-02,-46.0,-12.3,2.13,5.81,10.31
736909,2018-08-03,-46.0,-12.3,1.41,5.71,10.05
736910,2018-08-04,-46.0,-12.3,0.69,5.6,9.79
736911,2018-08-05,-46.0,-12.3,-0.03,5.49,9.53
736912,2018-08-06,-46.0,-12.3,-0.76,5.39,9.28
736913,2018-08-07,-46.0,-12.3,-1.48,5.28,9.02
736914,2018-08-08,-46.0,-12.3,-2.2,5.18,8.76
736915,2018-08-09,-46.0,-12.3,-2.92,5.07,8.5
736916,2018-08-10,-46.0,-12.3,-3.64,4.97,8.25
736917,2018-08-11,-46.0,-12.3,-4.37,4.86,7.99
736918,2018-08-12,-46.0,-12.3,-5.09,4.76,7.73
736919,2018-08-13,-46.0,-12.3,-5.81,4.65,7.47
736920,2018-08-14,-46.0,-12.3,-6.24,4.54,7.22
736921,2018-08-15,-46.0,-12.3,-6.68,3.98,6.96
736922,2018-08-16,14.0,0.9,-6.44,3.76,7.03
736923,2018-08-17,14.0,0.9,-6.21,3.53,7.1
736924,2018-08-18,14.0,0.9,-5.98,3.3,7.17
736925,2018-08-19,14.0,0.9,-5.74,3.07,7.24
736926,2018-08-20,14.0,0.9,-5.51,2.84,7.32
736927,2018-08-21,14.0,0.9,-5.28,2.62,7.39
736928,2018-08-22,14.0,0.9,-5.04,2.39,7.46
736929,2018-08-23,14.0,0.9,-4.81,2.16,7.53
736930,2018-08-24,14.0,0.9,-4.58,1.93,7.6
736931,2018-08-25,14.0,0.9,-4.34,1.71,7.67
736932,2018-08-26,14.0,0.9,-4.11,1.48,7.74
736933,2018-08-27,14.0,0.9,-3.88,1.25,7.81
736934,2018-08-28,14.0,0.9,-3.64,1.02,7.88
736935,2018-08-29,14.0,0.9,-3.41,0.79,7.96
736936,2018-08-30,14.0,0.9,-3.18,0.57,8.03
736937,2018-08-31,14.0,0.9,-2.94,0.34,8.1
736938,2018-09-01,14.0,0.9,-2.71,0.11,8.17
736939,2018-09-02,14.0,0.9,-2.48,-0.12,8.24
736940,2018-09-03,14.0,0.9,-2.24,-0.34,8.31
736941,2018-09-04,14.0,0.9,-2.01,-0.57,8.38
736942,2018-09-05,14.0,0.9,-1.78,-0.8,8.45
736943,2018-09-06,14.0,0.9,-1.54,-1.03,8.53
736944,2018-09-07,14.0,0.9,-1.31,-1.26,8.6
736945,2018-09-08,14.0,0.9,-1.08,-1.48,8.67
736946,2018-09-09,14.0,0.9,-0.84,-1.71,8.74
736947,2018-09-10,14.0,0.9,-0.61,-1.94,8.81
736948,2018-09-11,14.0,0.9,-0.38,-2.17,8.88
736949,2018-09-12,14.0,0.9,-0.14,-1.97,8.95
736950,2018-09-13,14.0,0.9,0.09,-1.77,9.02
736951,2018-09-14,14.0,0.9,0.32,-1.57,9.1
736952,2018-09-15,14.0,0.9,0.56,-1.37,9.17
736953,2018-09-16,14.0,0.9,0.79,-1.17,9.24
736954,2018-09-17,14.0,0.9,0.58,-0.97,9.31
736955,2018-09-18,14.0,0.9,0.37,-0.77,9.38
736956,2018-09-19,52.0,9.2,0.58,-0.36,9.5
736957,2018-09-20,52.0,9.2,0.79,0.06,9.63
736958,2018-09-21,52.0,9.2,1.0,0.47,9.75
736959,2018-09-22,52.0,9.2,1.21,0.88,9.87
736960,2018-09-23,52.0,9.2,1.42,1.29,10.0
736961,2018-09-24,52.0,9.2,1.63,1.7,10.12
736962,2018-09-25,52.0,9.2,1.84,2.11,10.24
736963,2018-09-26,52.0,9.2,2.06,2.52,10.37
736964,2018-09-27,52.0,9.2,2.27,2.93,10.49
736965,2018-09-28,52.0,9.2,2.48,3.34,10.61
736966,2018-09-29,52.0,9.2,2.69,3.76,10.74
736967,2018-09-30,52.0,9.2,2.9,4.17,10.86
736968,2018-10-01,52.0,9.2,3.11,4.58,10.98
736969,2018-10-02,52.0,9.2,3.32,4.99,11.11
736970,2018-10-03,52.0,9.2,3.53,5.4,11.23
736971,2018-10-04,52.0,9.2,3.74,5.81,11.35
736972,2018-10-05,52.0,9.2,3.96,6.22,11.48
736973,2018-10-06,52.0,9.2,4.17,6.63,11.6
736974,2018-10-07,52.0,9.2,4.38,7.04,11.72
736975,2018-10-08,52.0,9.2,4.59,7.46,11.85
736976,2018-10-09,52.0,9.2,4.8,7.87,11.97
736977,2018-10-10,52.0,9.2,5.01,8.28,12.09
736978,2018-10-11,52.0,9.2,5.22,8.69,12.22
736979,2018-10-12,52.0,9.2,5.43,9.1,12.34
736980,2018-10-13,52.0,9.2,5.64,9.51,12.46
736981,2018-10-14,52.0,9.2,5.86,9.69,12.59
736982,2018-10-15,52.0,9.2,6.07,9.88,12.71
736983,2018-10-16,52.0,9.2,7.16,10.06,12.83
736984,2018-10-17,-14.0,-5.3,7.51,9.88,12.78
736985,2018-10-18,-14.0,-5.3,7.87,9.69,12.77
736986,2018-10-19,-14.0,-5.3,8.22,9.51,12.76
736987,2018-10-20,-14.0,-5.3,8.58,9.33,12.75
736988,2018-10-21,-14.0,-5.3,8.93,9.14,12.74
736989,2018-10-22,-14.0,-5.3,9.29,8.96,12.73
736990,2018-10-23,-14.0,-5.3,9.64,8.78,12.73
736991,2018-10-24,-14.0,-5.3,10.0,8.59,12.72
736992,2018-10-25,-14.0,-5.3,10.36,8.41,12.71
736993,2018-10-26,-14.0,-5.3,10.71,8.23,12.7
736994,2018-10-27,-14.0,-5.3,11.07,8.04,12.69
736995,2018-10-28,-14.0,-5.3,11.42,7.86,12.68
736996,2018-10-29,-14.0,-5.3,11.78,7.68,12.68
736997,2018-10-30,-14.0,-5.3,12.13,7.49,12.67
736998,2018-10-31,-14.0,-5.3,12.49,7.31,12.66
736999,2018-11-01,-14.0,-5.3,12.84,7.13,12.65
737000,2018-11-02,-14.0,-5.3,13.2,6.94,12.64
737001,2018-11-03,-14.0,-5.3,13.56,6.76,12.64
737002,2018-11-04,-14.0,-5.3,13.91,6.58,12.63
737003,2018-11-05,-14.0,-5.3,14.27,6.39,12.62
737004,2018-11-06,-14.0,-5.3,14.62,6.21,12.61
737005,2018-11-07,-14.0,-5.3,14.98,6.03,12.6
737006,2018-11-08,-14.0,-5.3,15.33,5.84,12.59
737007,2018-11-09,-14.0,-5.3,15.69,5.66,12.59
737008,2018-11-10,-14.0,-5.3,16.04,5.48,12.58
737009,2018-11-11,-14.0,-5.3,16.4,5.29,12.57
737010,2018-11-12,-14.0,-5.3,16.76,5.26,12.56
737011,2018-11-13,-14.0,-5.3,17.11,5.22,12.55
737012,2018-11-14,-14.0,-5.3,16.8,5.18,12.55
737013,2018-11-15,-14.0,-5.3,16.49,5.14,12.54
737014,2018-11-16,-14.0,-5.3,16.18,5.1,12.53
737015,2018-11-17,-14.0,-5.3,15.87,5.06,12.29
737016,2018-11-18,-14.0,-5.3,15.56,5.02,12.05
737017,2018-11-19,-14.0,-5.3,15.24,4.98,11.81
737018,2018-11-20,17.0,1.5,15.28,5.12,11.66
737019,2018-11-21,17.0,1.5,15.31,5.25,11.51
737020,2018-11-22,17.0,1.5,15.34,5.38,11.35
737021,2018-11-23,17.0,1.5,15.38,5.52,11.2
737022,2018-11-24,17.0,1.5,15.41,5.65,11.05
737023,2018-11-25,17.0,1.5,15.44,5.78,10.89
737024,2018-11-26,17.0,1.5,15.48,5.92,10.74
737025,2018-11-27,17.0,1.5,15.51,6.05,10.59
737026,2018-11-28,17.0,1.5,15.54,6.18,10.43
737027,2018-11-29,17.0,1.5,15.58,6.32,10.28
737028,2018-11-30,17.0,1.5,15.61,6.45,10.13
737029,2018-12-01,17.0,1.5,15.64,6.58,9.97
737030,2018-12-02,17.0,1.5,15.68,6.72,9.82
737031,2018-12-03,17.0,1.5,15.71,6.85,9.67
737032,2018-12-04,17.0,1.5,15.74,6.98,9.51
737033,2018-12-05,17.0,1.5,15.78,7.12,9.36
737034,2018-12-06,17.0,1.5,15.81,7.25,9.21
737035,2018-12-07,17.0,1.5,15.84,7.38,9.05
737036,2018-12-08,17.0,1.5,15.88,7.52,8.9
737037,2018-12-09,17.0,1.5,15.91,7.65,8.75
737038,2018-12-10,17.0,1.5,15.94,7.78,8.59
737039,2018-12-11,17.0,1.5,15.98,7.92,8.44
737040,2018-12-12,17.0,1.5,16.01,8.05,8.28
737041,2018-12-13,17.0,1.5,16.04,8.18,8.13
737042,2018-12-14,17.0,1.5,16.08,8.32,7.98
737043,2018-12-15,17.0,1.5,16.11,8.45,7.82
737044,2018-12-16,17.0,1.5,16.14,8.36,7.67
737045,2018-12-17,17.0,1.5,16.18,8.27,7.52
737046,2018-12-18,25.0,3.2,15.88,8.23,7.39
737047,2018-12-19,25.0,3.2,15.58,8.18,7.39
737048,2018-12-20,25.0,3.2,15.28,8.14,7.39
737049,2018-12-21,25.0,3.2,14.98,8.09,7.39
737050,2018-12-22,25.0,3.2,14.68,8.05,7.39
737051,2018-12-23,25.0,3.2,14.38,8.01,7.39
737052,2018-12-24,25.0,3.2,14.08,7.96,7.39
737053,2018-12-25,25.0,3.2,13.78,7.92,7.39
737054,2018-12-26,25.0,3.2,13.48,7.87,7.39
737055,2018-12-27,25.0,3.2,13.18,7.83,7.39
737056,2018-12-28,25.0,3.2,12.88,7.78,7.39
737057,2018-12-29,25.0,3.2,12.58,7.74,7.39
737058,2018-12-30,25.0,3.2,12.28,7.69,7.39
737059,2018-12-31,25.0,3.2,11.98,7.65,7.39
737060,2019-01-01,25.0,3.2,11.68,7.61,7.39
737061,2019-01-02,25.0,3.2,11.38,7.56,7.39
737062,2019-01-03,25.0,3.2,11.08,7.52,7.39
737063,2019-01-04,25.0,3.2,10.78,7.47,7.39
737064,2019-01-05,25.0,3.2,10.48,7.43,7.39
737065,2019-01-06,25.0,3.2,10.18,7.38,7.39
737066,2019-01-07,25.0,3.2,9.88,7.34,7.39
737067,2019-01-08,25.0,3.2,9.58,7.29,7.39
737068,2019-01-09,25.0,3.2,9.28,7.25,7.39
737069,2019-01-10,25.0,3.2,8.98,7.21,7.39
737070,2019-01-11,25.0,3.2,8.68,7.16,7.39
737071,2019-01-12,25.0,3.2,8.38,7.12,7.39
737072,2019-01-13,25.0,3.2,8.08,7.07,7.39
737073,2019-01-14,25.0,3.2,7.78,7.47,7.39
737074,2019-01-15,25.0,3.2,8.21,7.86,7.39
737075,2019-01-16,25.0,3.2,8.64,8.26,7.39
737076,2019-01-17,25.0,3.2,9.08,8.65,7.39
737077,2019-01-18,25.0,3.2,9.51,9.04,7.53
737078,2019-01-19,25.0,3.2,9.94,9.44,7.67
737079,2019-01-20,25.0,3.2,10.38,9.83,7.81
737080,2019-01-21,25.0,3.2,10.81,10.23,7.96
737081,2019-01-22,25.0,3.2,11.24,10.62,8.1
737082,2019-01-23,25.0,3.2,11.68,11.02,8.24
737083,2019-01-24,25.0,3.2,12.11,11.41,8.38
737084,2019-01-25,25.0,3.2,12.54,11.81,8.53
737085,2019-01-26,25.0,3.2,12.98,12.2,8.67
737086,2019-01-27,25.0,3.2,13.41,12.59,8.81
737087,2019-01-28,25.0,3.2,13.84,12.99,8.95
737088,2019-01-29,25.0,3.2,14.28,13.38,9.1
737089,2019-01-30,25.0,3.2,14.71,13.78,9.24
737090,2019-01-31,25.0,3.2,15.14,14.17,9.38
737091,2019-02-01,25.0,3.2,15.58,14.57,9.52
737092,2019-02-02,25.0,3.2,16.01,14.96,9.67
737093,2019-02-03,25.0,3.2,16.44,15.36,9.81
737094,2019-02-04,25.0,3.2,16.88,15.75,9.95
737095,2019-02-05,25.0,3.2,17.31,16.14,10.09
737096,2019-02-06,25.0,3.2,17.74,16.54,10.24
737097,2019-02-07,25.0,3.2,18.18,16.93,10.38
737098,2019-02-08,25.0,3.2,18.61,17.33,10.52
737099,2019-02-09,25.0,3.2,19.04,17.72,10.66
737100,2019-02-10,25.0,3.2,19.48,18.12,10.81
737101,2019-02-11,25.0,3.2,19.91,18.51,10.95
737102,2019-02-12,25.0,3.2,20.34,18.57,11.09
737103,2019-02-13,25.0,3.2,20.78,18.63,11.23
737104,2019-02-14,25.0,3.2,21.21,18.69,11.38
737105,2019-02-15,25.0,3.2,21.64,18.76,11.52
737106,2019-02-16,25.0,3.2,22.08,18.82,11.44
737107,2019-02-17,25.0,3.2,22.51,18.88,11.35
737108,2019-02-18,25.0,3.2,22.6,18.94,11.27
737109,2019-02-19,25.0,3.2,22.69,19.0,11.19
737110,2019-02-20,25.0,3.2,22.78,19.06,11.11
737111,2019-02-21,25.0,3.2,22.87,19.12,11.02
737112,2019-02-22,25.0,3.2,22.96,19.18,10.94
737113,2019-02-23,25.0,3.2,23.04,19.24,10.86
737114,2019-02-24,25.0,3.2,23.13,19.31,10.78
737115,2019-02-25,25.0,3.2,23.22,19.37,10.7
737116,2019-02-26,-41.0,-11.2,22.58,19.06,10.43
737117,2019-02-27,-41.0,-11.2,21.93,18.76,10.17
737118,2019-02-28,-41.0,-11.2,21.29,18.45,9.91
737119,2019-03-01,-41.0,-11.2,20.64,18.14,9.64
737120,2019-03-02,-41.0,-11.2,20.0,17.84,9.38
737121,2019-03-03,-41.0,-11.2,19.36,17.53,9.12
737122,2019-03-04,-41.0,-11.2,18.71,17.23,8.85
737123,2019-03-05,-41.0,-11.2,18.07,16.92,8.59
737124,2019-03-06,-41.0,-11.2,17.42,16.62,8.33
737125,2019-03-07,-41.0,-11.2,16.78,16.31,8.07
737126,2019-03-08,95.0,18.6,17.64,16.76,8.18
737127,2019-03-09,95.0,18.6,18.51,17.21,8.28
737128,2019-03-10,95.0,18.6,19.38,17.66,8.39
737129,2019-03-11,95.0,18.6,20.24,18.11,8.5
737130,2019-03-12,95.0,18.6,21.11,18.56,8.61
737131,2019-03-13,95.0,18.6,21.98,19.01,8.72
737132,2019-03-14,95.0,18.6,22.84,19.46,8.83
737133,2019-03-15,95.0,18.6,23.71,19.91,8.94
737134,2019-03-16,95.0,18.6,24.58,20.36,9.26
737135,2019-03-17,95.0,18.6,25.44,20.81,9.58
737136,2019-03-18,95.0,18.6,26.22,21.05,9.9
737137,2019-03-19,95.0,18.6,27.0,21.29,10.22
737138,2019-03-20,95.0,18.6,27.78,21.53,10.55
737139,2019-03-21,95.0,18.6,28.56,21.77,10.87
737140,2019-03-22,95.0,18.6,29.33,22.01,11.19
737141,2019-03-23,95.0,18.6,30.11,22.24,11.51
737142,2019-03-24,95.0,18.6,30.89,22.48,11.83
737143,2019-03-25,95.0,18.6,31.67,22.72,12.15
737144,2019-03-26,-30.0,-8.7,31.06,22.27,12.13
737145,2019-03-27,-30.0,-8.7,30.44,21.81,12.1
737146,2019-03-28,-30.0,-8.7,29.83,21.36,12.08
737147,2019-03-29,-30.0,-8.7,29.22,20.9,12.06
737148,2019-03-30,-30.0,-8.7,28.61,20.44,12.04
737149,2019-03-31,-30.0,-8.7,28.0,19.99,12.02
737150,2019-04-01,-30.0,-8.7,27.39,19.53,11.99
737151,2019-04-02,-30.0,-8.7,26.78,19.08,11.97
737152,2019-04-03,-30.0,-8.7,26.17,18.62,11.95
737153,2019-04-04,-30.0,-8.7,25.56,18.17,11.93
737154,2019-04-05,-30.0,-8.7,24.94,17.71,11.91
737155,2019-04-06,-30.0,-8.7,24.33,17.26,11.88
737156,2019-04-07,-30.0,-8.7,23.72,16.8,11.86
737157,2019-04-08,-30.0,-8.7,23.11,16.34,11.84
737158,2019-04-09,-30.0,-8.7,22.5,15.89,11.82
737159,2019-04-10,-30.0,-8.7,21.89,15.43,11.8
737160,2019-04-11,-30.0,-8.7,21.28,14.98,11.78
737161,2019-04-12,-30.0,-8.7,20.67,14.52,11.75
737162,2019-04-13,-30.0,-8.7,20.06,14.07,11.73
737163,2019-04-14,-30.0,-8.7,19.44,13.61,11.71
737164,2019-04-15,-30.0,-8.7,18.83,13.52,11.69
737165,2019-04-16,-30.0,-8.7,18.22,13.43,11.67
737166,2019-04-17,-30.0,-8.7,17.61,13.34,11.53
737167,2019-04-18,-30.0,-8.7,17.0,13.26,11.4
737168,2019-04-19,9.0,-0.3,16.82,13.38,11.37
737169,2019-04-20,9.0,-0.3,16.64,13.51,11.34
737170,2019-04-21,9.0,-0.3,16.47,13.64,11.32
737171,2019-04-22,9.0,-0.3,16.29,13.77,11.29
737172,2019-04-23,9.0,-0.3,16.11,13.89,11.26
737173,2019-04-24,9.0,-0.3,15.93,14.02,11.23
737174,2019-04-25,9.0,-0.3,15.76,14.15,11.21
737175,2019-04-26,9.0,-0.3,15.58,14.28,11.18
737176,2019-04-27,9.0,-0.3,15.4,14.41,11.15
737177,2019-04-28,9.0,-0.3,15.22,14.53,11.12
737178,2019-04-29,9.0,-0.3,15.04,14.66,11.1
737179,2019-04-30,9.0,-0.3,14.87,14.79,11.07
737180,2019-05-01,9.0,-0.3,14.69,14.92,11.04
737181,2019-05-02,9.0,-0.3,14.51,15.04,11.01
737182,2019-05-03,9.0,-0.3,14.33,15.17,10.99
737183,2019-05-04,9.0,-0.3,14.16,15.3,10.96
737184,2019-05-05,9.0,-0.3,13.98,15.43,10.93
737185,2019-05-06,9.0,-0.3,13.8,15.56,10.9
737186,2019-05-07,9.0,-0.3,13.62,15.68,10.88
737187,2019-05-08,9.0,-0.3,13.44,15.81,10.85
737188,2019-05-09,9.0,-0.3,13.27,15.94,10.82
737189,2019-05-10,9.0,-0.3,13.09,16.07,10.79
737190,2019-05-11,9.0,-0.3,12.91,16.19,10.77
737191,2019-05-12,9.0,-0.3,12.73,16.32,10.74
737192,2019-05-13,9.0,-0.3,12.56,16.45,10.71
737193,2019-05-14,9.0,-0.3,12.38,16.58,10.68
737194,2019-05-15,9.0,-0.3,12.2,16.71,10.66
737195,2019-05-16,36.0,5.7,12.32,16.98,10.78
737196,2019-05-17,36.0,5.7,12.44,17.26,10.89
737197,2019-05-18,36.0,5.7,12.57,17.54,11.01
737198,2019-05-19,36.0,5.7,12.69,17.64,11.13
737199,2019-05-20,36.0,5.7,12.81,17.75,11.25
737200,2019-05-21,36.0,5.7,12.93,17.86,11.36
737201,2019-05-22,36.0,5.7,13.06,17.96,11.48
737202,2019-05-23,36.0,5.7,13.18,18.07,11.6
737203,2019-05-24,36.0,5.7,13.3,18.17,11.72
737204,2019-05-25,36.0,5.7,13.42,18.28,11.84
737205,2019-05-26,36.0,5.7,13.54,18.38,11.95
737206,2019-05-27,36.0,5.7,14.4,18.49,12.07
737207,2019-05-28,36.0,5.7,15.26,18.59,12.19
737208,2019-05-29,36.0,5.7,16.11,18.7,12.31
737209,2019-05-30,36.0,5.7,16.97,18.81,12.42
737210,2019-05-31,36.0,5.7,17.82,18.91,12.54
737211,2019-06-01,36.0,5.7,18.68,19.02,12.66
737212,2019-06-02,36.0,5.7,19.53,19.12,12.78
737213,2019-06-03,36.0,5.7,20.39,19.23,12.9
737214,2019-06-04,36.0,5.7,21.24,19.33,13.01
737215,2019-06-05,36.0,5.7,22.1,19.44,13.13
737216,2019-06-06,36.0,5.7,21.44,19.54,13.25
737217,2019-06-07,36.0,5.7,20.79,19.65,13.37
737218,2019-06-08,36.0,5.7,20.13,19.76,13.48
737219,2019-06-09,36.0,5.7,19.48,19.86,13.6
737220,2019-06-10,36.0,5.7,18.82,19.97,13.72
737221,2019-06-11,36.0,5.7,18.17,20.07,13.84
737222,2019-06-12,36.0,5.7,17.51,20.18,13.96
737223,2019-06-13,36.0,5.7,16.86,20.28,14.07
737224,2019-06-14,36.0,5.7,16.2,20.39,14.19
737225,2019-06-15,36.0,5.7,15.54,20.49,14.31
737226,2019-06-16,36.0,5.7,14.89,20.56,14.43
737227,2019-06-17,36.0,5.7,14.23,20.62,14.55
737228,2019-06-18,6.0,-0.9,13.24,20.51,14.58
737229,2019-06-19,6.0,-0.9,12.26,20.41,14.51
737230,2019-06-20,6.0,-0.9,11.27,20.3,14.43
737231,2019-06-21,6.0,-0.9,10.28,20.19,14.36
737232,2019-06-22,6.0,-0.9,9.29,20.09,14.28
737233,2019-06-23,6.0,-0.9,8.3,19.98,14.21
737234,2019-06-24,6.0,-0.9,8.7,19.88,14.14
737235,2019-06-25,6.0,-0.9,9.1,19.77,14.06
737236,2019-06-26,6.0,-0.9,9.5,19.67,13.99
737237,2019-06-27,6.0,-0.9,9.9,19.56,13.92
737238,2019-06-28,6.0,-0.9,10.3,19.46,13.84
737239,2019-06-29,6.0,-0.9,10.7,19.35,13.77
737240,2019-06-30,6.0,-0.9,11.1,19.24,13.69
737241,2019-07-01,6.0,-0.9,11.5,19.14,13.62
737242,2019-07-02,6.0,-0.9,11.9,19.03,13.55
737243,2019-07-03,6.0,-0.9,12.3,18.93,13.47
737244,2019-07-04,6.0,-0.9,12.7,18.82,13.4
737245,2019-07-05,6.0,-0.9,13.1,18.72,13.32
737246,2019-07-06,6.0,-0.9,13.5,18.61,13.25
737247,2019-07-07,6.0,-0.9,13.9,18.51,13.18
737248,2019-07-08,6.0,-0.9,14.3,18.4,13.1
737249,2019-07-09,6.0,-0.9,14.7,18.29,13.03
737250,2019-07-10,6.0,-0.9,15.1,18.19,12.95
737251,2019-07-11,6.0,-0.9,15.5,18.08,12.88
737252,2019-07-12,6.0,-0.9,15.9,17.98,12.81
737253,2019-07-13,6.0,-0.9,16.3,17.87,12.73
737254,2019-07-14,6.0,-0.9,16.7,17.77,12.66
737255,2019-07-15,6.0,-0.9,17.1,17.66,12.58
737256,2019-07-16,6.0,-0.9,17.5,17.56,12.51
737257,2019-07-17,6.0,-0.9,17.9,17.45,12.44
737258,2019-07-18,6.0,-0.9,17.87,17.34,12.58
737259,2019-07-19,6.0,-0.9,17.83,17.24,12.72
737260,2019-07-20,6.0,-0.9,17.8,17.13,12.86
737261,2019-07-21,6.0,-0.9,17.77,17.03,13.01
737262,2019-07-22,6.0,-0.9,17.73,16.92,13.15
737263,2019-07-23,6.0,-0.9,17.7,16.82,13.29
737264,2019-07-24,6.0,-0.9,17.67,16.71,13.43
737265,2019-07-25,6.0,-0.9,17.63,16.61,13.58
737266,2019-07-26,6.0,-0.9,17.6,16.5,13.72
737267,2019-07-27,6.0,-0.9,17.57,16.39,13.86
737268,2019-07-28,6.0,-0.9,17.53,16.29,14.0
737269,2019-07-29,6.0,-0.9,17.5,16.18,14.15
737270,2019-07-30,6.0,-0.9,17.47,16.08,14.29
737271,2019-07-31,6.0,-0.9,17.43,15.97,14.43
737272,2019-08-01,6.0,-0.9,17.4,15.87,14.57
737273,2019-08-02,6.0,-0.9,17.37,15.76,14.72
737274,2019-08-03,6.0,-0.9,17.33,15.66,14.86
737275,2019-08-04,6.0,-0.9,17.3,15.55,15.0
737276,2019-08-05,6.0,-0.9,17.27,15.44,15.14
737277,2019-08-06,6.0,-0.9,17.23,15.34,15.28
737278,2019-08-07,6.0,-0.9,17.2,15.23,15.43
737279,2019-08-08,6.0,-0.9,17.17,15.13,15.57
737280,2019-08-09,6.0,-0.9,17.13,15.02,15.71
737281,2019-08-10,6.0,-0.9,17.1,14.92,15.85
737282,2019-08-11,6.0,-0.9,17.07,14.81,16.0
737283,2019-08-12,6.0,-0.9,17.03,14.71,16.14
737284,2019-08-13,6.0,-0.9,17.0,14.6,16.28
737285,2019-08-14,6.0,-0.9,16.67,14.49,16.42
737286,2019-08-15,6.0,-0.9,16.33,14.39,16.57
737287,2019-08-16,-8.0,-4.0,15.84,14.21,16.51
737288,2019-08-17,-8.0,-4.0,15.36,14.02,16.45
737289,2019-08-18,-8.0,-4.0,14.87,13.84,16.39
737290,2019-08-19,-8.0,-4.0,14.38,13.66,16.33
737291,2019-08-20,-8.0,-4.0,13.89,13.47,16.27
737292,2019-08-21,-8.0,-4.0,13.4,13.29,16.21
737293,2019-08-22,-8.0,-4.0,12.91,13.11,16.15
737294,2019-08-23,-8.0,-4.0,12.42,12.92,16.08
737295,2019-08-24,-8.0,-4.0,11.93,12.74,16.02
737296,2019-08-25,-8.0,-4.0,11.44,12.92,15.96
737297,2019-08-26,-8.0,-4.0,10.96,13.11,15.9
737298,2019-08-27,-8.0,-4.0,10.47,13.29,15.84
737299,2019-08-28,-8.0,-4.0,9.98,13.47,15.78
737300,2019-08-29,-8.0,-4.0,9.49,13.66,15.72
737301,2019-08-30,-8.0,-4.0,9.0,13.84,15.66
737302,2019-08-31,-8.0,-4.0,8.51,14.02,15.6
737303,2019-09-01,-8.0,-4.0,8.02,14.21,15.54
737304,2019-09-02,-8.0,-4.0,7.53,14.39,15.48
737305,2019-09-03,-8.0,-4.0,7.04,14.57,15.42
737306,2019-09-04,-8.0,-4.0,6.56,14.0,15.36
737307,2019-09-05,-8.0,-4.0,6.07,13.43,15.3
737308,2019-09-06,-8.0,-4.0,5.58,12.86,15.24
737309,2019-09-07,-8.0,-4.0,5.09,12.28,15.18
737310,2019-09-08,-8.0,-4.0,4.6,11.71,15.12
737311,2019-09-09,-8.0,-4.0,4.11,11.14,15.06
737312,2019-09-10,-8.0,-4.0,3.62,10.57,15.0
737313,2019-09-11,-8.0,-4.0,3.13,9.99,14.94
737314,2019-09-12,-8.0,-4.0,2.64,9.42,14.88
737315,2019-09-13,-8.0,-4.0,2.16,8.85,14.82
737316,2019-09-14,-8.0,-4.0,1.67,8.28,14.76
737317,2019-09-15,-8.0,-4.0,1.18,7.71,14.7
737318,2019-09-16,-8.0,-4.0,1.02,7.13,14.64
737319,2019-09-17,-8.0,-4.0,0.87,6.56,14.58
737320,2019-09-18,67.0,12.3,1.54,6.41,14.72
737321,2019-09-19,67.0,12.3,2.22,6.25,14.76
737322,2019-09-20,67.0,12.3,2.9,6.09,14.81
737323,2019-09-21,67.0,12.3,3.58,5.94,14.85
737324,2019-09-22,67.0,12.3,4.26,6.48,14.89
737325,2019-09-23,67.0,12.3,4.93,7.02,14.93
737326,2019-09-24,67.0,12.3,5.61,7.56,14.97
737327,2019-09-25,67.0,12.3,6.29,8.09,15.01
737328,2019-09-26,67.0,12.3,6.97,8.63,15.05
737329,2019-09-27,67.0,12.3,7.64,9.17,15.09
737330,2019-09-28,67.0,12.3,8.32,9.71,15.13
737331,2019-09-29,67.0,12.3,9.0,10.25,15.18
737332,2019-09-30,67.0,12.3,9.68,10.79,15.22
737333,2019-10-01,67.0,12.3,10.36,11.33,15.26
737334,2019-10-02,67.0,12.3,11.03,11.87,15.3
737335,2019-10-03,67.0,12.3,11.71,12.41,15.34
737336,2019-10-04,67.0,12.3,12.39,12.94,15.38
737337,2019-10-05,67.0,12.3,13.07,13.48,15.42
737338,2019-10-06,67.0,12.3,13.74,14.02,15.46
737339,2019-10-07,67.0,12.3,14.42,14.56,15.5
737340,2019-10-08,67.0,12.3,15.1,15.1,15.55
737341,2019-10-09,67.0,12.3,15.78,15.64,15.59
737342,2019-10-10,67.0,12.3,16.46,16.18,15.63
737343,2019-10-11,67.0,12.3,17.13,16.72,15.67
737344,2019-10-12,67.0,12.3,17.81,17.26,15.71
737345,2019-10-13,67.0,12.3,18.49,17.79,15.75
737346,2019-10-14,67.0,12.3,19.17,18.33,15.79
737347,2019-10-15,67.0,12.3,19.84,18.87,15.83
737348,2019-10-16,67.0,12.3,20.52,19.19,15.87
737349,2019-10-17,-33.0,-9.4,20.09,18.96,15.82
737350,2019-10-18,-33.0,-9.4,19.66,18.73,15.77
737351,2019-10-19,-33.0,-9.4,19.22,18.49,15.72
737352,2019-10-20,-33.0,-9.4,18.79,18.26,15.67
737353,2019-10-21,-33.0,-9.4,18.36,18.03,15.61
737354,2019-10-22,-33.0,-9.4,17.92,17.79,15.56
737355,2019-10-23,-33.0,-9.4,17.49,17.56,15.51
737356,2019-10-24,-33.0,-9.4,17.06,17.33,15.46
737357,2019-10-25,-33.0,-9.4,16.62,17.09,15.41
737358,2019-10-26,-33.0,-9.4,16.19,16.86,15.35
737359,2019-10-27,-33.0,-9.4,15.76,16.63,15.3
737360,2019-10-28,-33.0,-9.4,15.32,16.39,15.25
737361,2019-10-29,-33.0,-9.4,14.89,16.16,15.2
737362,2019-10-30,-33.0,-9.4,14.46,15.93,15.15
737363,2019-10-31,-33.0,-9.4,14.02,15.69,15.09
737364,2019-11-01,-33.0,-9.4,13.59,15.46,15.04
737365,2019-11-02,-33.0,-9.4,13.16,15.23,14.99
737366,2019-11-03,-33.0,-9.4,12.72,14.99,14.94
737367,2019-11-04,-33.0,-9.4,12.29,14.76,14.88
737368,2019-11-05,-33.0,-9.4,11.86,14.53,14.83
737369,2019-11-06,-33.0,-9.4,11.42,14.29,14.78
737370,2019-11-07,-33.0,-9.4,10.99,14.06,14.73
737371,2019-11-08,-33.0,-9.4,10.56,13.83,14.68
737372,2019-11-09,-33.0,-9.4,10.12,13.59,14.62
737373,2019-11-10,-33.0,-9.4,9.69,13.36,14.57
737374,2019-11-11,-33.0,-9.4,9.26,13.13,14.52
737375,2019-11-12,-33.0,-9.4,8.82,12.74,14.47
737376,2019-11-13,-33.0,-9.4,8.39,12.36,14.42
737377,2019-11-14,-33.0,-9.4,8.11,11.98,14.36
737378,2019-11-15,-33.0,-9.4,7.83,11.59,14.31
737379,2019-11-16,-33.0,-9.4,7.56,11.21,14.26
737380,2019-11-17,-33.0,-9.4,7.28,10.83,14.21
737381,2019-11-18,-33.0,-9.4,7.0,10.44,14.16
737382,2019-11-19,28.0,3.8,7.4,10.4,14.27
737383,2019-11-20,28.0,3.8,7.8,10.36,14.3
737384,2019-11-21,28.0,3.8,8.2,10.31,14.33
737385,2019-11-22,28.0,3.8,8.6,10.27,14.36
737386,2019-11-23,28.0,3.8,9.0,10.22,14.39
737387,2019-11-24,28.0,3.8,9.4,10.18,14.42
737388,2019-11-25,28.0,3.8,9.8,10.13,14.45
737389,2019-11-26,28.0,3.8,10.2,10.09,14.48
737390,2019-11-27,28.0,3.8,10.6,10.04,14.51
737391,2019-11-28,28.0,3.8,11.0,10.0,14.54
737392,2019-11-29,28.0,3.8,11.4,9.96,14.57
737393,2019-11-30,28.0,3.8,11.8,9.91,14.6
737394,2019-12-01,28.0,3.8,12.2,9.87,14.63
737395,2019-12-02,28.0,3.8,12.6,9.82,14.66
737396,2019-12-03,28.0,3.8,13.0,9.78,14.69
737397,2019-12-04,28.0,3.8,13.4,9.73,14.72
737398,2019-12-05,28.0,3.8,13.8,9.69,14.75
737399,2019-12-06,28.0,3.8,14.2,9.64,14.78
737400,2019-12-07,28.0,3.8,14.6,9.6,14.81
737401,2019-12-08,28.0,3.8,15.0,9.56,14.84
737402,2019-12-09,28.0,3.8,15.4,9.51,14.87
737403,2019-12-10,28.0,3.8,15.8,9.47,14.9
737404,2019-12-11,28.0,3.8,16.2,9.42,14.93
737405,2019-12-12,28.0,3.8,16.6,9.38,14.96
737406,2019-12-13,28.0,3.8,17.0,9.33,14.99
737407,2019-12-14,28.0,3.8,17.4,9.29,15.02
737408,2019-12-15,28.0,3.8,17.8,9.41,15.05
737409,2019-12-16,28.0,3.8,18.2,9.53,15.08
737410,2019-12-17,25.0,3.2,17.73,9.64,15.11
737411,2019-12-18,25.0,3.2,17.27,9.74,15.11
737412,2019-12-19,25.0,3.2,16.8,9.85,15.11
737413,2019-12-20,25.0,3.2,16.33,9.96,15.11
737414,2019-12-21,25.0,3.2,15.87,10.06,15.11
737415,2019-12-22,25.0,3.2,15.4,10.17,15.11
737416,2019-12-23,25.0,3.2,14.93,10.27,15.11
737417,2019-12-24,25.0,3.2,14.47,10.38,15.11
737418,2019-12-25,25.0,3.2,14.0,10.48,15.11
737419,2019-12-26,25.0,3.2,13.53,10.59,15.11
737420,2019-12-27,25.0,3.2,13.07,10.69,15.11
737421,2019-12-28,25.0,3.2,12.6,10.8,15.11
737422,2019-12-29,25.0,3.2,12.13,10.91,15.11
737423,2019-12-30,25.0,3.2,11.67,11.01,15.11
737424,2019-12-31,25.0,3.2,11.2,11.12,15.11
737425,2020-01-01,25.0,3.2,10.73,11.22,15.11
737426,2020-01-02,25.0,3.2,10.27,11.33,15.11
737427,2020-01-03,25.0,3.2,9.8,11.43,15.11
737428,2020-01-04,25.0,3.2,9.33,11.54,15.11
737429,2020-01-05,25.0,3.2,8.87,11.64,15.11
737430,2020-01-06,25.0,3.2,8.4,11.75,15.11
737431,2020-01-07,25.0,3.2,7.93,11.86,15.11
737432,2020-01-08,25.0,3.2,7.47,11.96,15.11
737433,2020-01-09,25.0,3.2,7.0,12.07,15.11
737434,2020-01-10,25.0,3.2,6.53,12.17,15.11
737435,2020-01-11,25.0,3.2,6.07,12.28,15.11
737436,2020-01-12,25.0,3.2,5.6,12.38,15.11
737437,2020-01-13,25.0,3.2,5.13,12.49,15.11
737438,2020-01-14,25.0,3.2,4.67,12.59,15.11
737439,2020-01-15,25.0,3.2,5.31,12.7,15.11
737440,2020-01-16,25.0,3.2,5.96,12.81,15.11
737441,2020-01-17,88.0,16.9,7.3,13.26,15.28
737442,2020-01-18,88.0,16.9,8.64,13.72,15.45
737443,2020-01-19,88.0,16.9,9.99,14.17,15.62
737444,2020-01-20,88.0,16.9,11.33,14.63,15.8
737445,2020-01-21,88.0,16.9,12.68,15.08,15.97
737446,2020-01-22,88.0,16.9,14.02,15.54,16.14
737447,2020-01-23,88.0,16.9,15.37,15.99,16.32
737448,2020-01-24,88.0,16.9,16.71,16.45,16.49
737449,2020-01-25,88.0,16.9,18.06,16.91,16.66
737450,2020-01-26,88.0,16.9,19.4,17.36,16.83
737451,2020-01-27,88.0,16.9,20.74,17.82,17.01
737452,2020-01-28,88.0,16.9,22.09,18.27,17.18
737453,2020-01-29,88.0,16.9,23.43,18.73,17.35
737454,2020-01-30,88.0,16.9,24.78,19.18,17.52
737455,2020-01-31,88.0,16.9,26.12,19.64,17.7
737456,2020-02-01,88.0,16.9,27.47,20.09,17.87
737457,2020-02-02,88.0,16.9,28.81,20.55,18.04
737458,2020-02-03,88.0,16.9,30.16,21.01,18.21
737459,2020-02-04,88.0,16.9,31.5,21.46,18.39
737460,2020-02-05,88.0,16.9,32.84,21.92,18.56
737461,2020-02-06,88.0,16.9,34.19,22.37,18.73
737462,2020-02-07,88.0,16.9,35.53,22.83,18.9
737463,2020-02-08,88.0,16.9,36.88,23.28,19.08
737464,2020-02-09,88.0,16.9,38.22,23.74,19.25
737465,2020-02-10,88.0,16.9,39.57,24.19,19.42
737466,2020-02-11,88.0,16.9,40.91,24.65,19.59
737467,2020-02-12,88.0,16.9,42.26,25.18,19.77
737468,2020-02-13,88.0,16.9,43.6,25.72,19.94
737469,2020-02-14,88.0,16.9,44.94,26.25,20.11
737470,2020-02-15,88.0,16.9,46.29,26.78,20.28
737471,2020-02-16,88.0,16.9,47.63,27.32,20.46
737472,2020-02-17,88.0,16.9,48.3,27.85,20.63
737473,2020-02-18,88.0,16.9,48.97,28.38,20.8
737474,2020-02-19,-6.0,-3.6,48.59,28.39,20.72
737475,2020-02-20,-6.0,-3.6,48.21,28.41,20.63
737476,2020-02-21,-6.0,-3.6,47.83,28.42,20.55
737477,2020-02-22,-6.0,-3.6,47.46,28.43,20.46
737478,2020-02-23,-6.0,-3.6,47.08,28.44,20.38
737479,2020-02-24,-6.0,-3.6,46.7,28.45,20.29
737480,2020-02-25,-6.0,-3.6,46.32,28.46,20.21
737481,2020-02-26,-6.0,-3.6,45.94,28.47,20.3
737482,2020-02-27,-6.0,-3.6,45.57,28.48,20.4
737483,2020-02-28,-6.0,-3.6,45.19,28.49,20.5
737484,2020-02-29,-6.0,-3.6,44.81,28.51,20.59
737485,2020-03-01,-6.0,-3.6,44.43,28.52,20.69
737486,2020-03-02,-6.0,-3.6,44.06,28.53,20.78
737487,2020-03-03,-6.0,-3.6,43.68,28.54,20.88
737488,2020-03-04,-6.0,-3.6,43.3,28.55,20.98
737489,2020-03-05,-6.0,-3.6,42.92,28.56,21.07
737490,2020-03-06,-6.0,-3.6,42.54,28.57,21.17
737491,2020-03-07,-6.0,-3.6,42.17,28.58,20.89
737492,2020-03-08,-6.0,-3.6,41.79,28.59,20.61
737493,2020-03-09,-6.0,-3.6,41.41,28.61,20.34
737494,2020-03-10,-6.0,-3.6,41.03,28.62,20.06
737495,2020-03-11,-6.0,-3.6,40.66,28.63,19.78
737496,2020-03-12,-6.0,-3.6,40.28,28.64,19.51
737497,2020-03-13,-6.0,-3.6,39.9,28.65,19.23
737498,2020-03-14,-6.0,-3.6,39.52,28.66,18.95
737499,2020-03-15,-6.0,-3.6,39.14,28.67,18.68
737500,2020-03-16,-6.0,-3.6,38.8,28.27,18.4
737501,2020-03-17,-6.0,-3.6,38.46,27.86,18.12
737502,2020-03-18,3.0,-1.5,38.21,27.51,17.87
737503,2020-03-19,3.0,-1.5,37.97,27.15,17.62
737504,2020-03-20,3.0,-1.5,37.72,26.79,17.37
737505,2020-03-21,3.0,-1.5,37.48,26.44,17.12
737506,2020-03-22,3.0,-1.5,37.23,26.08,16.86
737507,2020-03-23,3.0,-1.5,36.99,25.73,16.61
737508,2020-03-24,3.0,-1.5,36.74,25.37,16.36
737509,2020-03-25,3.0,-1.5,36.5,25.02,16.45
737510,2020-03-26,3.0,-1.5,36.26,24.66,16.54
737511,2020-03-27,3.0,-1.5,36.01,24.31,16.63
737512,2020-03-28,3.0,-1.5,35.77,23.95,16.72
737513,2020-03-29,3.0,-1.5,35.52,23.59,16.81
737514,2020-03-30,3.0,-1.5,35.28,23.24,16.9
737515,2020-03-31,3.0,-1.5,35.03,22.88,16.99
737516,2020-04-01,3.0,-1.5,34.79,22.53,17.08
737517,2020-04-02,3.0,-1.5,34.54,22.17,17.17
737518,2020-04-03,3.0,-1.5,34.3,21.82,17.26
737519,2020-04-04,3.0,-1.5,34.06,21.46,17.35
737520,2020-04-05,3.0,-1.5,33.81,21.11,17.44
737521,2020-04-06,3.0,-1.5,33.57,20.75,17.53
737522,2020-04-07,3.0,-1.5,33.32,20.39,17.62
737523,2020-04-08,3.0,-1.5,33.08,20.04,17.72
737524,2020-04-09,3.0,-1.5,32.83,19.68,17.81
737525,2020-04-10,3.0,-1.5,32.59,19.33,17.9
737526,2020-04-11,3.0,-1.5,32.34,18.97,17.99
737527,2020-04-12,3.0,-1.5,32.1,18.62,18.08
737528,2020-04-13,3.0,-1.5,31.86,18.26,18.17
737529,2020-04-14,3.0,-1.5,31.61,18.46,18.26
737530,2020-04-15,3.0,-1.5,31.37,18.66,18.35
737531,2020-04-16,-92.0,-22.3,29.37,18.33,18.18
737532,2020-04-17,-92.0,-22.3,27.37,18.01,18.01
737533,2020-04-18,-92.0,-22.3,25.37,17.68,17.73
737534,2020-04-19,-92.0,-22.3,23.37,17.35,17.45
737535,2020-04-20,-92.0,-22.3,21.37,17.02,17.18
737536,2020-04-21,-92.0,-22.3,19.37,16.69,16.9
737537,2020-04-22,-92.0,-22.3,17.37,16.37,16.62
737538,2020-04-23,-92.0,-22.3,15.37,16.04,16.35
737539,2020-04-24,-92.0,-22.3,13.37,15.71,16.07
737540,2020-04-25,-92.0,-22.3,11.37,15.38,15.79
737541,2020-04-26,-92.0,-22.3,9.37,15.06,15.52
737542,2020-04-27,-92.0,-22.3,7.37,14.73,15.24
737543,2020-04-28,-92.0,-22.3,5.37,14.4,14.96
737544,2020-04-29,-92.0,-22.3,3.37,14.07,14.69
737545,2020-04-30,-92.0,-22.3,1.37,13.74,14.41
737546,2020-05-01,-92.0,-22.3,-0.63,13.42,14.13
737547,2020-05-02,-92.0,-22.3,-2.63,13.09,13.86
737548,2020-05-03,-92.0,-22.3,-4.63,12.76,13.58
737549,2020-05-04,-92.0,-22.3,-6.63,12.43,13.3
737550,2020-05-05,-92.0,-22.3,-8.63,12.11,13.03
737551,2020-05-06,-92.0,-22.3,-10.63,11.78,12.75
737552,2020-05-07,-92.0,-22.3,-12.63,11.45,12.47
737553,2020-05-08,-92.0,-22.3,-14.63,11.12,12.2
737554,2020-05-09,-92.0,-22.3,-16.63,10.79,11.92
737555,2020-05-10,-92.0,-22.3,-18.63,10.47,11.64
737556,2020-05-11,-92.0,-22.3,-20.63,10.14,11.37
737557,2020-05-12,-92.0,-22.3,-22.63,9.81,11.09
737558,2020-05-13,-92.0,-22.3,-24.63,9.48,10.81
737559,2020-05-14,-92.0,-22.3,-26.63,9.16,10.54
737560,2020-05-15,-92.0,-22.3,-28.63,8.83,10.19
737561,2020-05-16,-92.0,-22.3,-30.63,8.5,9.84
737562,2020-05-17,-92.0,-22.3,-32.63,7.83,9.48
737563,2020-05-18,-92.0,-22.3,-34.63,7.17,9.13
737564,2020-05-19,-128.0,-30.2,-35.99,6.3,8.68
737565,2020-05-20,-128.0,-30.2,-37.34,5.43,8.24
737566,2020-05-21,-128.0,-30.2,-38.7,4.57,7.79
737567,2020-05-22,-128.0,-30.2,-40.06,3.7,7.34
737568,2020-05-23,-128.0,-30.2,-41.41,2.83,6.89
737569,2020-05-24,-128.0,-30.2,-42.77,1.97,6.44
737570,2020-05-25,-128.0,-30.2,-44.12,1.1,5.99
737571,2020-05-26,-128.0,-30.2,-45.48,0.23,5.54
737572,2020-05-27,-128.0,-30.2,-46.83,-0.63,5.09
737573,2020-05-28,-128.0,-30.2,-48.19,-1.5,4.64
737574,2020-05-29,-128.0,-30.2,-49.54,-2.37,4.19
737575,2020-05-30,-128.0,-30.2,-50.9,-3.23,3.74
737576,2020-05-31,-128.0,-30.2,-52.26,-4.1,3.29
737577,2020-06-01,-128.0,-30.2,-53.61,-4.97,2.84
737578,2020-06-02,-128.0,-30.2,-54.97,-5.83,2.39
737579,2020-06-03,-128.0,-30.2,-56.32,-6.7,1.95
737580,2020-06-04,-128.0,-30.2,-57.68,-7.57,1.5
737581,2020-06-05,-128.0,-30.2,-59.03,-8.43,1.05
737582,2020-06-06,-128.0,-30.2,-60.39,-9.3,0.6
737583,2020-06-07,-128.0,-30.2,-61.74,-10.17,0.15
737584,2020-06-08,-128.0,-30.2,-63.1,-11.03,-0.3
737585,2020-06-09,-128.0,-30.2,-64.46,-11.9,-0.75
737586,2020-06-10,-128.0,-30.2,-65.81,-12.77,-1.2
737587,2020-06-11,-128.0,-30.2,-67.17,-13.63,-1.65
737588,2020-06-12,-128.0,-30.2,-68.52,-14.5,-2.1
737589,2020-06-13,-128.0,-30.2,-69.88,-15.37,-2.55
737590,2020-06-14,-128.0,-30.2,-71.23,-16.22,-3.0
737591,2020-06-15,-128.0,-30.2,-72.59,-17.07,-3.45
737592,2020-06-16,-128.0,-30.2,-74.04,-17.92,-3.9
737593,2020-06-17,30.0,4.3,-73.74,-17.89,-3.83
737594,2020-06-18,30.0,4.3,-73.44,-17.86,-3.76
737595,2020-06-19,30.0,4.3,-73.14,-17.83,-3.7
737596,2020-06-20,30.0,4.3,-72.84,-17.81,-3.63
737597,2020-06-21,30.0,4.3,-72.54,-17.78,-3.57
737598,2020-06-22,30.0,4.3,-72.24,-17.75,-3.5
737599,2020-06-23,30.0,4.3,-71.94,-17.72,-3.44
737600,2020-06-24,30.0,4.3,-71.64,-17.69,-3.37
737601,2020-06-25,30.0,4.3,-71.34,-17.67,-3.3
737602,2020-06-26,30.0,4.3,-71.04,-17.64,-3.24
737603,2020-06-27,30.0,4.3,-70.74,-17.61,-3.17
737604,2020-06-28,30.0,4.3,-70.44,-17.58,-3.11
737605,2020-06-29,30.0,4.3,-70.14,-17.56,-3.04
737606,2020-06-30,30.0,4.3,-69.84,-17.53,-2.98
737607,2020-07-01,30.0,4.3,-69.54,-17.5,-2.91
737608,2020-07-02,30.0,4.3,-69.24,-17.47,-2.84
737609,2020-07-03,30.0,4.3,-68.94,-17.44,-2.78
737610,2020-07-04,30.0,4.3,-68.64,-17.42,-2.71
737611,2020-07-05,30.0,4.3,-68.34,-17.39,-2.65
737612,2020-07-06,30.0,4.3,-68.04,-17.36,-2.58
737613,2020-07-07,30.0,4.3,-67.74,-17.33,-2.52
737614,2020-07-08,30.0,4.3,-67.44,-17.31,-2.45
737615,2020-07-09,30.0,4.3,-67.14,-17.28,-2.38
737616,2020-07-10,30.0,4.3,-66.84,-17.25,-2.32
737617,2020-07-11,30.0,4.3,-66.54,-17.22,-2.25
737618,2020-07-12,30.0,4.3,-66.24,-17.19,-2.19
737619,2020-07-13,30.0,4.3,-65.94,-17.17,-2.12
737620,2020-07-14,30.0,4.3,-65.64,-17.14,-2.05
737621,2020-07-15,30.0,4.3,-64.29,-17.46,-1.99
737622,2020-07-16,30.0,4.3,-62.93,-17.78,-1.92
737623,2020-07-17,89.0,17.3,-60.92,-17.78,-1.7
737624,2020-07-18,89.0,17.3,-58.91,-17.77,-1.47
737625,2020-07-19,89.0,17.3,-56.9,-17.77,-1.24
737626,2020-07-20,89.0,17.3,-54.89,-17.76,-1.01
737627,2020-07-21,89.0,17.3,-52.88,-17.76,-0.79
737628,2020-07-22,89.0,17.3,-50.87,-17.75,-0.56
737629,2020-07-23,89.0,17.3,-48.86,-17.74,-0.33
737630,2020-07-24,89.0,17.3,-46.84,-17.74,-0.1
737631,2020-07-25,89.0,17.3,-44.83,-17.73,0.12
737632,2020-07-26,89.0,17.3,-42.82,-17.73,0.35
737633,2020-07-27,89.0,17.3,-40.81,-17.72,0.58
737634,2020-07-28,89.0,17.3,-38.8,-17.72,0.81
737635,2020-07-29,89.0,17.3,-36.79,-17.71,1.03
737636,2020-07-30,89.0,17.3,-34.78,-17.71,1.26
737637,2020-07-31,89.0,17.3,-32.77,-17.7,1.49
737638,2020-08-01,89.0,17.3,-30.76,-17.69,1.72
737639,2020-08-02,89.0,17.3,-28.74,-17.69,1.94
737640,2020-08-03,89.0,17.3,-26.73,-17.68,2.17
737641,2020-08-04,89.0,17.3,-24.72,-17.68,2.4
737642,2020-08-05,89.0,17.3,-22.71,-17.67,2.62
737643,2020-08-06,89.0,17.3,-20.7,-17.67,2.85
737644,2020-08-07,89.0,17.3,-18.69,-17.66,3.08
737645,2020-08-08,89.0,17.3,-16.68,-17.66,3.31
737646,2020-08-09,89.0,17.3,-14.67,-17.65,3.53
737647,2020-08-10,89.0,17.3,-12.66,-17.64,3.76
737648,2020-08-11,89.0,17.3,-10.64,-17.64,3.99
737649,2020-08-12,89.0,17.3,-8.63,-17.63,4.22
737650,2020-08-13,89.0,17.3,-6.62,-17.63,4.44
737651,2020-08-14,89.0,17.3,-4.61,-17.62,4.67
737652,2020-08-15,89.0,17.3,-2.6,-17.62,4.94
737653,2020-08-16,89.0,17.3,-0.59,-17.61,5.2
737654,2020-08-17,89.0,17.3,1.82,-17.08,5.47
737655,2020-08-18,114.0,22.6,4.51,-16.42,5.8
737656,2020-08-19,114.0,22.6,7.2,-15.75,6.14
737657,2020-08-20,114.0,22.6,9.89,-15.08,6.47
737658,2020-08-21,114.0,22.6,12.58,-14.42,6.81
737659,2020-08-22,114.0,22.6,15.27,-13.75,7.14
737660,2020-08-23,114.0,22.6,17.96,-13.08,7.47
737661,2020-08-24,114.0,22.6,20.64,-12.42,7.81
737662,2020-08-25,114.0,22.6,23.33,-11.75,8.14
737663,2020-08-26,114.0,22.6,26.02,-11.08,8.48
737664,2020-08-27,114.0,22.6,28.71,-10.42,8.81
737665,2020-08-28,114.0,22.6,31.4,-9.75,9.15
737666,2020-08-29,114.0,22.6,34.09,-9.08,9.48
737667,2020-08-30,114.0,22.6,36.78,-8.42,9.81
737668,2020-08-31,114.0,22.6,39.47,-7.75,10.15
737669,2020-09-01,114.0,22.6,42.16,-7.08,10.48
737670,2020-09-02,114.0,22.6,44.84,-6.42,10.82
737671,2020-09-03,114.0,22.6,47.53,-5.75,11.15
737672,2020-09-04,114.0,22.6,50.22,-5.08,11.48
737673,2020-09-05,114.0,22.6,52.91,-4.42,11.82
737674,2020-09-06,114.0,22.6,55.6,-3.75,12.15
737675,2020-09-07,114.0,22.6,58.29,-3.08,12.49
737676,2020-09-08,114.0,22.6,60.98,-2.42,12.82
737677,2020-09-09,114.0,22.6,63.67,-1.75,13.16
737678,2020-09-10,114.0,22.6,66.36,-1.08,13.49
737679,2020-09-11,114.0,22.6,69.04,-0.42,13.82
737680,2020-09-12,114.0,22.6,71.73,0.25,14.16
737681,2020-09-13,114.0,22.6,74.42,0.92,14.49
737682,2020-09-14,114.0,22.6,77.11,1.53,14.83
737683,2020-09-15,114.0,22.6,78.04,2.15,15.16
737684,2020-09-16,114.0,22.6,78.98,2.77,15.5
737685,2020-09-17,-13.0,-5.1,78.5,2.68,15.28
737686,2020-09-18,-13.0,-5.1,78.02,2.59,15.06
737687,2020-09-19,-13.0,-5.1,77.54,2.5,14.84
737688,2020-09-20,-13.0,-5.1,77.07,2.41,14.62
737689,2020-09-21,-13.0,-5.1,76.59,2.32,14.4
737690,2020-09-22,-13.0,-5.1,76.11,2.23,14.18
737691,2020-09-23,-13.0,-5.1,75.63,2.14,13.96
737692,2020-09-24,-13.0,-5.1,75.16,2.06,13.74
737693,2020-09-25,-13.0,-5.1,74.68,1.97,13.52
737694,2020-09-26,-13.0,-5.1,74.2,1.88,13.3
737695,2020-09-27,-13.0,-5.1,73.72,1.79,13.08
737696,2020-09-28,-13.0,-5.1,73.24,1.7,12.87
737697,2020-09-29,-13.0,-5.1,72.77,1.61,12.65
737698,2020-09-30,-13.0,-5.1,72.29,1.52,12.43
737699,2020-10-01,-13.0,-5.1,71.81,1.43,12.21
737700,2020-10-02,-13.0,-5.1,71.33,1.34,11.99
737701,2020-10-03,-13.0,-5.1,70.86,1.26,11.77
737702,2020-10-04,-13.0,-5.1,70.38,1.17,11.55
737703,2020-10-05,-13.0,-5.1,69.9,1.08,11.33
737704,2020-10-06,-13.0,-5.1,69.42,0.99,11.11
737705,2020-10-07,-13.0,-5.1,68.94,0.9,10.89
737706,2020-10-08,-13.0,-5.1,68.47,0.81,10.67
737707,2020-10-09,-13.0,-5.1,67.99,0.72,10.45
737708,2020-10-10,-13.0,-5.1,67.51,0.63,10.24
737709,2020-10-11,-13.0,-5.1,67.03,0.54,10.02
737710,2020-10-12,-13.0,-5.1,66.56,0.46,9.8
737711,2020-10-13,-13.0,-5.1,66.08,0.89,9.58
737712,2020-10-14,-13.0,-5.1,65.6,1.33,9.36
737713,2020-10-15,-13.0,-5.1,64.47,1.77,9.14
737714,2020-10-16,-13.0,-5.1,63.33,2.21,9.19
737715,2020-10-17,-13.0,-5.1,62.2,2.65,9.25
737716,2020-10-18,-13.0,-5.1,61.07,3.09,9.3
737717,2020-10-19,-13.0,-5.1,59.93,3.53,9.36
737718,2020-10-20,19.0,1.9,59.16,4.14,9.5
737719,2020-10-21,19.0,1.9,58.38,4.76,9.64
737720,2020-10-22,19.0,1.9,57.6,5.38,9.79
737721,2020-10-23,19.0,1.9,56.82,5.99,9.93
737722,2020-10-24,19.0,1.9,56.04,6.61,10.07
737723,2020-10-25,19.0,1.9,55.27,7.23,10.21
737724,2020-10-26,19.0,1.9,54.49,7.84,10.36
737725,2020-10-27,19.0,1.9,53.71,8.46,10.5
737726,2020-10-28,19.0,1.9,52.93,9.08,10.64
737727,2020-10-29,19.0,1.9,52.16,9.69,10.78
737728,2020-10-30,19.0,1.9,51.38,10.31,10.93
737729,2020-10-31,19.0,1.9,50.6,10.93,11.07
737730,2020-11-01,19.0,1.9,49.82,11.54,11.21
737731,2020-11-02,19.0,1.9,49.04,12.16,11.35
737732,2020-11-03,19.0,1.9,48.27,12.78,11.5
737733,2020-11-04,19.0,1.9,47.49,13.39,11.64
737734,2020-11-05,19.0,1.9,46.71,14.01,11.78
737735,2020-11-06,19.0,1.9,45.93,14.63,11.92
737736,2020-11-07,19.0,1.9,45.16,15.24,12.07
737737,2020-11-08,19.0,1.9,44.38,15.86,12.21
737738,2020-11-09,19.0,1.9,43.6,16.48,12.35
737739,2020-11-10,19.0,1.9,42.82,17.09,12.49
737740,2020-11-11,19.0,1.9,42.04,17.71,12.64
737741,2020-11-12,19.0,1.9,41.27,18.33,12.78
737742,2020-11-13,19.0,1.9,40.49,18.94,12.92
737743,2020-11-14,19.0,1.9,39.71,19.56,13.06
737744,2020-11-15,19.0,1.9,38.93,20.38,13.21
737745,2020-11-16,19.0,1.9,37.88,21.19,13.35
737746,2020-11-17,19.0,1.9,36.82,22.01,13.49
737747,2020-11-18,33.0,4.9,35.92,22.91,13.5
