Day,Date,GDP q/q,Normalized,Predicted
0,1948-03-31,0.062,21.35,
30,1948-04-30,0.062,21.35,
61,1948-05-31,0.062,21.35,
91,1948-06-30,0.068,25.84,
122,1948-07-31,0.068,25.84,
153,1948-08-31,0.068,25.84,
183,1948-09-30,0.023,-7.87,
214,1948-10-31,0.023,-7.87,
244,1948-11-30,0.023,-7.87,
275,1948-12-31,0.004,-22.1,
306,1949-01-31,0.004,-22.1,
334,1949-02-28,0.004,-22.1,
365,1949-03-31,-0.054,-65.54,
395,1949-04-30,-0.054,-65.54,
426,1949-05-31,-0.054,-65.54,
456,1949-06-30,-0.014,-35.58,
487,1949-07-31,-0.014,-35.58,
518,1949-08-31,-0.014,-35.58,
548,1949-09-30,0.042,6.37,
579,1949-10-31,0.042,6.37,
609,1949-11-30,0.042,6.37,
640,1949-12-31,-0.033,-49.81,
671,1950-01-31,-0.033,-49.81,
699,1950-02-28,-0.033,-49.81,
730,1950-03-31,0.167,100.0,
760,1950-04-30,0.167,100.0,
791,1950-05-31,0.167,100.0,
821,1950-06-30,0.128,70.79,
852,1950-07-31,0.128,70.79,
883,1950-08-31,0.128,70.79,
913,1950-09-30,0.164,97.75,
944,1950-10-31,0.164,97.75,
974,1950-11-30,0.164,97.75,
1005,1950-12-31,0.079,34.08,
1036,1951-01-31,0.079,34.08,
1064,1951-02-28,0.079,34.08,
1095,1951-03-31,0.055,16.1,
1125,1951-04-30,0.055,16.1,
1156,1951-05-31,0.055,16.1,
1186,1951-06-30,0.071,28.09,
1217,1951-07-31,0.071,28.09,
1248,1951-08-31,0.071,28.09,
1278,1951-09-30,0.085,38.58,
1309,1951-10-31,0.085,38.58,
1339,1951-11-30,0.085,38.58,
1370,1951-12-31,0.009,-18.35,
1401,1952-01-31,0.009,-18.35,
1430,1952-02-29,0.009,-18.35,
1461,1952-03-31,0.043,7.12,
1491,1952-04-30,0.043,7.12,
1522,1952-05-31,0.043,7.12,
1552,1952-06-30,0.009,-18.35,
1583,1952-07-31,0.009,-18.35,
1614,1952-08-31,0.009,-18.35,
1644,1952-09-30,0.029,-3.37,
1675,1952-10-31,0.029,-3.37,
1705,1952-11-30,0.029,-3.37,
1736,1952-12-31,0.138,78.28,
1767,1953-01-31,0.138,78.28,
1795,1953-02-28,0.138,78.28,
1826,1953-03-31,0.076,31.84,
1856,1953-04-30,0.076,31.84,
1887,1953-05-31,0.076,31.84,
1917,1953-06-30,0.031,-1.87,
1948,1953-07-31,0.031,-1.87,
1979,1953-08-31,0.031,-1.87,
2009,1953-09-30,-0.022,-41.57,
2040,1953-10-31,-0.022,-41.57,
2070,1953-11-30,-0.022,-41.57,
2101,1953-12-31,-0.059,-69.29,
2132,1954-01-31,-0.059,-69.29,
2160,1954-02-28,-0.059,-69.29,
2191,1954-03-31,-0.019,-39.33,
2221,1954-04-30,-0.019,-39.33,
2252,1954-05-31,-0.019,-39.33,
2282,1954-06-30,0.004,-22.1,
2313,1954-07-31,0.004,-22.1,
2344,1954-08-31,0.004,-22.1,
2374,1954-09-30,0.046,9.36,
2405,1954-10-31,0.046,9.36,
2435,1954-11-30,0.046,9.36,
2466,1954-12-31,0.081,35.58,
2497,1955-01-31,0.081,35.58,
2525,1955-02-28,0.081,35.58,
2556,1955-03-31,0.119,64.04,
2586,1955-04-30,0.119,64.04,
2617,1955-05-31,0.119,64.04,
2647,1955-06-30,0.067,25.09,
2678,1955-07-31,0.067,25.09,
2709,1955-08-31,0.067,25.09,
2739,1955-09-30,0.055,16.1,
2770,1955-10-31,0.055,16.1,
2800,1955-11-30,0.055,16.1,
2831,1955-12-31,0.024,-7.12,
2862,1956-01-31,0.024,-7.12,
2891,1956-02-29,0.024,-7.12,
2922,1956-03-31,-0.015,-36.33,
2952,1956-04-30,-0.015,-36.33,
2983,1956-05-31,-0.015,-36.33,
3013,1956-06-30,0.033,-0.37,
3044,1956-07-31,0.033,-0.37,
3075,1956-08-31,0.033,-0.37,
3105,1956-09-30,-0.004,-28.09,
3136,1956-10-31,-0.004,-28.09,
3166,1956-11-30,-0.004,-28.09,
3197,1956-12-31,0.067,25.09,
3198,1957-01-01,0.067,25.09,
3228,1957-01-31,0.067,25.09,
3229,1957-02-01,0.067,25.09,
3256,1957-02-28,0.067,25.09,
3257,1957-03-01,0.067,25.09,
3287,1957-03-31,0.026,-5.62,
3288,1957-04-01,0.026,-5.62,
3317,1957-04-30,0.026,-5.62,
3318,1957-05-01,0.026,-5.62,
3348,1957-05-31,0.026,-5.62,
3349,1957-06-01,0.026,-5.62,
3378,1957-06-30,-0.009,-31.84,
3379,1957-07-01,-0.009,-31.84,
3409,1957-07-31,-0.009,-31.84,
3410,1957-08-01,-0.009,-31.84,
3440,1957-08-31,-0.009,-31.84,
3441,1957-09-01,-0.009,-31.84,
3470,1957-09-30,0.04,4.87,
3471,1957-10-01,0.04,4.87,
3501,1957-10-31,0.04,4.87,
3502,1957-11-01,0.04,4.87,
3531,1957-11-30,0.04,4.87,
3532,1957-12-01,0.04,4.87,
3562,1957-12-31,-0.041,-55.81,
3563,1958-01-01,-0.041,-55.81,
3593,1958-01-31,-0.041,-55.81,
3594,1958-02-01,-0.041,-55.81,
3621,1958-02-28,-0.041,-55.81,
3622,1958-03-01,-0.041,-55.81,
3652,1958-03-31,-0.1,-100.0,
3653,1958-04-01,-0.1,-100.0,
3682,1958-04-30,-0.1,-100.0,
3683,1958-05-01,-0.1,-100.0,
3713,1958-05-31,-0.1,-100.0,
3714,1958-06-01,-0.1,-100.0,
3743,1958-06-30,0.027,-4.87,
3744,1958-07-01,0.027,-4.87,
3774,1958-07-31,0.027,-4.87,
3775,1958-08-01,0.027,-4.87,
3805,1958-08-31,0.027,-4.87,
3806,1958-09-01,0.027,-4.87,
3835,1958-09-30,0.096,46.82,
3836,1958-10-01,0.096,46.82,
3866,1958-10-31,0.096,46.82,
3867,1958-11-01,0.096,46.82,
3896,1958-11-30,0.096,46.82,
3897,1958-12-01,0.096,46.82,
3927,1958-12-31,0.097,47.57,
3928,1959-01-01,0.097,47.57,
3958,1959-01-31,0.097,47.57,
3959,1959-02-01,0.097,47.57,
3986,1959-02-28,0.097,47.57,
3987,1959-03-01,0.097,47.57,
4017,1959-03-31,0.079,34.08,
4018,1959-04-01,0.079,34.08,
4047,1959-04-30,0.079,34.08,
4048,1959-05-01,0.079,34.08,
4078,1959-05-31,0.079,34.08,
4079,1959-06-01,0.079,34.08,
4108,1959-06-30,0.093,44.57,
4109,1959-07-01,0.093,44.57,
4139,1959-07-31,0.093,44.57,
4140,1959-08-01,0.093,44.57,
4170,1959-08-31,0.093,44.57,
4171,1959-09-01,0.093,44.57,
4200,1959-09-30,0.003,-22.85,
4201,1959-10-01,0.003,-22.85,
4231,1959-10-31,0.003,-22.85,
4232,1959-11-01,0.003,-22.85,
4261,1959-11-30,0.003,-22.85,
4262,1959-12-01,0.003,-22.85,
4292,1959-12-31,0.011,-16.85,
4293,1960-01-01,0.011,-16.85,
4323,1960-01-31,0.011,-16.85,
4324,1960-02-01,0.011,-16.85,
4352,1960-02-29,0.011,-16.85,
4353,1960-03-01,0.011,-16.85,
4383,1960-03-31,0.093,44.57,
4384,1960-04-01,0.093,44.57,
4413,1960-04-30,0.093,44.57,
4414,1960-05-01,0.093,44.57,
4444,1960-05-31,0.093,44.57,
4445,1960-06-01,0.093,44.57,
4474,1960-06-30,-0.021,-40.82,
4475,1960-07-01,-0.021,-40.82,
4505,1960-07-31,-0.021,-40.82,
4506,1960-08-01,-0.021,-40.82,
4536,1960-08-31,-0.021,-40.82,
4537,1960-09-01,-0.021,-40.82,
4566,1960-09-30,0.02,-10.11,
4567,1960-10-01,0.02,-10.11,
4597,1960-10-31,0.02,-10.11,
4598,1960-11-01,0.02,-10.11,
4627,1960-11-30,0.02,-10.11,
4628,1960-12-01,0.02,-10.11,
4658,1960-12-31,-0.05,-62.55,
4659,1961-01-01,-0.05,-62.55,
4689,1961-01-31,-0.05,-62.55,
4690,1961-02-01,-0.05,-62.55,
4717,1961-02-28,-0.05,-62.55,
4718,1961-03-01,-0.05,-62.55,
4748,1961-03-31,0.027,-4.87,
4749,1961-04-01,0.027,-4.87,
4778,1961-04-30,0.027,-4.87,
4779,1961-05-01,0.027,-4.87,
4809,1961-05-31,0.027,-4.87,
4810,1961-06-01,0.027,-4.87,
4839,1961-06-30,0.07,27.34,
4840,1961-07-01,0.07,27.34,
4870,1961-07-31,0.07,27.34,
4871,1961-08-01,0.07,27.34,
4901,1961-08-31,0.07,27.34,
4902,1961-09-01,0.07,27.34,
4931,1961-09-30,0.079,34.08,
4932,1961-10-01,0.079,34.08,
4962,1961-10-31,0.079,34.08,
4963,1961-11-01,0.079,34.08,
4992,1961-11-30,0.079,34.08,
4993,1961-12-01,0.079,34.08,
5023,1961-12-31,0.081,35.58,
5024,1962-01-01,0.081,35.58,
5054,1962-01-31,0.081,35.58,
5055,1962-02-01,0.081,35.58,
5082,1962-02-28,0.081,35.58,
5083,1962-03-01,0.081,35.58,
5113,1962-03-31,0.073,29.59,
5114,1962-04-01,0.073,29.59,
5143,1962-04-30,0.073,29.59,
5144,1962-05-01,0.073,29.59,
5174,1962-05-31,0.073,29.59,
5175,1962-06-01,0.073,29.59,
5204,1962-06-30,0.037,2.62,
5205,1962-07-01,0.037,2.62,
5235,1962-07-31,0.037,2.62,
5236,1962-08-01,0.037,2.62,
5266,1962-08-31,0.037,2.62,
5267,1962-09-01,0.037,2.62,
5296,1962-09-30,0.05,12.36,
5297,1962-10-01,0.05,12.36,
5327,1962-10-31,0.05,12.36,
5328,1962-11-01,0.05,12.36,
5357,1962-11-30,0.05,12.36,
5358,1962-12-01,0.05,12.36,
5388,1962-12-31,0.013,-15.36,
5389,1963-01-01,0.013,-15.36,
5419,1963-01-31,0.013,-15.36,
5420,1963-02-01,0.013,-15.36,
5447,1963-02-28,0.013,-15.36,
5448,1963-03-01,0.013,-15.36,
5478,1963-03-31,0.044,7.87,
5479,1963-04-01,0.044,7.87,
5508,1963-04-30,0.044,7.87,
5509,1963-05-01,0.044,7.87,
5539,1963-05-31,0.044,7.87,
5540,1963-06-01,0.044,7.87,
5569,1963-06-30,0.046,9.36,
5570,1963-07-01,0.046,9.36,
5600,1963-07-31,0.046,9.36,
5601,1963-08-01,0.046,9.36,
5631,1963-08-31,0.046,9.36,
5632,1963-09-01,0.046,9.36,
5661,1963-09-30,0.091,43.07,
5662,1963-10-01,0.091,43.07,
5692,1963-10-31,0.091,43.07,
5693,1963-11-01,0.091,43.07,
5722,1963-11-30,0.091,43.07,
5723,1963-12-01,0.091,43.07,
5753,1963-12-31,0.026,-5.62,
5754,1964-01-01,0.026,-5.62,
5784,1964-01-31,0.026,-5.62,
5785,1964-02-01,0.026,-5.62,
5813,1964-02-29,0.026,-5.62,
5814,1964-03-01,0.026,-5.62,
5844,1964-03-31,0.087,40.07,
5845,1964-04-01,0.087,40.07,
5874,1964-04-30,0.087,40.07,
5875,1964-05-01,0.087,40.07,
5905,1964-05-31,0.087,40.07,
5906,1964-06-01,0.087,40.07,
5935,1964-06-30,0.044,7.87,
5936,1964-07-01,0.044,7.87,
5966,1964-07-31,0.044,7.87,
5967,1964-08-01,0.044,7.87,
5997,1964-08-31,0.044,7.87,
5998,1964-09-01,0.044,7.87,
6027,1964-09-30,0.064,22.85,
6028,1964-10-01,0.064,22.85,
6058,1964-10-31,0.064,22.85,
6059,1964-11-01,0.064,22.85,
6088,1964-11-30,0.064,22.85,
6089,1964-12-01,0.064,22.85,
6119,1964-12-31,0.012,-16.1,
6120,1965-01-01,0.012,-16.1,
6150,1965-01-31,0.012,-16.1,
6151,1965-02-01,0.012,-16.1,
6178,1965-02-28,0.012,-16.1,
6179,1965-03-01,0.012,-16.1,
6209,1965-03-31,0.1,49.81,
6210,1965-04-01,0.1,49.81,
6239,1965-04-30,0.1,49.81,
6240,1965-05-01,0.1,49.81,
6270,1965-05-31,0.1,49.81,
6271,1965-06-01,0.1,49.81,
6300,1965-06-30,0.051,13.11,
6301,1965-07-01,0.051,13.11,
6331,1965-07-31,0.051,13.11,
6332,1965-08-01,0.051,13.11,
6362,1965-08-31,0.051,13.11,
6363,1965-09-01,0.051,13.11,
6392,1965-09-30,0.092,43.82,
6393,1965-10-01,0.092,43.82,
6423,1965-10-31,0.092,43.82,
6424,1965-11-01,0.092,43.82,
6453,1965-11-30,0.092,43.82,
6454,1965-12-01,0.092,43.82,
6484,1965-12-31,0.095,46.07,
6485,1966-01-01,0.095,46.07,
6515,1966-01-31,0.095,46.07,
6516,1966-02-01,0.095,46.07,
6543,1966-02-28,0.095,46.07,
6544,1966-03-01,0.095,46.07,
6574,1966-03-31,0.101,50.56,
6575,1966-04-01,0.101,50.56,
6604,1966-04-30,0.101,50.56,
6605,1966-05-01,0.101,50.56,
6635,1966-05-31,0.101,50.56,
6636,1966-06-01,0.101,50.56,
6665,1966-06-30,0.014,-14.61,
6666,1966-07-01,0.014,-14.61,
6696,1966-07-31,0.014,-14.61,
6697,1966-08-01,0.014,-14.61,
6727,1966-08-31,0.014,-14.61,
6728,1966-09-01,0.014,-14.61,
6757,1966-09-30,0.034,0.37,
6758,1966-10-01,0.034,0.37,
6788,1966-10-31,0.034,0.37,
6789,1966-11-01,0.034,0.37,
6818,1966-11-30,0.034,0.37,
6819,1966-12-01,0.034,0.37,
6849,1966-12-31,0.033,-0.37,
6850,1967-01-01,0.033,-0.37,
6880,1967-01-31,0.033,-0.37,
6881,1967-02-01,0.033,-0.37,
6908,1967-02-28,0.033,-0.37,
6909,1967-03-01,0.033,-0.37,
6939,1967-03-31,0.036,1.87,
6940,1967-04-01,0.036,1.87,
6969,1967-04-30,0.036,1.87,
6970,1967-05-01,0.036,1.87,
7000,1967-05-31,0.036,1.87,
7001,1967-06-01,0.036,1.87,
7030,1967-06-30,0.002,-23.6,
7031,1967-07-01,0.002,-23.6,
7061,1967-07-31,0.002,-23.6,
7062,1967-08-01,0.002,-23.6,
7092,1967-08-31,0.002,-23.6,
7093,1967-09-01,0.002,-23.6,
7122,1967-09-30,0.038,3.37,
7123,1967-10-01,0.038,3.37,
7153,1967-10-31,0.038,3.37,
7154,1967-11-01,0.038,3.37,
7183,1967-11-30,0.038,3.37,
7184,1967-12-01,0.038,3.37,
7214,1967-12-31,0.03,-2.62,
7215,1968-01-01,0.03,-2.62,
7245,1968-01-31,0.03,-2.62,
7246,1968-02-01,0.03,-2.62,
7274,1968-02-29,0.03,-2.62,
7275,1968-03-01,0.03,-2.62,
7305,1968-03-31,0.084,37.83,
7306,1968-04-01,0.084,37.83,
7335,1968-04-30,0.084,37.83,
7336,1968-05-01,0.084,37.83,
7366,1968-05-31,0.084,37.83,
7367,1968-06-01,0.084,37.83,
7396,1968-06-30,0.069,26.59,
7397,1968-07-01,0.069,26.59,
7427,1968-07-31,0.069,26.59,
7428,1968-08-01,0.069,26.59,
7458,1968-08-31,0.069,26.59,
7459,1968-09-01,0.069,26.59,
7488,1968-09-30,0.031,-1.87,
7489,1968-10-01,0.031,-1.87,
7519,1968-10-31,0.031,-1.87,
7520,1968-11-01,0.031,-1.87,
7549,1968-11-30,0.031,-1.87,
7550,1968-12-01,0.031,-1.87,
7580,1968-12-31,0.016,-13.11,
7581,1969-01-01,0.016,-13.11,
7611,1969-01-31,0.016,-13.11,
7612,1969-02-01,0.016,-13.11,
7639,1969-02-28,0.016,-13.11,
7640,1969-03-01,0.016,-13.11,
7670,1969-03-31,0.064,22.85,
7671,1969-04-01,0.064,22.85,
7700,1969-04-30,0.064,22.85,
7701,1969-05-01,0.064,22.85,
7731,1969-05-31,0.064,22.85,
7732,1969-06-01,0.064,22.85,
7761,1969-06-30,0.012,-16.1,
7762,1969-07-01,0.012,-16.1,
7792,1969-07-31,0.012,-16.1,
7793,1969-08-01,0.012,-16.1,
7823,1969-08-31,0.012,-16.1,
7824,1969-09-01,0.012,-16.1,
7853,1969-09-30,0.027,-4.87,
7854,1969-10-01,0.027,-4.87,
7884,1969-10-31,0.027,-4.87,
7885,1969-11-01,0.027,-4.87,
7914,1969-11-30,0.027,-4.87,
7915,1969-12-01,0.027,-4.87,
7945,1969-12-31,-0.019,-39.33,
7946,1970-01-01,-0.019,-39.33,
7976,1970-01-31,-0.019,-39.33,
7977,1970-02-01,-0.019,-39.33,
8004,1970-02-28,-0.019,-39.33,
8005,1970-03-01,-0.019,-39.33,
8035,1970-03-31,-0.006,-29.59,
8036,1970-04-01,-0.006,-29.59,
8065,1970-04-30,-0.006,-29.59,
8066,1970-05-01,-0.006,-29.59,
8096,1970-05-31,-0.006,-29.59,
8097,1970-06-01,-0.006,-29.59,
8126,1970-06-30,0.006,-20.6,
8127,1970-07-01,0.006,-20.6,
8157,1970-07-31,0.006,-20.6,
8158,1970-08-01,0.006,-20.6,
8188,1970-08-31,0.006,-20.6,
8189,1970-09-01,0.006,-20.6,
8218,1970-09-30,0.037,2.62,
8219,1970-10-01,0.037,2.62,
8249,1970-10-31,0.037,2.62,
8250,1970-11-01,0.037,2.62,
8279,1970-11-30,0.037,2.62,
8280,1970-12-01,0.037,2.62,
8310,1970-12-31,-0.042,-56.55,
8311,1971-01-01,-0.042,-56.55,
8341,1971-01-31,-0.042,-56.55,
8342,1971-02-01,-0.042,-56.55,
8369,1971-02-28,-0.042,-56.55,
8370,1971-03-01,-0.042,-56.55,
8400,1971-03-31,0.113,59.55,
8401,1971-04-01,0.113,59.55,
8430,1971-04-30,0.113,59.55,
8431,1971-05-01,0.113,59.55,
8461,1971-05-31,0.113,59.55,
8462,1971-06-01,0.113,59.55,
8491,1971-06-30,0.022,-8.61,
8492,1971-07-01,0.022,-8.61,
8522,1971-07-31,0.022,-8.61,
8523,1971-08-01,0.022,-8.61,
8553,1971-08-31,0.022,-8.61,
8554,1971-09-01,0.022,-8.61,
8583,1971-09-30,0.033,-0.37,
8584,1971-10-01,0.033,-0.37,
8614,1971-10-31,0.033,-0.37,
8615,1971-11-01,0.033,-0.37,
8644,1971-11-30,0.033,-0.37,
8645,1971-12-01,0.033,-0.37,
8675,1971-12-31,0.009,-18.35,
8676,1972-01-01,0.009,-18.35,
8706,1972-01-31,0.009,-18.35,
8707,1972-02-01,0.009,-18.35,
8735,1972-02-29,0.009,-18.35,
8736,1972-03-01,0.009,-18.35,
8766,1972-03-31,0.076,31.84,
8767,1972-04-01,0.076,31.84,
8796,1972-04-30,0.076,31.84,
8797,1972-05-01,0.076,31.84,
8827,1972-05-31,0.076,31.84,
8828,1972-06-01,0.076,31.84,
8857,1972-06-30,0.094,45.32,
8858,1972-07-01,0.094,45.32,
8888,1972-07-31,0.094,45.32,
8889,1972-08-01,0.094,45.32,
8919,1972-08-31,0.094,45.32,
8920,1972-09-01,0.094,45.32,
8949,1972-09-30,0.038,3.37,
8950,1972-10-01,0.038,3.37,
8980,1972-10-31,0.038,3.37,
8981,1972-11-01,0.038,3.37,
9010,1972-11-30,0.038,3.37,
9011,1972-12-01,0.038,3.37,
9041,1972-12-31,0.069,26.59,
9042,1973-01-01,0.069,26.59,
9072,1973-01-31,0.069,26.59,
9073,1973-02-01,0.069,26.59,
9100,1973-02-28,0.069,26.59,
9101,1973-03-01,0.069,26.59,
9131,1973-03-31,0.103,52.06,
9132,1973-04-01,0.103,52.06,
9161,1973-04-30,0.103,52.06,
9162,1973-05-01,0.103,52.06,
9192,1973-05-31,0.103,52.06,
9193,1973-06-01,0.103,52.06,
9222,1973-06-30,0.044,7.87,
9223,1973-07-01,0.044,7.87,
9253,1973-07-31,0.044,7.87,
9254,1973-08-01,0.044,7.87,
9284,1973-08-31,0.044,7.87,
9285,1973-09-01,0.044,7.87,
9314,1973-09-30,-0.021,-40.82,
9315,1973-10-01,-0.021,-40.82,
9345,1973-10-31,-0.021,-40.82,
9346,1973-11-01,-0.021,-40.82,
9375,1973-11-30,-0.021,-40.82,
9376,1973-12-01,-0.021,-40.82,
9406,1973-12-31,0.038,3.37,
9407,1974-01-01,0.038,3.37,
9437,1974-01-31,0.038,3.37,
9438,1974-02-01,0.038,3.37,
9465,1974-02-28,0.038,3.37,
9466,1974-03-01,0.038,3.37,
9496,1974-03-31,-0.034,-50.56,
9497,1974-04-01,-0.034,-50.56,
9526,1974-04-30,-0.034,-50.56,
9527,1974-05-01,-0.034,-50.56,
9557,1974-05-31,-0.034,-50.56,
9558,1974-06-01,-0.034,-50.56,
9587,1974-06-30,0.01,-17.6,
9588,1974-07-01,0.01,-17.6,
9618,1974-07-31,0.01,-17.6,
9619,1974-08-01,0.01,-17.6,
9649,1974-08-31,0.01,-17.6,
9650,1974-09-01,0.01,-17.6,
9679,1974-09-30,-0.037,-52.81,
9680,1974-10-01,-0.037,-52.81,
9710,1974-10-31,-0.037,-52.81,
9711,1974-11-01,-0.037,-52.81,
9740,1974-11-30,-0.037,-52.81,
9741,1974-12-01,-0.037,-52.81,
9771,1974-12-31,-0.015,-36.33,
9772,1975-01-01,-0.015,-36.33,
9802,1975-01-31,-0.015,-36.33,
9803,1975-02-01,-0.015,-36.33,
9830,1975-02-28,-0.015,-36.33,
9831,1975-03-01,-0.015,-36.33,
9861,1975-03-31,-0.048,-61.05,
9862,1975-04-01,-0.048,-61.05,
9891,1975-04-30,-0.048,-61.05,
9892,1975-05-01,-0.048,-61.05,
9922,1975-05-31,-0.048,-61.05,
9923,1975-06-01,-0.048,-61.05,
9952,1975-06-30,0.029,-3.37,
9953,1975-07-01,0.029,-3.37,
9983,1975-07-31,0.029,-3.37,
9984,1975-08-01,0.029,-3.37,
10014,1975-08-31,0.029,-3.37,
10015,1975-09-01,0.029,-3.37,
10044,1975-09-30,0.07,27.34,
10045,1975-10-01,0.07,27.34,
10075,1975-10-31,0.07,27.34,
10076,1975-11-01,0.07,27.34,
10105,1975-11-30,0.07,27.34,
10106,1975-12-01,0.07,27.34,
10136,1975-12-31,0.055,16.1,
10137,1976-01-01,0.055,16.1,
10167,1976-01-31,0.055,16.1,
10168,1976-02-01,0.055,16.1,
10196,1976-02-29,0.055,16.1,
10197,1976-03-01,0.055,16.1,
10227,1976-03-31,0.093,44.57,
10228,1976-04-01,0.093,44.57,
10257,1976-04-30,0.093,44.57,
10258,1976-05-01,0.093,44.57,
10288,1976-05-31,0.093,44.57,
10289,1976-06-01,0.093,44.57,
10318,1976-06-30,0.03,-2.62,
10319,1976-07-01,0.03,-2.62,
10349,1976-07-31,0.03,-2.62,
10350,1976-08-01,0.03,-2.62,
10380,1976-08-31,0.03,-2.62,
10381,1976-09-01,0.03,-2.62,
10410,1976-09-30,0.022,-8.61,
10411,1976-10-01,0.022,-8.61,
10441,1976-10-31,0.022,-8.61,
10442,1976-11-01,0.022,-8.61,
10471,1976-11-30,0.022,-8.61,
10472,1976-12-01,0.022,-8.61,
10502,1976-12-31,0.029,-3.37,
10503,1977-01-01,0.029,-3.37,
10533,1977-01-31,0.029,-3.37,
10534,1977-02-01,0.029,-3.37,
10561,1977-02-28,0.029,-3.37,
10562,1977-03-01,0.029,-3.37,
10592,1977-03-31,0.048,10.86,
10593,1977-04-01,0.048,10.86,
10622,1977-04-30,0.048,10.86,
10623,1977-05-01,0.048,10.86,
10653,1977-05-31,0.048,10.86,
10654,1977-06-01,0.048,10.86,
10683,1977-06-30,0.08,34.83,
10684,1977-07-01,0.08,34.83,
10714,1977-07-31,0.08,34.83,
10715,1977-08-01,0.08,34.83,
10745,1977-08-31,0.08,34.83,
10746,1977-09-01,0.08,34.83,
10775,1977-09-30,0.074,30.34,
10776,1977-10-01,0.074,30.34,
10806,1977-10-31,0.074,30.34,
10807,1977-11-01,0.074,30.34,
10836,1977-11-30,0.074,30.34,
10837,1977-12-01,0.074,30.34,
10867,1977-12-31,0.0,-25.09,
10868,1978-01-01,0.0,-25.09,
10898,1978-01-31,0.0,-25.09,
10899,1978-02-01,0.0,-25.09,
10926,1978-02-28,0.0,-25.09,
10927,1978-03-01,0.0,-25.09,
10957,1978-03-31,0.013,-15.36,
10958,1978-04-01,0.013,-15.36,
10987,1978-04-30,0.013,-15.36,
10988,1978-05-01,0.013,-15.36,
11018,1978-05-31,0.013,-15.36,
11019,1978-06-01,0.013,-15.36,
11048,1978-06-30,0.164,97.75,
11049,1978-07-01,0.164,97.75,
11079,1978-07-31,0.164,97.75,
11080,1978-08-01,0.164,97.75,
11110,1978-08-31,0.164,97.75,
11111,1978-09-01,0.164,97.75,
11140,1978-09-30,0.041,5.62,
11141,1978-10-01,0.041,5.62,
11171,1978-10-31,0.041,5.62,
11172,1978-11-01,0.041,5.62,
11201,1978-11-30,0.041,5.62,
11202,1978-12-01,0.041,5.62,
11232,1978-12-31,0.055,16.1,
11233,1979-01-01,0.055,16.1,
11263,1979-01-31,0.055,16.1,
11264,1979-02-01,0.055,16.1,
11291,1979-02-28,0.055,16.1,
11292,1979-03-01,0.055,16.1,
11322,1979-03-31,0.007,-19.85,
11323,1979-04-01,0.007,-19.85,
11352,1979-04-30,0.007,-19.85,
11353,1979-05-01,0.007,-19.85,
11383,1979-05-31,0.007,-19.85,
11384,1979-06-01,0.007,-19.85,
11413,1979-06-30,0.004,-22.1,
11414,1979-07-01,0.004,-22.1,
11444,1979-07-31,0.004,-22.1,
11445,1979-08-01,0.004,-22.1,
11475,1979-08-31,0.004,-22.1,
11476,1979-09-01,0.004,-22.1,
11505,1979-09-30,0.03,-2.62,
11506,1979-10-01,0.03,-2.62,
11536,1979-10-31,0.03,-2.62,
11537,1979-11-01,0.03,-2.62,
11566,1979-11-30,0.03,-2.62,
11567,1979-12-01,0.03,-2.62,
11597,1979-12-31,0.01,-17.6,
11598,1980-01-01,0.01,-17.6,
11628,1980-01-31,0.01,-17.6,
11629,1980-02-01,0.01,-17.6,
11657,1980-02-29,0.01,-17.6,
11658,1980-03-01,0.01,-17.6,
11688,1980-03-31,0.013,-15.36,
11689,1980-04-01,0.013,-15.36,
11718,1980-04-30,0.013,-15.36,
11719,1980-05-01,0.013,-15.36,
11749,1980-05-31,0.013,-15.36,
11750,1980-06-01,0.013,-15.36,
11779,1980-06-30,-0.08,-85.02,
11780,1980-07-01,-0.08,-85.02,
11810,1980-07-31,-0.08,-85.02,
11811,1980-08-01,-0.08,-85.02,
11841,1980-08-31,-0.08,-85.02,
11842,1980-09-01,-0.08,-85.02,
11871,1980-09-30,-0.005,-28.84,
11872,1980-10-01,-0.005,-28.84,
11902,1980-10-31,-0.005,-28.84,
11903,1980-11-01,-0.005,-28.84,
11932,1980-11-30,-0.005,-28.84,
11933,1980-12-01,-0.005,-28.84,
11963,1980-12-31,0.077,32.58,
11964,1981-01-01,0.077,32.58,
11994,1981-01-31,0.077,32.58,
11995,1981-02-01,0.077,32.58,
12022,1981-02-28,0.077,32.58,
12023,1981-03-01,0.077,32.58,
12053,1981-03-31,0.081,35.58,
12054,1981-04-01,0.081,35.58,
12083,1981-04-30,0.081,35.58,
12084,1981-05-01,0.081,35.58,
12114,1981-05-31,0.081,35.58,
12115,1981-06-01,0.081,35.58,
12144,1981-06-30,-0.029,-46.82,
12145,1981-07-01,-0.029,-46.82,
12175,1981-07-31,-0.029,-46.82,
12176,1981-08-01,-0.029,-46.82,
12206,1981-08-31,-0.029,-46.82,
12207,1981-09-01,-0.029,-46.82,
12236,1981-09-30,0.049,11.61,
12237,1981-10-01,0.049,11.61,
12267,1981-10-31,0.049,11.61,
12268,1981-11-01,0.049,11.61,
12297,1981-11-30,0.049,11.61,
12298,1981-12-01,0.049,11.61,
12328,1981-12-31,-0.043,-57.3,
12329,1982-01-01,-0.043,-57.3,
12359,1982-01-31,-0.043,-57.3,
12360,1982-02-01,-0.043,-57.3,
12387,1982-02-28,-0.043,-57.3,
12388,1982-03-01,-0.043,-57.3,
12418,1982-03-31,-0.061,-70.79,
12419,1982-04-01,-0.061,-70.79,
12448,1982-04-30,-0.061,-70.79,
12449,1982-05-01,-0.061,-70.79,
12479,1982-05-31,-0.061,-70.79,
12480,1982-06-01,-0.061,-70.79,
12509,1982-06-30,0.018,-11.61,
12510,1982-07-01,0.018,-11.61,
12540,1982-07-31,0.018,-11.61,
12541,1982-08-01,0.018,-11.61,
12571,1982-08-31,0.018,-11.61,
12572,1982-09-01,0.018,-11.61,
12601,1982-09-30,-0.015,-36.33,
12602,1982-10-01,-0.015,-36.33,
12632,1982-10-31,-0.015,-36.33,
12633,1982-11-01,-0.015,-36.33,
12662,1982-11-30,-0.015,-36.33,
12663,1982-12-01,-0.015,-36.33,
12693,1982-12-31,0.002,-23.6,
12694,1983-01-01,0.002,-23.6,
12724,1983-01-31,0.002,-23.6,
12725,1983-02-01,0.002,-23.6,
12752,1983-02-28,0.002,-23.6,
12753,1983-03-01,0.002,-23.6,
12783,1983-03-31,0.054,15.36,
12784,1983-04-01,0.054,15.36,
12813,1983-04-30,0.054,15.36,
12814,1983-05-01,0.054,15.36,
12844,1983-05-31,0.054,15.36,
12845,1983-06-01,0.054,15.36,
12874,1983-06-30,0.094,45.32,
12875,1983-07-01,0.094,45.32,
12905,1983-07-31,0.094,45.32,
12906,1983-08-01,0.094,45.32,
12936,1983-08-31,0.094,45.32,
12937,1983-09-01,0.094,45.32,
12966,1983-09-30,0.082,36.33,
12967,1983-10-01,0.082,36.33,
12997,1983-10-31,0.082,36.33,
12998,1983-11-01,0.082,36.33,
13027,1983-11-30,0.082,36.33,
13028,1983-12-01,0.082,36.33,
13058,1983-12-31,0.086,39.33,
13059,1984-01-01,0.086,39.33,
13089,1984-01-31,0.086,39.33,
13090,1984-02-01,0.086,39.33,
13118,1984-02-29,0.086,39.33,
13119,1984-03-01,0.086,39.33,
13149,1984-03-31,0.081,35.58,
13150,1984-04-01,0.081,35.58,
13179,1984-04-30,0.081,35.58,
13180,1984-05-01,0.081,35.58,
13210,1984-05-31,0.081,35.58,
13211,1984-06-01,0.081,35.58,
13240,1984-06-30,0.071,28.09,
13241,1984-07-01,0.071,28.09,
13271,1984-07-31,0.071,28.09,
13272,1984-08-01,0.071,28.09,
13302,1984-08-31,0.071,28.09,
13303,1984-09-01,0.071,28.09,
13332,1984-09-30,0.039,4.12,
13333,1984-10-01,0.039,4.12,
13363,1984-10-31,0.039,4.12,
13364,1984-11-01,0.039,4.12,
13393,1984-11-30,0.039,4.12,
13394,1984-12-01,0.039,4.12,
13424,1984-12-31,0.033,-0.37,
13425,1985-01-01,0.033,-0.37,
13455,1985-01-31,0.033,-0.37,
13456,1985-02-01,0.033,-0.37,
13483,1985-02-28,0.033,-0.37,
13484,1985-03-01,0.033,-0.37,
13514,1985-03-31,0.039,4.12,
13515,1985-04-01,0.039,4.12,
13544,1985-04-30,0.039,4.12,
13545,1985-05-01,0.039,4.12,
13575,1985-05-31,0.039,4.12,
13576,1985-06-01,0.039,4.12,
13605,1985-06-30,0.036,1.87,
13606,1985-07-01,0.036,1.87,
13636,1985-07-31,0.036,1.87,
13637,1985-08-01,0.036,1.87,
13667,1985-08-31,0.036,1.87,
13668,1985-09-01,0.036,1.87,
13697,1985-09-30,0.062,21.35,
13698,1985-10-01,0.062,21.35,
13728,1985-10-31,0.062,21.35,
13729,1985-11-01,0.062,21.35,
13758,1985-11-30,0.062,21.35,
13759,1985-12-01,0.062,21.35,
13789,1985-12-31,0.03,-2.62,
13790,1986-01-01,0.03,-2.62,
13820,1986-01-31,0.03,-2.62,
13821,1986-02-01,0.03,-2.62,
13848,1986-02-28,0.03,-2.62,
13849,1986-03-01,0.03,-2.62,
13879,1986-03-31,0.038,3.37,
13880,1986-04-01,0.038,3.37,
13909,1986-04-30,0.038,3.37,
13910,1986-05-01,0.038,3.37,
13940,1986-05-31,0.038,3.37,
13941,1986-06-01,0.038,3.37,
13970,1986-06-30,0.018,-11.61,
13971,1986-07-01,0.018,-11.61,
14001,1986-07-31,0.018,-11.61,
14002,1986-08-01,0.018,-11.61,
14032,1986-08-31,0.018,-11.61,
14033,1986-09-01,0.018,-11.61,
14062,1986-09-30,0.039,4.12,
14063,1986-10-01,0.039,4.12,
14093,1986-10-31,0.039,4.12,
14094,1986-11-01,0.039,4.12,
14123,1986-11-30,0.039,4.12,
14124,1986-12-01,0.039,4.12,
14154,1986-12-31,0.022,-8.61,
14155,1987-01-01,0.022,-8.61,
14185,1987-01-31,0.022,-8.61,
14186,1987-02-01,0.022,-8.61,
14213,1987-02-28,0.022,-8.61,
14214,1987-03-01,0.022,-8.61,
14244,1987-03-31,0.03,-2.62,
14245,1987-04-01,0.03,-2.62,
14274,1987-04-30,0.03,-2.62,
14275,1987-05-01,0.03,-2.62,
14305,1987-05-31,0.03,-2.62,
14306,1987-06-01,0.03,-2.62,
14335,1987-06-30,0.044,7.87,
14336,1987-07-01,0.044,7.87,
14366,1987-07-31,0.044,7.87,
14367,1987-08-01,0.044,7.87,
14397,1987-08-31,0.044,7.87,
14398,1987-09-01,0.044,7.87,
14427,1987-09-30,0.035,1.12,
14428,1987-10-01,0.035,1.12,
14458,1987-10-31,0.035,1.12,
14459,1987-11-01,0.035,1.12,
14488,1987-11-30,0.035,1.12,
14489,1987-12-01,0.035,1.12,
14519,1987-12-31,0.07,27.34,
14520,1988-01-01,0.07,27.34,
14550,1988-01-31,0.07,27.34,
14551,1988-02-01,0.07,27.34,
14579,1988-02-29,0.07,27.34,
14580,1988-03-01,0.07,27.34,
14610,1988-03-31,0.021,-9.36,
14611,1988-04-01,0.021,-9.36,
14640,1988-04-30,0.021,-9.36,
14641,1988-05-01,0.021,-9.36,
14671,1988-05-31,0.021,-9.36,
14672,1988-06-01,0.021,-9.36,
14701,1988-06-30,0.054,15.36,
14702,1988-07-01,0.054,15.36,
14732,1988-07-31,0.054,15.36,
14733,1988-08-01,0.054,15.36,
14763,1988-08-31,0.054,15.36,
14764,1988-09-01,0.054,15.36,
14793,1988-09-30,0.024,-7.12,
14794,1988-10-01,0.024,-7.12,
14824,1988-10-31,0.024,-7.12,
14825,1988-11-01,0.024,-7.12,
14854,1988-11-30,0.024,-7.12,
14855,1988-12-01,0.024,-7.12,
14885,1988-12-31,0.054,15.36,
14886,1989-01-01,0.054,15.36,
14916,1989-01-31,0.054,15.36,
14917,1989-02-01,0.054,15.36,
14944,1989-02-28,0.054,15.36,
14945,1989-03-01,0.054,15.36,
14975,1989-03-31,0.041,5.62,
14976,1989-04-01,0.041,5.62,
15005,1989-04-30,0.041,5.62,
15006,1989-05-01,0.041,5.62,
15036,1989-05-31,0.041,5.62,
15037,1989-06-01,0.041,5.62,
15066,1989-06-30,0.031,-1.87,
15067,1989-07-01,0.031,-1.87,
15097,1989-07-31,0.031,-1.87,
15098,1989-08-01,0.031,-1.87,
15128,1989-08-31,0.031,-1.87,
15129,1989-09-01,0.031,-1.87,
15158,1989-09-30,0.03,-2.62,
15159,1989-10-01,0.03,-2.62,
15189,1989-10-31,0.03,-2.62,
15190,1989-11-01,0.03,-2.62,
15219,1989-11-30,0.03,-2.62,
15220,1989-12-01,0.03,-2.62,
15250,1989-12-31,0.008,-19.1,
15251,1990-01-01,0.008,-19.1,
15281,1990-01-31,0.008,-19.1,
15282,1990-02-01,0.008,-19.1,
15309,1990-02-28,0.008,-19.1,
15310,1990-03-01,0.008,-19.1,
15340,1990-03-31,0.044,7.87,
15341,1990-04-01,0.044,7.87,
15370,1990-04-30,0.044,7.87,
15371,1990-05-01,0.044,7.87,
15401,1990-05-31,0.044,7.87,
15402,1990-06-01,0.044,7.87,
15431,1990-06-30,0.015,-13.86,
15432,1990-07-01,0.015,-13.86,
15462,1990-07-31,0.015,-13.86,
15463,1990-08-01,0.015,-13.86,
15493,1990-08-31,0.015,-13.86,
15494,1990-09-01,0.015,-13.86,
15523,1990-09-30,0.003,-22.85,
15524,1990-10-01,0.003,-22.85,
15554,1990-10-31,0.003,-22.85,
15555,1990-11-01,0.003,-22.85,
15584,1990-11-30,0.003,-22.85,
15585,1990-12-01,0.003,-22.85,
15615,1990-12-31,-0.036,-52.06,
15616,1991-01-01,-0.036,-52.06,
15646,1991-01-31,-0.036,-52.06,
15647,1991-02-01,-0.036,-52.06,
15674,1991-02-28,-0.036,-52.06,
15675,1991-03-01,-0.036,-52.06,
15705,1991-03-31,-0.019,-39.33,
15706,1991-04-01,-0.019,-39.33,
15735,1991-04-30,-0.019,-39.33,
15736,1991-05-01,-0.019,-39.33,
15766,1991-05-31,-0.019,-39.33,
15767,1991-06-01,-0.019,-39.33,
15796,1991-06-30,0.032,-1.12,
15797,1991-07-01,0.032,-1.12,
15827,1991-07-31,0.032,-1.12,
15828,1991-08-01,0.032,-1.12,
15858,1991-08-31,0.032,-1.12,
15859,1991-09-01,0.032,-1.12,
15888,1991-09-30,0.02,-10.11,
15889,1991-10-01,0.02,-10.11,
15919,1991-10-31,0.02,-10.11,
15920,1991-11-01,0.02,-10.11,
15949,1991-11-30,0.02,-10.11,
15950,1991-12-01,0.02,-10.11,
15980,1991-12-31,0.014,-14.61,
15981,1992-01-01,0.014,-14.61,
16011,1992-01-31,0.014,-14.61,
16012,1992-02-01,0.014,-14.61,
16040,1992-02-29,0.014,-14.61,
16041,1992-03-01,0.014,-14.61,
16071,1992-03-31,0.049,11.61,
16072,1992-04-01,0.049,11.61,
16101,1992-04-30,0.049,11.61,
16102,1992-05-01,0.049,11.61,
16132,1992-05-31,0.049,11.61,
16133,1992-06-01,0.049,11.61,
16162,1992-06-30,0.044,7.87,
16163,1992-07-01,0.044,7.87,
16193,1992-07-31,0.044,7.87,
16194,1992-08-01,0.044,7.87,
16224,1992-08-31,0.044,7.87,
16225,1992-09-01,0.044,7.87,
16254,1992-09-30,0.04,4.87,
16255,1992-10-01,0.04,4.87,
16285,1992-10-31,0.04,4.87,
16286,1992-11-01,0.04,4.87,
16315,1992-11-30,0.04,4.87,
16316,1992-12-01,0.04,4.87,
16346,1992-12-31,0.042,6.37,
16347,1993-01-01,0.042,6.37,
16377,1993-01-31,0.042,6.37,
16378,1993-02-01,0.042,6.37,
16405,1993-02-28,0.042,6.37,
16406,1993-03-01,0.042,6.37,
16436,1993-03-31,0.007,-19.85,
16437,1993-04-01,0.007,-19.85,
16466,1993-04-30,0.007,-19.85,
16467,1993-05-01,0.007,-19.85,
16497,1993-05-31,0.007,-19.85,
16498,1993-06-01,0.007,-19.85,
16527,1993-06-30,0.023,-7.87,
16528,1993-07-01,0.023,-7.87,
16558,1993-07-31,0.023,-7.87,
16559,1993-08-01,0.023,-7.87,
16589,1993-08-31,0.023,-7.87,
16590,1993-09-01,0.023,-7.87,
16619,1993-09-30,0.019,-10.86,
16620,1993-10-01,0.019,-10.86,
16650,1993-10-31,0.019,-10.86,
16651,1993-11-01,0.019,-10.86,
16680,1993-11-30,0.019,-10.86,
16681,1993-12-01,0.019,-10.86,
16711,1993-12-31,0.056,16.85,
16712,1994-01-01,0.056,16.85,
16742,1994-01-31,0.056,16.85,
16743,1994-02-01,0.056,16.85,
16770,1994-02-28,0.056,16.85,
16771,1994-03-01,0.056,16.85,
16801,1994-03-31,0.039,4.12,
16802,1994-04-01,0.039,4.12,
16831,1994-04-30,0.039,4.12,
16832,1994-05-01,0.039,4.12,
16862,1994-05-31,0.039,4.12,
16863,1994-06-01,0.039,4.12,
16892,1994-06-30,0.055,16.1,
16893,1994-07-01,0.055,16.1,
16923,1994-07-31,0.055,16.1,
16924,1994-08-01,0.055,16.1,
16954,1994-08-31,0.055,16.1,
16955,1994-09-01,0.055,16.1,
16984,1994-09-30,0.024,-7.12,
16985,1994-10-01,0.024,-7.12,
17015,1994-10-31,0.024,-7.12,
17016,1994-11-01,0.024,-7.12,
17045,1994-11-30,0.024,-7.12,
17046,1994-12-01,0.024,-7.12,
17076,1994-12-31,0.047,10.11,
17077,1995-01-01,0.047,10.11,
17107,1995-01-31,0.047,10.11,
17108,1995-02-01,0.047,10.11,
17135,1995-02-28,0.047,10.11,
17136,1995-03-01,0.047,10.11,
17166,1995-03-31,0.014,-14.61,
17167,1995-04-01,0.014,-14.61,
17196,1995-04-30,0.014,-14.61,
17197,1995-05-01,0.014,-14.61,
17227,1995-05-31,0.014,-14.61,
17228,1995-06-01,0.014,-14.61,
17257,1995-06-30,0.012,-16.1,
17258,1995-07-01,0.012,-16.1,
17288,1995-07-31,0.012,-16.1,
17289,1995-08-01,0.012,-16.1,
17319,1995-08-31,0.012,-16.1,
17320,1995-09-01,0.012,-16.1,
17349,1995-09-30,0.035,1.12,
17350,1995-10-01,0.035,1.12,
17380,1995-10-31,0.035,1.12,
17381,1995-11-01,0.035,1.12,
17410,1995-11-30,0.035,1.12,
17411,1995-12-01,0.035,1.12,
17441,1995-12-31,0.027,-4.87,
17442,1996-01-01,0.027,-4.87,
17472,1996-01-31,0.027,-4.87,
17473,1996-02-01,0.027,-4.87,
17501,1996-02-29,0.027,-4.87,
17502,1996-03-01,0.027,-4.87,
17532,1996-03-31,0.03,-2.62,
17533,1996-04-01,0.03,-2.62,
17562,1996-04-30,0.03,-2.62,
17563,1996-05-01,0.03,-2.62,
17593,1996-05-31,0.03,-2.62,
17594,1996-06-01,0.03,-2.62,
17623,1996-06-30,0.068,25.84,
17624,1996-07-01,0.068,25.84,
17654,1996-07-31,0.068,25.84,
17655,1996-08-01,0.068,25.84,
17685,1996-08-31,0.068,25.84,
17686,1996-09-01,0.068,25.84,
17715,1996-09-30,0.036,1.87,
17716,1996-10-01,0.036,1.87,
17746,1996-10-31,0.036,1.87,
17747,1996-11-01,0.036,1.87,
17776,1996-11-30,0.036,1.87,
17777,1996-12-01,0.036,1.87,
17807,1996-12-31,0.042,6.37,
17808,1997-01-01,0.042,6.37,
17838,1997-01-31,0.042,6.37,
17839,1997-02-01,0.042,6.37,
17866,1997-02-28,0.042,6.37,
17867,1997-03-01,0.042,6.37,
17897,1997-03-31,0.026,-5.62,
17898,1997-04-01,0.026,-5.62,
17927,1997-04-30,0.026,-5.62,
17928,1997-05-01,0.026,-5.62,
17958,1997-05-31,0.026,-5.62,
17959,1997-06-01,0.026,-5.62,
17988,1997-06-30,0.068,25.84,
17989,1997-07-01,0.068,25.84,
18019,1997-07-31,0.068,25.84,
18020,1997-08-01,0.068,25.84,
18050,1997-08-31,0.068,25.84,
18051,1997-09-01,0.068,25.84,
18080,1997-09-30,0.051,13.11,
18081,1997-10-01,0.051,13.11,
18111,1997-10-31,0.051,13.11,
18112,1997-11-01,0.051,13.11,
18141,1997-11-30,0.051,13.11,
18142,1997-12-01,0.051,13.11,
18172,1997-12-31,0.035,1.12,
18173,1998-01-01,0.035,1.12,
18203,1998-01-31,0.035,1.12,
18204,1998-02-01,0.035,1.12,
18231,1998-02-28,0.035,1.12,
18232,1998-03-01,0.035,1.12,
18262,1998-03-31,0.041,5.62,
18263,1998-04-01,0.041,5.62,
18292,1998-04-30,0.041,5.62,
18293,1998-05-01,0.041,5.62,
18323,1998-05-31,0.041,5.62,
18324,1998-06-01,0.041,5.62,
18353,1998-06-30,0.038,3.37,
18354,1998-07-01,0.038,3.37,
18384,1998-07-31,0.038,3.37,
18385,1998-08-01,0.038,3.37,
18415,1998-08-31,0.038,3.37,
18416,1998-09-01,0.038,3.37,
18445,1998-09-30,0.051,13.11,
18446,1998-10-01,0.051,13.11,
18476,1998-10-31,0.051,13.11,
18477,1998-11-01,0.051,13.11,
18506,1998-11-30,0.051,13.11,
18507,1998-12-01,0.051,13.11,
18537,1998-12-31,0.066,24.34,
18538,1999-01-01,0.066,24.34,
18568,1999-01-31,0.066,24.34,
18569,1999-02-01,0.066,24.34,
18596,1999-02-28,0.066,24.34,
18597,1999-03-01,0.066,24.34,
18627,1999-03-31,0.038,3.37,
18628,1999-04-01,0.038,3.37,
18657,1999-04-30,0.038,3.37,
18658,1999-05-01,0.038,3.37,
18688,1999-05-31,0.038,3.37,
18689,1999-06-01,0.038,3.37,
18718,1999-06-30,0.031,-1.87,
18719,1999-07-01,0.031,-1.87,
18749,1999-07-31,0.031,-1.87,
18750,1999-08-01,0.031,-1.87,
18780,1999-08-31,0.031,-1.87,
18781,1999-09-01,0.031,-1.87,
18810,1999-09-30,0.053,14.61,
18811,1999-10-01,0.053,14.61,
18841,1999-10-31,0.053,14.61,
18842,1999-11-01,0.053,14.61,
18871,1999-11-30,0.053,14.61,
18872,1999-12-01,0.053,14.61,
18902,1999-12-31,0.07,27.34,
18903,2000-01-01,0.07,27.34,
18933,2000-01-31,0.07,27.34,
18934,2000-02-01,0.07,27.34,
18962,2000-02-29,0.07,27.34,
18963,2000-03-01,0.07,27.34,
18993,2000-03-31,0.015,-13.86,
18994,2000-04-01,0.015,-13.86,
19023,2000-04-30,0.015,-13.86,
19024,2000-05-01,0.015,-13.86,
19054,2000-05-31,0.015,-13.86,
19055,2000-06-01,0.015,-13.86,
19084,2000-06-30,0.075,31.09,
19085,2000-07-01,0.075,31.09,
19115,2000-07-31,0.075,31.09,
19116,2000-08-01,0.075,31.09,
19146,2000-08-31,0.075,31.09,
19147,2000-09-01,0.075,31.09,
19176,2000-09-30,0.005,-21.35,
19177,2000-10-01,0.005,-21.35,
19207,2000-10-31,0.005,-21.35,
19208,2000-11-01,0.005,-21.35,
19237,2000-11-30,0.005,-21.35,
19238,2000-12-01,0.005,-21.35,
19268,2000-12-31,0.025,-6.37,
19269,2001-01-01,0.025,-6.37,
19299,2001-01-31,0.025,-6.37,
19300,2001-02-01,0.025,-6.37,
19327,2001-02-28,0.025,-6.37,
19328,2001-03-01,0.025,-6.37,
19358,2001-03-31,-0.011,-33.33,
19359,2001-04-01,-0.011,-33.33,
19388,2001-04-30,-0.011,-33.33,
19389,2001-05-01,-0.011,-33.33,
19419,2001-05-31,-0.011,-33.33,
19420,2001-06-01,-0.011,-33.33,
19449,2001-06-30,0.024,-7.12,
19450,2001-07-01,0.024,-7.12,
19480,2001-07-31,0.024,-7.12,
19481,2001-08-01,0.024,-7.12,
19511,2001-08-31,0.024,-7.12,
19512,2001-09-01,0.024,-7.12,
19541,2001-09-30,-0.017,-37.83,
19542,2001-10-01,-0.017,-37.83,
19572,2001-10-31,-0.017,-37.83,
19573,2001-11-01,-0.017,-37.83,
19602,2001-11-30,-0.017,-37.83,
19603,2001-12-01,-0.017,-37.83,
19633,2001-12-31,0.011,-16.85,
19634,2002-01-01,0.011,-16.85,
19664,2002-01-31,0.011,-16.85,
19665,2002-02-01,0.011,-16.85,
19692,2002-02-28,0.011,-16.85,
19693,2002-03-01,0.011,-16.85,
19723,2002-03-31,0.035,1.12,
19724,2002-04-01,0.035,1.12,
19753,2002-04-30,0.035,1.12,
19754,2002-05-01,0.035,1.12,
19784,2002-05-31,0.035,1.12,
19785,2002-06-01,0.035,1.12,
19814,2002-06-30,0.024,-7.12,
19815,2002-07-01,0.024,-7.12,
19845,2002-07-31,0.024,-7.12,
19846,2002-08-01,0.024,-7.12,
19876,2002-08-31,0.024,-7.12,
19877,2002-09-01,0.024,-7.12,
19906,2002-09-30,0.018,-11.61,
19907,2002-10-01,0.018,-11.61,
19937,2002-10-31,0.018,-11.61,
19938,2002-11-01,0.018,-11.61,
19967,2002-11-30,0.018,-11.61,
19968,2002-12-01,0.018,-11.61,
19998,2002-12-31,0.006,-20.6,
19999,2003-01-01,0.006,-20.6,
20029,2003-01-31,0.006,-20.6,
20030,2003-02-01,0.006,-20.6,
20057,2003-02-28,0.006,-20.6,
20058,2003-03-01,0.006,-20.6,
20088,2003-03-31,0.022,-8.61,
20089,2003-04-01,0.022,-8.61,
20118,2003-04-30,0.022,-8.61,
20119,2003-05-01,0.022,-8.61,
20149,2003-05-31,0.022,-8.61,
20150,2003-06-01,0.022,-8.61,
20179,2003-06-30,0.035,1.12,
20180,2003-07-01,0.035,1.12,
20210,2003-07-31,0.035,1.12,
20211,2003-08-01,0.035,1.12,
20241,2003-08-31,0.035,1.12,
20242,2003-09-01,0.035,1.12,
20271,2003-09-30,0.07,27.34,
20272,2003-10-01,0.07,27.34,
20302,2003-10-31,0.07,27.34,
20303,2003-11-01,0.07,27.34,
20332,2003-11-30,0.07,27.34,
20333,2003-12-01,0.07,27.34,
20363,2003-12-31,0.047,10.11,
20364,2004-01-01,0.047,10.11,
20394,2004-01-31,0.047,10.11,
20395,2004-02-01,0.047,10.11,
20423,2004-02-29,0.047,10.11,
20424,2004-03-01,0.047,10.11,
20454,2004-03-31,0.022,-8.61,
20455,2004-04-01,0.022,-8.61,
20484,2004-04-30,0.022,-8.61,
20485,2004-05-01,0.022,-8.61,
20515,2004-05-31,0.022,-8.61,
20516,2004-06-01,0.022,-8.61,
20545,2004-06-30,0.031,-1.87,
20546,2004-07-01,0.031,-1.87,
20576,2004-07-31,0.031,-1.87,
20577,2004-08-01,0.031,-1.87,
20607,2004-08-31,0.031,-1.87,
20608,2004-09-01,0.031,-1.87,
20637,2004-09-30,0.038,3.37,
20638,2004-10-01,0.038,3.37,
20668,2004-10-31,0.038,3.37,
20669,2004-11-01,0.038,3.37,
20698,2004-11-30,0.038,3.37,
20699,2004-12-01,0.038,3.37,
20729,2004-12-31,0.041,5.62,
20730,2005-01-01,0.041,5.62,
20760,2005-01-31,0.041,5.62,
20761,2005-02-01,0.041,5.62,
20788,2005-02-28,0.041,5.62,
20789,2005-03-01,0.041,5.62,
20819,2005-03-31,0.045,8.61,
20820,2005-04-01,0.045,8.61,
20849,2005-04-30,0.045,8.61,
20850,2005-05-01,0.045,8.61,
20880,2005-05-31,0.045,8.61,
20881,2005-06-01,0.045,8.61,
20910,2005-06-30,0.019,-10.86,
20911,2005-07-01,0.019,-10.86,
20941,2005-07-31,0.019,-10.86,
20942,2005-08-01,0.019,-10.86,
20972,2005-08-31,0.019,-10.86,
20973,2005-09-01,0.019,-10.86,
21002,2005-09-30,0.036,1.87,
21003,2005-10-01,0.036,1.87,
21033,2005-10-31,0.036,1.87,
21034,2005-11-01,0.036,1.87,
21063,2005-11-30,0.036,1.87,
21064,2005-12-01,0.036,1.87,
21094,2005-12-31,0.026,-5.62,
21095,2006-01-01,0.026,-5.62,
21125,2006-01-31,0.026,-5.62,
21126,2006-02-01,0.026,-5.62,
21153,2006-02-28,0.026,-5.62,
21154,2006-03-01,0.026,-5.62,
21184,2006-03-31,0.054,15.36,
21185,2006-04-01,0.054,15.36,
21214,2006-04-30,0.054,15.36,
21215,2006-05-01,0.054,15.36,
21245,2006-05-31,0.054,15.36,
21246,2006-06-01,0.054,15.36,
21275,2006-06-30,0.009,-18.35,
21276,2006-07-01,0.009,-18.35,
21306,2006-07-31,0.009,-18.35,
21307,2006-08-01,0.009,-18.35,
21337,2006-08-31,0.009,-18.35,
21338,2006-09-01,0.009,-18.35,
21367,2006-09-30,0.006,-20.6,
21368,2006-10-01,0.006,-20.6,
21398,2006-10-31,0.006,-20.6,
21399,2006-11-01,0.006,-20.6,
21428,2006-11-30,0.006,-20.6,
21429,2006-12-01,0.006,-20.6,
21459,2006-12-31,0.035,1.12,
21460,2007-01-01,0.035,1.12,
21490,2007-01-31,0.035,1.12,
21491,2007-02-01,0.035,1.12,
21518,2007-02-28,0.035,1.12,
21519,2007-03-01,0.035,1.12,
21549,2007-03-31,0.009,-18.35,
21550,2007-04-01,0.009,-18.35,
21579,2007-04-30,0.009,-18.35,
21580,2007-05-01,0.009,-18.35,
21610,2007-05-31,0.009,-18.35,
21611,2007-06-01,0.009,-18.35,
21640,2007-06-30,0.023,-7.87,
21641,2007-07-01,0.023,-7.87,
21671,2007-07-31,0.023,-7.87,
21672,2007-08-01,0.023,-7.87,
21702,2007-08-31,0.023,-7.87,
21703,2007-09-01,0.023,-7.87,
21732,2007-09-30,0.022,-8.61,
21733,2007-10-01,0.022,-8.61,
21763,2007-10-31,0.022,-8.61,
21764,2007-11-01,0.022,-8.61,
21793,2007-11-30,0.022,-8.61,
21794,2007-12-01,0.022,-8.61,
21824,2007-12-31,0.025,-6.37,
21825,2008-01-01,0.025,-6.37,
21855,2008-01-31,0.025,-6.37,
21856,2008-02-01,0.025,-6.37,
21884,2008-02-29,0.025,-6.37,
21885,2008-03-01,0.025,-6.37,
21915,2008-03-31,-0.023,-42.32,
21916,2008-04-01,-0.023,-42.32,
21945,2008-04-30,-0.023,-42.32,
21946,2008-05-01,-0.023,-42.32,
21976,2008-05-31,-0.023,-42.32,
21977,2008-06-01,-0.023,-42.32,
22006,2008-06-30,0.021,-9.36,
22007,2008-07-01,0.021,-9.36,
22037,2008-07-31,0.021,-9.36,
22038,2008-08-01,0.021,-9.36,
22068,2008-08-31,0.021,-9.36,
22069,2008-09-01,0.021,-9.36,
22098,2008-09-30,-0.021,-40.82,
22099,2008-10-01,-0.021,-40.82,
22129,2008-10-31,-0.021,-40.82,
22130,2008-11-01,-0.021,-40.82,
22159,2008-11-30,-0.021,-40.82,
22160,2008-12-01,-0.021,-40.82,
22190,2008-12-31,-0.084,-88.01,
22191,2009-01-01,-0.084,-88.01,
22221,2009-01-31,-0.084,-88.01,
22222,2009-02-01,-0.084,-88.01,
22249,2009-02-28,-0.084,-88.01,
22250,2009-03-01,-0.084,-88.01,
22280,2009-03-31,-0.044,-58.05,
22281,2009-04-01,-0.044,-58.05,
22310,2009-04-30,-0.044,-58.05,
22311,2009-05-01,-0.044,-58.05,
22341,2009-05-31,-0.044,-58.05,
22342,2009-06-01,-0.044,-58.05,
22371,2009-06-30,-0.006,-29.59,
22372,2009-07-01,-0.006,-29.59,
22402,2009-07-31,-0.006,-29.59,
22403,2009-08-01,-0.006,-29.59,
22433,2009-08-31,-0.006,-29.59,
22434,2009-09-01,-0.006,-29.59,
22463,2009-09-30,0.015,-13.86,
22464,2009-10-01,0.015,-13.86,
22494,2009-10-31,0.015,-13.86,
22495,2009-11-01,0.015,-13.86,
22524,2009-11-30,0.015,-13.86,
22525,2009-12-01,0.015,-13.86,
22555,2009-12-31,0.045,8.61,
22556,2010-01-01,0.045,8.61,
22586,2010-01-31,0.045,8.61,
22587,2010-02-01,0.045,8.61,
22614,2010-02-28,0.045,8.61,
22615,2010-03-01,0.045,8.61,
22645,2010-03-31,0.015,-13.86,
22646,2010-04-01,0.015,-13.86,
22675,2010-04-30,0.015,-13.86,
22676,2010-05-01,0.015,-13.86,
22706,2010-05-31,0.015,-13.86,
22707,2010-06-01,0.015,-13.86,
22736,2010-06-30,0.037,2.62,
22737,2010-07-01,0.037,2.62,
22767,2010-07-31,0.037,2.62,
22768,2010-08-01,0.037,2.62,
22798,2010-08-31,0.037,2.62,
22799,2010-09-01,0.037,2.62,
22828,2010-09-30,0.03,-2.62,
22829,2010-10-01,0.03,-2.62,
22859,2010-10-31,0.03,-2.62,
22860,2010-11-01,0.03,-2.62,
22889,2010-11-30,0.03,-2.62,
22890,2010-12-01,0.03,-2.62,
22920,2010-12-31,0.02,-10.11,
22921,2011-01-01,0.02,-10.11,
22951,2011-01-31,0.02,-10.11,
22952,2011-02-01,0.02,-10.11,
22979,2011-02-28,0.02,-10.11,
22980,2011-03-01,0.02,-10.11,
23010,2011-03-31,-0.01,-32.58,
23011,2011-04-01,-0.01,-32.58,
23040,2011-04-30,-0.01,-32.58,
23041,2011-05-01,-0.01,-32.58,
23071,2011-05-31,-0.01,-32.58,
23072,2011-06-01,-0.01,-32.58,
23101,2011-06-30,0.029,-3.37,
23102,2011-07-01,0.029,-3.37,
23132,2011-07-31,0.029,-3.37,
23133,2011-08-01,0.029,-3.37,
23163,2011-08-31,0.029,-3.37,
23164,2011-09-01,0.029,-3.37,
23193,2011-09-30,-0.001,-25.84,
23194,2011-10-01,-0.001,-25.84,
23224,2011-10-31,-0.001,-25.84,
23225,2011-11-01,-0.001,-25.84,
23254,2011-11-30,-0.001,-25.84,
23255,2011-12-01,-0.001,-25.84,
23285,2011-12-31,0.047,10.11,
23286,2012-01-01,0.047,10.11,
23316,2012-01-31,0.047,10.11,
23317,2012-02-01,0.047,10.11,
23345,2012-02-29,0.047,10.11,
23346,2012-03-01,0.047,10.11,
23376,2012-03-31,0.032,-1.12,
23377,2012-04-01,0.032,-1.12,
23406,2012-04-30,0.032,-1.12,
23407,2012-05-01,0.032,-1.12,
23437,2012-05-31,0.032,-1.12,
23438,2012-06-01,0.032,-1.12,
23467,2012-06-30,0.017,-12.36,
23468,2012-07-01,0.017,-12.36,
23498,2012-07-31,0.017,-12.36,
23499,2012-08-01,0.017,-12.36,
23529,2012-08-31,0.017,-12.36,
23530,2012-09-01,0.017,-12.36,
23559,2012-09-30,0.005,-21.35,
23560,2012-10-01,0.005,-21.35,
23590,2012-10-31,0.005,-21.35,
23591,2012-11-01,0.005,-21.35,
23620,2012-11-30,0.005,-21.35,
23621,2012-12-01,0.005,-21.35,
23651,2012-12-31,0.005,-21.35,
23652,2013-01-01,0.005,-21.35,
23682,2013-01-31,0.005,-21.35,
23683,2013-02-01,0.005,-21.35,
23710,2013-02-28,0.005,-21.35,
23711,2013-03-01,0.005,-21.35,
23741,2013-03-31,0.036,1.87,
23742,2013-04-01,0.036,1.87,
23771,2013-04-30,0.036,1.87,
23772,2013-05-01,0.036,1.87,
23802,2013-05-31,0.036,1.87,
23803,2013-06-01,0.036,1.87,
23832,2013-06-30,0.005,-21.35,
23833,2013-07-01,0.005,-21.35,
23863,2013-07-31,0.005,-21.35,
23864,2013-08-01,0.005,-21.35,
23894,2013-08-31,0.005,-21.35,
23895,2013-09-01,0.005,-21.35,
23924,2013-09-30,0.032,-1.12,
23925,2013-10-01,0.032,-1.12,
23955,2013-10-31,0.032,-1.12,
23956,2013-11-01,0.032,-1.12,
23985,2013-11-30,0.032,-1.12,
23986,2013-12-01,0.032,-1.12,
24016,2013-12-31,0.032,-1.12,
24017,2014-01-01,0.032,-1.12,
24047,2014-01-31,0.032,-1.12,
24048,2014-02-01,0.032,-1.12,
24075,2014-02-28,0.032,-1.12,
24076,2014-03-01,0.032,-1.12,
24106,2014-03-31,-0.011,-33.33,
24107,2014-04-01,-0.011,-33.33,
24136,2014-04-30,-0.011,-33.33,
24137,2014-05-01,-0.011,-33.33,
24167,2014-05-31,-0.011,-33.33,
24168,2014-06-01,-0.011,-33.33,
24197,2014-06-30,0.055,16.1,
24198,2014-07-01,0.055,16.1,
24228,2014-07-31,0.055,16.1,
24229,2014-08-01,0.055,16.1,
24259,2014-08-31,0.055,16.1,
24260,2014-09-01,0.055,16.1,
24289,2014-09-30,0.05,12.36,
24290,2014-10-01,0.05,12.36,
24320,2014-10-31,0.05,12.36,
24321,2014-11-01,0.05,12.36,
24350,2014-11-30,0.05,12.36,
24351,2014-12-01,0.05,12.36,
24381,2014-12-31,0.023,-7.87,
24382,2015-01-01,0.023,-7.87,
24412,2015-01-31,0.023,-7.87,
24413,2015-02-01,0.023,-7.87,
24440,2015-02-28,0.023,-7.87,
24441,2015-03-01,0.023,-7.87,
24471,2015-03-31,0.032,-1.12,
24472,2015-04-01,0.032,-1.12,
24501,2015-04-30,0.032,-1.12,
24502,2015-05-01,0.032,-1.12,
24532,2015-05-31,0.032,-1.12,
24533,2015-06-01,0.032,-1.12,
24562,2015-06-30,0.03,-2.62,
24563,2015-07-01,0.03,-2.62,
24593,2015-07-31,0.03,-2.62,
24594,2015-08-01,0.03,-2.62,
24624,2015-08-31,0.03,-2.62,
24625,2015-09-01,0.03,-2.62,
24654,2015-09-30,0.013,-15.36,
24655,2015-10-01,0.013,-15.36,
24685,2015-10-31,0.013,-15.36,
24686,2015-11-01,0.013,-15.36,
24715,2015-11-30,0.013,-15.36,
24716,2015-12-01,0.013,-15.36,
24746,2015-12-31,0.001,-24.34,
24747,2016-01-01,0.001,-24.34,
24777,2016-01-31,0.001,-24.34,
24778,2016-02-01,0.001,-24.34,
24806,2016-02-29,0.001,-24.34,
24807,2016-03-01,0.001,-24.34,
24837,2016-03-31,0.02,-10.11,
24838,2016-04-01,0.02,-10.11,
24867,2016-04-30,0.02,-10.11,
24868,2016-05-01,0.02,-10.11,
24898,2016-05-31,0.02,-10.11,
24899,2016-06-01,0.02,-10.11,
24928,2016-06-30,0.019,-10.86,
24929,2016-07-01,0.019,-10.86,
24959,2016-07-31,0.019,-10.86,
24960,2016-08-01,0.019,-10.86,
24990,2016-08-31,0.019,-10.86,
24991,2016-09-01,0.019,-10.86,
25020,2016-09-30,0.022,-8.61,
25021,2016-10-01,0.022,-8.61,
25051,2016-10-31,0.022,-8.61,
25052,2016-11-01,0.022,-8.61,
25081,2016-11-30,0.022,-8.61,
25082,2016-12-01,0.022,-8.61,
25112,2016-12-31,0.02,-10.11,
25113,2017-01-01,0.02,-10.11,
25143,2017-01-31,0.02,-10.11,
25144,2017-02-01,0.02,-10.11,
25171,2017-02-28,0.02,-10.11,
25172,2017-03-01,0.02,-10.11,
25202,2017-03-31,0.023,-7.87,
25203,2017-04-01,0.023,-7.87,
25232,2017-04-30,0.023,-7.87,
25233,2017-05-01,0.023,-7.87,
25263,2017-05-31,0.023,-7.87,
25264,2017-06-01,0.023,-7.87,
25293,2017-06-30,0.022,-8.61,
25294,2017-07-01,0.022,-8.61,
25324,2017-07-31,0.022,-8.61,
25325,2017-08-01,0.022,-8.61,
25355,2017-08-31,0.022,-8.61,
25356,2017-09-01,0.022,-8.61,
25385,2017-09-30,0.032,-1.12,
25386,2017-10-01,0.032,-1.12,
25416,2017-10-31,0.032,-1.12,
25417,2017-11-01,0.032,-1.12,
25446,2017-11-30,0.032,-1.12,
25447,2017-12-01,0.032,-1.12,
25477,2017-12-31,0.035,1.12,
25478,2018-01-01,0.035,1.12,
25508,2018-01-31,0.035,1.12,
25509,2018-02-01,0.035,1.12,
25536,2018-02-28,0.035,1.12,
25537,2018-03-01,0.035,1.12,
25567,2018-03-31,0.025,-6.37,
25568,2018-04-01,0.025,-6.37,
25597,2018-04-30,0.025,-6.37,
25598,2018-05-01,0.025,-6.37,
25628,2018-05-31,0.025,-6.37,
25629,2018-06-01,0.025,-6.37,
25658,2018-06-30,0.035,1.12,
25659,2018-07-01,0.035,1.12,
25689,2018-07-31,0.035,1.12,
25690,2018-08-01,0.035,1.12,
25720,2018-08-31,0.035,1.12,
25721,2018-09-01,0.035,1.12,
25750,2018-09-30,0.029,-3.37,
25751,2018-10-01,0.029,-3.37,
25781,2018-10-31,0.029,-3.37,
25782,2018-11-01,0.029,-3.37,
25811,2018-11-30,0.029,-3.37,
25812,2018-12-01,0.029,-3.37,
25842,2018-12-31,0.011,-16.85,
25843,2019-01-01,0.011,-16.85,
25873,2019-01-31,0.011,-16.85,
25874,2019-02-01,0.011,-16.85,
25901,2019-02-28,0.011,-16.85,
25902,2019-03-01,0.011,-16.85,
25932,2019-03-31,0.031,-1.87,
25933,2019-04-01,0.031,-1.87,
25962,2019-04-30,0.031,-1.87,
25963,2019-05-01,0.031,-1.87,
25963,2019-05-01,0.031,-1.87,
25993,2019-05-31,0.031,-1.87,
26023,2019-06-30,0.02,-10.11,
26024,2019-07-01,0.02,-10.11,
26054,2019-07-31,0.02,-10.11,
26055,2019-08-01,0.02,-10.11,
26085,2019-08-31,0.02,-10.11,
26086,2019-09-01,0.02,-10.11,
26115,2019-09-30,0.021,-9.36,
26116,2019-10-01,0.021,-9.36,
26146,2019-10-31,0.021,-9.36,
26147,2019-11-01,0.021,-9.36,
26176,2019-11-30,0.021,-9.36,
26177,2019-12-01,0.021,-9.36,
26207,2019-12-31,0.021,-9.36,
26208,2020-01-01,0.021,-9.36,
26238,2020-01-31,0.021,-9.36,
26239,2020-02-01,0.021,-9.36,
26267,2020-02-29,0.021,-9.36,
26298,2020-03-31,0.021,-9.36,