Day,Date,ISM Manufacturing,normalized,predicted
0,1948-03-31,43.3,-42.2,
30,1948-04-30,45.4,-33.47,
61,1948-05-31,49.5,-16.42,
91,1948-06-30,53.0,-1.87,
122,1948-07-31,48.4,-21.0,
153,1948-08-31,45.1,-34.72,
183,1948-09-30,42.1,-47.19,
214,1948-10-31,47.2,-25.99,
244,1948-11-30,42.4,-45.95,
275,1948-12-31,35.0,-76.72,
306,1949-01-31,32.9,-85.45,
334,1949-02-28,31.3,-92.1,
365,1949-03-31,34.5,-78.79,
395,1949-04-30,35.5,-74.64,
426,1949-05-31,32.6,-86.69,
456,1949-06-30,31.6,-90.85,
487,1949-07-31,39.0,-60.08,
518,1949-08-31,47.0,-26.82,
548,1949-09-30,52.3,-4.78,
579,1949-10-31,51.0,-10.19,
609,1949-11-30,51.0,-10.19,
640,1949-12-31,57.3,16.01,
671,1950-01-31,59.1,23.49,
699,1950-02-28,60.5,29.31,
730,1950-03-31,62.1,35.97,
760,1950-04-30,68.1,60.91,
791,1950-05-31,74.7,88.36,
821,1950-06-30,76.6,96.26,
852,1950-07-31,77.5,100.0,
883,1950-08-31,75.8,92.93,
913,1950-09-30,68.1,60.91,
944,1950-10-31,59.2,23.91,
974,1950-11-30,63.1,40.12,
1005,1950-12-31,67.1,56.76,
1036,1951-01-31,67.8,59.67,
1064,1951-02-28,69.3,65.9,
1095,1951-03-31,65.5,50.1,
1125,1951-04-30,53.5,0.21,
1156,1951-05-31,50.7,-11.43,
1186,1951-06-30,45.5,-33.06,
1217,1951-07-31,42.1,-47.19,
1248,1951-08-31,43.6,-40.96,
1278,1951-09-30,48.1,-22.25,
1309,1951-10-31,49.6,-16.01,
1339,1951-11-30,47.2,-25.99,
1370,1951-12-31,46.5,-28.9,
1401,1952-01-31,44.7,-36.38,
1430,1952-02-29,41.8,-48.44,
1461,1952-03-31,40.0,-55.93,
1491,1952-04-30,36.7,-69.65,
1522,1952-05-31,39.5,-58.0,
1552,1952-06-30,43.3,-42.2,
1583,1952-07-31,48.3,-21.41,
1614,1952-08-31,60.4,28.9,
1644,1952-09-30,56.1,11.02,
1675,1952-10-31,56.2,11.43,
1705,1952-11-30,56.8,13.93,
1736,1952-12-31,55.8,9.77,
1767,1953-01-31,59.4,24.74,
1795,1953-02-28,55.4,8.11,
1826,1953-03-31,50.5,-12.27,
1856,1953-04-30,51.1,-9.77,
1887,1953-05-31,48.9,-18.92,
1917,1953-06-30,48.5,-20.58,
1948,1953-07-31,46.3,-29.73,
1979,1953-08-31,43.5,-41.37,
2009,1953-09-30,40.2,-55.09,
2040,1953-10-31,37.4,-66.74,
2070,1953-11-30,36.9,-68.81,
2101,1953-12-31,35.6,-74.22,
2132,1954-01-31,37.4,-66.74,
2160,1954-02-28,40.7,-53.01,
2191,1954-03-31,44.7,-36.38,
2221,1954-04-30,47.7,-23.91,
2252,1954-05-31,50.1,-13.93,
2282,1954-06-30,52.1,-5.61,
2313,1954-07-31,51.7,-7.28,
2344,1954-08-31,54.4,3.95,
2374,1954-09-30,53.5,0.21,
2405,1954-10-31,58.2,19.75,
2435,1954-11-30,58.8,22.25,
2466,1954-12-31,63.8,43.04,
2497,1955-01-31,63.0,39.71,
2525,1955-02-28,67.8,59.67,
2556,1955-03-31,67.5,58.42,
2586,1955-04-30,68.7,63.41,
2617,1955-05-31,69.5,66.74,
2647,1955-06-30,63.3,40.96,
2678,1955-07-31,66.2,53.01,
2709,1955-08-31,64.8,47.19,
2739,1955-09-30,62.4,37.21,
2770,1955-10-31,63.7,42.62,
2800,1955-11-30,62.0,35.55,
2831,1955-12-31,65.6,50.52,
2862,1956-01-31,60.2,28.07,
2891,1956-02-29,58.2,19.75,
2922,1956-03-31,57.2,15.59,
2952,1956-04-30,55.9,10.19,
2983,1956-05-31,51.2,-9.36,
3013,1956-06-30,47.7,-23.91,
3044,1956-07-31,44.2,-38.46,
3075,1956-08-31,51.5,-8.11,
3105,1956-09-30,55.5,8.52,
3136,1956-10-31,52.7,-3.12,
3166,1956-11-30,55.0,6.44,
3197,1956-12-31,52.7,-3.12,
3198,1957-01-01,53.6,0.62,
3228,1957-01-31,53.6,0.62,
3229,1957-02-01,51.0,-10.19,
3256,1957-02-28,51.0,-10.19,
3257,1957-03-01,47.5,-24.74,
3287,1957-03-31,47.5,-24.74,
3288,1957-04-01,43.1,-43.04,
3317,1957-04-30,43.1,-43.04,
3318,1957-05-01,43.4,-41.79,
3348,1957-05-31,43.4,-41.79,
3349,1957-06-01,45.9,-31.39,
3378,1957-06-30,45.9,-31.39,
3379,1957-07-01,45.7,-32.22,
3409,1957-07-31,45.7,-32.22,
3410,1957-08-01,45.3,-33.89,
3440,1957-08-31,45.3,-33.89,
3441,1957-09-01,45.8,-31.81,
3470,1957-09-30,45.8,-31.81,
3471,1957-10-01,41.1,-51.35,
3501,1957-10-31,41.1,-51.35,
3502,1957-11-01,40.4,-54.26,
3531,1957-11-30,40.4,-54.26,
3532,1957-12-01,36.8,-69.23,
3562,1957-12-31,36.8,-69.23,
3563,1958-01-01,33.4,-83.37,
3593,1958-01-31,33.4,-83.37,
3594,1958-02-01,37.2,-67.57,
3621,1958-02-28,37.2,-67.57,
3622,1958-03-01,39.8,-56.76,
3652,1958-03-31,39.8,-56.76,
3653,1958-04-01,39.1,-59.67,
3682,1958-04-30,39.1,-59.67,
3683,1958-05-01,46.6,-28.48,
3713,1958-05-31,46.6,-28.48,
3714,1958-06-01,51.4,-8.52,
3743,1958-06-30,51.4,-8.52,
3744,1958-07-01,54.7,5.2,
3774,1958-07-31,54.7,5.2,
3775,1958-08-01,57.3,16.01,
3805,1958-08-31,57.3,16.01,
3806,1958-09-01,59.8,26.4,
3835,1958-09-30,59.8,26.4,
3836,1958-10-01,62.3,36.8,
3866,1958-10-31,62.3,36.8,
3867,1958-11-01,62.7,38.46,
3896,1958-11-30,62.7,38.46,
3897,1958-12-01,60.5,29.31,
3927,1958-12-31,60.5,29.31,
3928,1959-01-01,64.4,45.53,
3958,1959-01-31,64.4,45.53,
3959,1959-02-01,66.9,55.93,
3986,1959-02-28,66.9,55.93,
3987,1959-03-01,67.1,56.76,
4017,1959-03-31,67.1,56.76,
4018,1959-04-01,66.9,55.93,
4047,1959-04-30,66.9,55.93,
4048,1959-05-01,68.2,61.33,
4078,1959-05-31,68.2,61.33,
4079,1959-06-01,64.4,45.53,
4108,1959-06-30,64.4,45.53,
4109,1959-07-01,61.5,33.47,
4139,1959-07-31,61.5,33.47,
4140,1959-08-01,55.1,6.86,
4170,1959-08-31,55.1,6.86,
4171,1959-09-01,48.3,-21.41,
4200,1959-09-30,48.3,-21.41,
4201,1959-10-01,49.7,-15.59,
4231,1959-10-31,49.7,-15.59,
4232,1959-11-01,50.6,-11.85,
4261,1959-11-30,50.6,-11.85,
4262,1959-12-01,58.2,19.75,
4292,1959-12-31,58.2,19.75,
4293,1960-01-01,61.5,33.47,
4323,1960-01-31,61.5,33.47,
4324,1960-02-01,52.3,-4.78,
4352,1960-02-29,52.3,-4.78,
4353,1960-03-01,47.8,-23.49,
4383,1960-03-31,47.8,-23.49,
4384,1960-04-01,45.3,-33.89,
4413,1960-04-30,45.3,-33.89,
4414,1960-05-01,42.6,-45.11,
4444,1960-05-31,42.6,-45.11,
4445,1960-06-01,44.4,-37.63,
4474,1960-06-30,44.4,-37.63,
4475,1960-07-01,43.7,-40.54,
4505,1960-07-31,43.7,-40.54,
4506,1960-08-01,47.6,-24.32,
4536,1960-08-31,47.6,-24.32,
4537,1960-09-01,45.4,-33.47,
4566,1960-09-30,45.4,-33.47,
4567,1960-10-01,46.0,-30.98,
4597,1960-10-31,46.0,-30.98,
4598,1960-11-01,44.3,-38.05,
4627,1960-11-30,44.3,-38.05,
4628,1960-12-01,44.3,-38.05,
4658,1960-12-31,44.3,-38.05,
4659,1961-01-01,43.9,-39.71,
4689,1961-01-31,43.9,-39.71,
4690,1961-02-01,43.6,-40.96,
4717,1961-02-28,43.6,-40.96,
4718,1961-03-01,49.1,-18.09,
4748,1961-03-31,49.1,-18.09,
4749,1961-04-01,57.6,17.26,
4778,1961-04-30,57.6,17.26,
4779,1961-05-01,58.9,22.66,
4809,1961-05-31,58.9,22.66,
4810,1961-06-01,58.1,19.33,
4839,1961-06-30,58.1,19.33,
4840,1961-07-01,58.2,19.75,
4870,1961-07-31,58.2,19.75,
4871,1961-08-01,60.7,30.15,
4901,1961-08-31,60.7,30.15,
4902,1961-09-01,63.0,39.71,
4931,1961-09-30,63.0,39.71,
4932,1961-10-01,62.2,36.38,
4962,1961-10-31,62.2,36.38,
4963,1961-11-01,59.0,23.08,
4992,1961-11-30,59.0,23.08,
4993,1961-12-01,64.2,44.7,
5023,1961-12-31,64.2,44.7,
5024,1962-01-01,60.9,30.98,
5054,1962-01-31,60.9,30.98,
5055,1962-02-01,61.1,31.81,
5082,1962-02-28,61.1,31.81,
5083,1962-03-01,60.6,29.73,
5113,1962-03-31,60.6,29.73,
5114,1962-04-01,55.1,6.86,
5143,1962-04-30,55.1,6.86,
5144,1962-05-01,52.2,-5.2,
5174,1962-05-31,52.2,-5.2,
5175,1962-06-01,50.8,-11.02,
5204,1962-06-30,50.8,-11.02,
5205,1962-07-01,51.0,-10.19,
5235,1962-07-31,51.0,-10.19,
5236,1962-08-01,49.5,-16.42,
5266,1962-08-31,49.5,-16.42,
5267,1962-09-01,50.0,-14.35,
5296,1962-09-30,50.0,-14.35,
5297,1962-10-01,51.2,-9.36,
5327,1962-10-31,51.2,-9.36,
5328,1962-11-01,53.8,1.46,
5357,1962-11-30,53.8,1.46,
5358,1962-12-01,57.2,15.59,
5388,1962-12-31,57.2,15.59,
5389,1963-01-01,55.2,7.28,
5419,1963-01-31,55.2,7.28,
5420,1963-02-01,55.1,6.86,
5447,1963-02-28,55.1,6.86,
5448,1963-03-01,54.7,5.2,
5478,1963-03-31,54.7,5.2,
5479,1963-04-01,57.6,17.26,
5508,1963-04-30,57.6,17.26,
5509,1963-05-01,59.8,26.4,
5539,1963-05-31,59.8,26.4,
5540,1963-06-01,58.2,19.75,
5569,1963-06-30,58.2,19.75,
5570,1963-07-01,55.5,8.52,
5600,1963-07-31,55.5,8.52,
5601,1963-08-01,55.1,6.86,
5631,1963-08-31,55.1,6.86,
5632,1963-09-01,56.9,14.35,
5661,1963-09-30,56.9,14.35,
5662,1963-10-01,57.7,17.67,
5692,1963-10-31,57.7,17.67,
5693,1963-11-01,57.5,16.84,
5722,1963-11-30,57.5,16.84,
5723,1963-12-01,54.0,2.29,
5753,1963-12-31,54.0,2.29,
5754,1964-01-01,57.1,15.18,
5784,1964-01-31,57.1,15.18,
5785,1964-02-01,57.9,18.5,
5813,1964-02-29,57.9,18.5,
5814,1964-03-01,60.2,28.07,
5844,1964-03-31,60.2,28.07,
5845,1964-04-01,59.2,23.91,
5874,1964-04-30,59.2,23.91,
5875,1964-05-01,58.7,21.83,
5905,1964-05-31,58.7,21.83,
5906,1964-06-01,60.1,27.65,
5935,1964-06-30,60.1,27.65,
5936,1964-07-01,62.9,39.29,
5966,1964-07-31,62.9,39.29,
5967,1964-08-01,63.3,40.96,
5997,1964-08-31,63.3,40.96,
5998,1964-09-01,63.3,40.96,
6027,1964-09-30,63.3,40.96,
6028,1964-10-01,60.7,30.15,
6058,1964-10-31,60.7,30.15,
6059,1964-11-01,61.8,34.72,
6088,1964-11-30,61.8,34.72,
6089,1964-12-01,62.4,37.21,
6119,1964-12-31,62.4,37.21,
6120,1965-01-01,61.0,31.39,
6150,1965-01-31,61.0,31.39,
6151,1965-02-01,62.1,35.97,
6178,1965-02-28,62.1,35.97,
6179,1965-03-01,64.9,47.61,
6209,1965-03-31,64.9,47.61,
6210,1965-04-01,62.0,35.55,
6239,1965-04-30,62.0,35.55,
6240,1965-05-01,61.3,32.64,
6270,1965-05-31,61.3,32.64,
6271,1965-06-01,58.7,21.83,
6300,1965-06-30,58.7,21.83,
6301,1965-07-01,58.1,19.33,
6331,1965-07-31,58.1,19.33,
6332,1965-08-01,58.1,19.33,
6362,1965-08-31,58.1,19.33,
6363,1965-09-01,61.0,31.39,
6392,1965-09-30,61.0,31.39,
6393,1965-10-01,58.6,21.41,
6423,1965-10-31,58.6,21.41,
6424,1965-11-01,59.4,24.74,
6453,1965-11-30,59.4,24.74,
6454,1965-12-01,62.8,38.88,
6484,1965-12-31,62.8,38.88,
6485,1966-01-01,65.8,51.35,
6515,1966-01-31,65.8,51.35,
6516,1966-02-01,65.5,50.1,
6543,1966-02-28,65.5,50.1,
6544,1966-03-01,65.7,50.94,
6574,1966-03-31,65.7,50.94,
6575,1966-04-01,64.2,44.7,
6604,1966-04-30,64.2,44.7,
6605,1966-05-01,57.7,17.67,
6635,1966-05-31,57.7,17.67,
6636,1966-06-01,59.0,23.08,
6665,1966-06-30,59.0,23.08,
6666,1966-07-01,60.3,28.48,
6696,1966-07-31,60.3,28.48,
6697,1966-08-01,58.5,21.0,
6727,1966-08-31,58.5,21.0,
6728,1966-09-01,58.7,21.83,
6757,1966-09-30,58.7,21.83,
6758,1966-10-01,57.2,15.59,
6788,1966-10-31,57.2,15.59,
6789,1966-11-01,53.7,1.04,
6818,1966-11-30,53.7,1.04,
6819,1966-12-01,52.4,-4.37,
6849,1966-12-31,52.4,-4.37,
6850,1967-01-01,49.1,-18.09,
6880,1967-01-31,49.1,-18.09,
6881,1967-02-01,47.6,-24.32,
6908,1967-02-28,47.6,-24.32,
6909,1967-03-01,45.3,-33.89,
6939,1967-03-31,45.3,-33.89,
6940,1967-04-01,42.8,-44.28,
6969,1967-04-30,42.8,-44.28,
6970,1967-05-01,44.5,-37.21,
7000,1967-05-31,44.5,-37.21,
7001,1967-06-01,46.8,-27.65,
7030,1967-06-30,46.8,-27.65,
7031,1967-07-01,49.5,-16.42,
7061,1967-07-31,49.5,-16.42,
7062,1967-08-01,52.2,-5.2,
7092,1967-08-31,52.2,-5.2,
7093,1967-09-01,54.9,6.03,
7122,1967-09-30,54.9,6.03,
7123,1967-10-01,54.1,2.7,
7153,1967-10-31,54.1,2.7,
7154,1967-11-01,54.2,3.12,
7183,1967-11-30,54.2,3.12,
7184,1967-12-01,55.6,8.94,
7214,1967-12-31,55.6,8.94,
7215,1968-01-01,56.6,13.1,
7245,1968-01-31,56.6,13.1,
7246,1968-02-01,55.0,6.44,
7274,1968-02-29,55.0,6.44,
7275,1968-03-01,53.8,1.46,
7305,1968-03-31,53.8,1.46,
7306,1968-04-01,58.0,18.92,
7335,1968-04-30,58.0,18.92,
7336,1968-05-01,55.3,7.69,
7366,1968-05-31,55.3,7.69,
7367,1968-06-01,53.5,0.21,
7396,1968-06-30,53.5,0.21,
7397,1968-07-01,54.1,2.7,
7427,1968-07-31,54.1,2.7,
7428,1968-08-01,52.7,-3.12,
7458,1968-08-31,52.7,-3.12,
7459,1968-09-01,51.8,-6.86,
7488,1968-09-30,51.8,-6.86,
7489,1968-10-01,55.8,9.77,
7519,1968-10-31,55.8,9.77,
7520,1968-11-01,58.1,19.33,
7549,1968-11-30,58.1,19.33,
7550,1968-12-01,56.1,11.02,
7580,1968-12-31,56.1,11.02,
7581,1969-01-01,54.9,6.03,
7611,1969-01-31,54.9,6.03,
7612,1969-02-01,57.0,14.76,
7639,1969-02-28,57.0,14.76,
7640,1969-03-01,57.1,15.18,
7670,1969-03-31,57.1,15.18,
7671,1969-04-01,55.2,7.28,
7700,1969-04-30,55.2,7.28,
7701,1969-05-01,56.7,13.51,
7731,1969-05-31,56.7,13.51,
7732,1969-06-01,55.5,8.52,
7761,1969-06-30,55.5,8.52,
7762,1969-07-01,53.1,-1.46,
7792,1969-07-31,53.1,-1.46,
7793,1969-08-01,54.8,5.61,
7823,1969-08-31,54.8,5.61,
7824,1969-09-01,54.1,2.7,
7853,1969-09-30,54.1,2.7,
7854,1969-10-01,54.6,4.78,
7884,1969-10-31,54.6,4.78,
7885,1969-11-01,53.2,-1.04,
7914,1969-11-30,53.2,-1.04,
7915,1969-12-01,52.0,-6.03,
7945,1969-12-31,52.0,-6.03,
7946,1970-01-01,48.7,-19.75,
7976,1970-01-31,48.7,-19.75,
7977,1970-02-01,47.4,-25.16,
8004,1970-02-28,47.4,-25.16,
8005,1970-03-01,46.9,-27.23,
8035,1970-03-31,46.9,-27.23,
8036,1970-04-01,45.0,-35.14,
8065,1970-04-30,45.0,-35.14,
8066,1970-05-01,47.2,-25.99,
8096,1970-05-31,47.2,-25.99,
8097,1970-06-01,51.1,-9.77,
8126,1970-06-30,51.1,-9.77,
8127,1970-07-01,49.5,-16.42,
8157,1970-07-31,49.5,-16.42,
8158,1970-08-01,47.3,-25.57,
8188,1970-08-31,47.3,-25.57,
8189,1970-09-01,44.1,-38.88,
8218,1970-09-30,44.1,-38.88,
8219,1970-10-01,42.4,-45.95,
8249,1970-10-31,42.4,-45.95,
8250,1970-11-01,39.7,-57.17,
8279,1970-11-30,39.7,-57.17,
8280,1970-12-01,45.4,-33.47,
8310,1970-12-31,45.4,-33.47,
8311,1971-01-01,47.9,-23.08,
8341,1971-01-31,47.9,-23.08,
8342,1971-02-01,54.8,5.61,
8369,1971-02-28,54.8,5.61,
8370,1971-03-01,51.2,-9.36,
8400,1971-03-31,51.2,-9.36,
8401,1971-04-01,54.5,4.37,
8430,1971-04-30,54.5,4.37,
8431,1971-05-01,54.2,3.12,
8461,1971-05-31,54.2,3.12,
8462,1971-06-01,53.8,1.46,
8491,1971-06-30,53.8,1.46,
8492,1971-07-01,54.4,3.95,
8522,1971-07-31,54.4,3.95,
8523,1971-08-01,53.6,0.62,
8553,1971-08-31,53.6,0.62,
8554,1971-09-01,55.1,6.86,
8583,1971-09-30,55.1,6.86,
8584,1971-10-01,55.0,6.44,
8614,1971-10-31,55.0,6.44,
8615,1971-11-01,52.3,-4.78,
8644,1971-11-30,52.3,-4.78,
8645,1971-12-01,57.6,17.26,
8675,1971-12-31,57.6,17.26,
8676,1972-01-01,59.6,25.57,
8706,1972-01-31,59.6,25.57,
8707,1972-02-01,60.6,29.73,
8735,1972-02-29,60.6,29.73,
8736,1972-03-01,59.8,26.4,
8766,1972-03-31,59.8,26.4,
8767,1972-04-01,59.3,24.32,
8796,1972-04-30,59.3,24.32,
8797,1972-05-01,61.4,33.06,
8827,1972-05-31,61.4,33.06,
8828,1972-06-01,58.6,21.41,
8857,1972-06-30,58.6,21.41,
8858,1972-07-01,60.1,27.65,
8888,1972-07-31,60.1,27.65,
8889,1972-08-01,61.7,34.3,
8919,1972-08-31,61.7,34.3,
8920,1972-09-01,65.1,48.44,
8949,1972-09-30,65.1,48.44,
8950,1972-10-01,67.0,56.34,
8980,1972-10-31,67.0,56.34,
8981,1972-11-01,69.9,68.4,
9010,1972-11-30,69.9,68.4,
9011,1972-12-01,70.5,70.89,
9041,1972-12-31,70.5,70.89,
9042,1973-01-01,72.1,77.55,
9072,1973-01-31,72.1,77.55,
9073,1973-02-01,69.6,67.15,
9100,1973-02-28,69.6,67.15,
9101,1973-03-01,69.6,67.15,
9131,1973-03-31,69.6,67.15,
9132,1973-04-01,67.7,59.25,
9161,1973-04-30,67.7,59.25,
9162,1973-05-01,64.8,47.19,
9192,1973-05-31,64.8,47.19,
9193,1973-06-01,65.0,48.02,
9222,1973-06-30,65.0,48.02,
9223,1973-07-01,57.8,18.09,
9253,1973-07-31,57.8,18.09,
9254,1973-08-01,62.7,38.46,
9284,1973-08-31,62.7,38.46,
9285,1973-09-01,63.5,41.79,
9314,1973-09-30,63.5,41.79,
9315,1973-10-01,66.2,53.01,
9345,1973-10-31,66.2,53.01,
9346,1973-11-01,68.1,60.91,
9375,1973-11-30,68.1,60.91,
9376,1973-12-01,63.6,42.2,
9406,1973-12-31,63.6,42.2,
9407,1974-01-01,62.1,35.97,
9437,1974-01-31,62.1,35.97,
9438,1974-02-01,58.6,21.41,
9465,1974-02-28,58.6,21.41,
9466,1974-03-01,61.8,34.72,
9496,1974-03-31,61.8,34.72,
9497,1974-04-01,59.9,26.82,
9526,1974-04-30,59.9,26.82,
9527,1974-05-01,55.7,9.36,
9557,1974-05-31,55.7,9.36,
9558,1974-06-01,54.7,5.2,
9587,1974-06-30,54.7,5.2,
9588,1974-07-01,54.8,5.61,
9618,1974-07-31,54.8,5.61,
9619,1974-08-01,52.9,-2.29,
9649,1974-08-31,52.9,-2.29,
9650,1974-09-01,46.2,-30.15,
9679,1974-09-30,46.2,-30.15,
9680,1974-10-01,42.7,-44.7,
9710,1974-10-31,42.7,-44.7,
9711,1974-11-01,37.9,-64.66,
9740,1974-11-30,37.9,-64.66,
9741,1974-12-01,30.9,-93.76,
9771,1974-12-31,30.9,-93.76,
9772,1975-01-01,30.7,-94.59,
9802,1975-01-31,30.7,-94.59,
9803,1975-02-01,34.4,-79.21,
9830,1975-02-28,34.4,-79.21,
9831,1975-03-01,31.6,-90.85,
9861,1975-03-31,31.6,-90.85,
9862,1975-04-01,37.5,-66.32,
9891,1975-04-30,37.5,-66.32,
9892,1975-05-01,41.2,-50.94,
9922,1975-05-31,41.2,-50.94,
9923,1975-06-01,45.1,-34.72,
9952,1975-06-30,45.1,-34.72,
9953,1975-07-01,47.2,-25.99,
9983,1975-07-31,47.2,-25.99,
9984,1975-08-01,51.4,-8.52,
10014,1975-08-31,51.4,-8.52,
10015,1975-09-01,54.4,3.95,
10044,1975-09-30,54.4,3.95,
10045,1975-10-01,55.5,8.52,
10075,1975-10-31,55.5,8.52,
10076,1975-11-01,54.5,4.37,
10105,1975-11-30,54.5,4.37,
10106,1975-12-01,54.9,6.03,
10136,1975-12-31,54.9,6.03,
10137,1976-01-01,58.8,22.25,
10167,1976-01-31,58.8,22.25,
10168,1976-02-01,61.5,33.47,
10196,1976-02-29,61.5,33.47,
10197,1976-03-01,58.4,20.58,
10227,1976-03-31,58.4,20.58,
10228,1976-04-01,60.6,29.73,
10257,1976-04-30,60.6,29.73,
10258,1976-05-01,58.8,22.25,
10288,1976-05-31,58.8,22.25,
10289,1976-06-01,58.2,19.75,
10318,1976-06-30,58.2,19.75,
10319,1976-07-01,55.9,10.19,
10349,1976-07-31,55.9,10.19,
10350,1976-08-01,54.5,4.37,
10380,1976-08-31,54.5,4.37,
10381,1976-09-01,53.6,0.62,
10410,1976-09-30,53.6,0.62,
10411,1976-10-01,53.5,0.21,
10441,1976-10-31,53.5,0.21,
10442,1976-11-01,51.7,-7.28,
10471,1976-11-30,51.7,-7.28,
10472,1976-12-01,56.6,13.1,
10502,1976-12-31,56.6,13.1,
10503,1977-01-01,54.8,5.61,
10533,1977-01-31,54.8,5.61,
10534,1977-02-01,55.0,6.44,
10561,1977-02-28,55.0,6.44,
10562,1977-03-01,58.4,20.58,
10592,1977-03-31,58.4,20.58,
10593,1977-04-01,56.9,14.35,
10622,1977-04-30,56.9,14.35,
10623,1977-05-01,59.7,25.99,
10653,1977-05-31,59.7,25.99,
10654,1977-06-01,56.8,13.93,
10683,1977-06-30,56.8,13.93,
10684,1977-07-01,57.7,17.67,
10714,1977-07-31,57.7,17.67,
10715,1977-08-01,54.9,6.03,
10745,1977-08-31,54.9,6.03,
10746,1977-09-01,53.9,1.87,
10775,1977-09-30,53.9,1.87,
10776,1977-10-01,55.4,8.11,
10806,1977-10-31,55.4,8.11,
10807,1977-11-01,56.1,11.02,
10836,1977-11-30,56.1,11.02,
10837,1977-12-01,59.8,26.4,
10867,1977-12-31,59.8,26.4,
10868,1978-01-01,57.4,16.42,
10898,1978-01-31,57.4,16.42,
10899,1978-02-01,55.9,10.19,
10926,1978-02-28,55.9,10.19,
10927,1978-03-01,55.0,6.44,
10957,1978-03-31,55.0,6.44,
10958,1978-04-01,57.7,17.67,
10987,1978-04-30,57.7,17.67,
10988,1978-05-01,60.2,28.07,
11018,1978-05-31,60.2,28.07,
11019,1978-06-01,60.5,29.31,
11048,1978-06-30,60.5,29.31,
11049,1978-07-01,62.2,36.38,
11079,1978-07-31,62.2,36.38,
11080,1978-08-01,60.3,28.48,
11110,1978-08-31,60.3,28.48,
11111,1978-09-01,60.5,29.31,
11140,1978-09-30,60.5,29.31,
11141,1978-10-01,60.1,27.65,
11171,1978-10-31,60.1,27.65,
11172,1978-11-01,61.3,32.64,
11201,1978-11-30,61.3,32.64,
11202,1978-12-01,59.4,24.74,
11232,1978-12-31,59.4,24.74,
11233,1979-01-01,58.5,21.0,
11263,1979-01-31,58.5,21.0,
11264,1979-02-01,58.2,19.75,
11291,1979-02-28,58.2,19.75,
11292,1979-03-01,57.7,17.67,
11322,1979-03-31,57.7,17.67,
11323,1979-04-01,56.2,11.43,
11352,1979-04-30,56.2,11.43,
11353,1979-05-01,54.4,3.95,
11383,1979-05-31,54.4,3.95,
11384,1979-06-01,52.7,-3.12,
11413,1979-06-30,52.7,-3.12,
11414,1979-07-01,51.3,-8.94,
11444,1979-07-31,51.3,-8.94,
11445,1979-08-01,49.5,-16.42,
11475,1979-08-31,49.5,-16.42,
11476,1979-09-01,49.6,-16.01,
11505,1979-09-30,49.6,-16.01,
11506,1979-10-01,49.0,-18.5,
11536,1979-10-31,49.0,-18.5,
11537,1979-11-01,48.0,-22.66,
11566,1979-11-30,48.0,-22.66,
11567,1979-12-01,44.8,-35.97,
11597,1979-12-31,44.8,-35.97,
11598,1980-01-01,46.2,-30.15,
11628,1980-01-31,46.2,-30.15,
11629,1980-02-01,50.2,-13.51,
11657,1980-02-29,50.2,-13.51,
11658,1980-03-01,43.6,-40.96,
11688,1980-03-31,43.6,-40.96,
11689,1980-04-01,37.4,-66.74,
11718,1980-04-30,37.4,-66.74,
11719,1980-05-01,29.4,-100.0,
11749,1980-05-31,29.4,-100.0,
11750,1980-06-01,30.3,-96.26,
11779,1980-06-30,30.3,-96.26,
11780,1980-07-01,35.0,-76.72,
11810,1980-07-31,35.0,-76.72,
11811,1980-08-01,45.5,-33.06,
11841,1980-08-31,45.5,-33.06,
11842,1980-09-01,50.1,-13.93,
11871,1980-09-30,50.1,-13.93,
11872,1980-10-01,55.5,8.52,
11902,1980-10-31,55.5,8.52,
11903,1980-11-01,58.2,19.75,
11932,1980-11-30,58.2,19.75,
11933,1980-12-01,53.0,-1.87,
11963,1980-12-31,53.0,-1.87,
11964,1981-01-01,49.2,-17.67,
11994,1981-01-31,49.2,-17.67,
11995,1981-02-01,48.8,-19.33,
12022,1981-02-28,48.8,-19.33,
12023,1981-03-01,49.6,-16.01,
12053,1981-03-31,49.6,-16.01,
12054,1981-04-01,51.6,-7.69,
12083,1981-04-30,51.6,-7.69,
12084,1981-05-01,53.5,0.21,
12114,1981-05-31,53.5,0.21,
12115,1981-06-01,50.7,-11.43,
12144,1981-06-30,50.7,-11.43,
12145,1981-07-01,46.7,-28.07,
12175,1981-07-31,46.7,-28.07,
12176,1981-08-01,48.3,-21.41,
12206,1981-08-31,48.3,-21.41,
12207,1981-09-01,42.5,-45.53,
12236,1981-09-30,42.5,-45.53,
12237,1981-10-01,40.0,-55.93,
12267,1981-10-31,40.0,-55.93,
12268,1981-11-01,36.1,-72.14,
12297,1981-11-30,36.1,-72.14,
12298,1981-12-01,37.8,-65.07,
12328,1981-12-31,37.8,-65.07,
12329,1982-01-01,38.2,-63.41,
12359,1982-01-31,38.2,-63.41,
12360,1982-02-01,38.3,-62.99,
12387,1982-02-28,38.3,-62.99,
12388,1982-03-01,36.8,-69.23,
12418,1982-03-31,36.8,-69.23,
12419,1982-04-01,37.8,-65.07,
12448,1982-04-30,37.8,-65.07,
12449,1982-05-01,35.5,-74.64,
12479,1982-05-31,35.5,-74.64,
12480,1982-06-01,38.3,-62.99,
12509,1982-06-30,38.3,-62.99,
12510,1982-07-01,38.4,-62.58,
12540,1982-07-31,38.4,-62.58,
12541,1982-08-01,38.3,-62.99,
12571,1982-08-31,38.3,-62.99,
12572,1982-09-01,38.8,-60.91,
12601,1982-09-30,38.8,-60.91,
12602,1982-10-01,39.4,-58.42,
12632,1982-10-31,39.4,-58.42,
12633,1982-11-01,39.2,-59.25,
12662,1982-11-30,39.2,-59.25,
12663,1982-12-01,42.8,-44.28,
12693,1982-12-31,42.8,-44.28,
12694,1983-01-01,46.0,-30.98,
12724,1983-01-31,46.0,-30.98,
12725,1983-02-01,54.4,3.95,
12752,1983-02-28,54.4,3.95,
12753,1983-03-01,53.9,1.87,
12783,1983-03-31,53.9,1.87,
12784,1983-04-01,54.2,3.12,
12813,1983-04-30,54.2,3.12,
12814,1983-05-01,56.1,11.02,
12844,1983-05-31,56.1,11.02,
12845,1983-06-01,57.5,16.84,
12874,1983-06-30,57.5,16.84,
12875,1983-07-01,63.6,42.2,
12905,1983-07-31,63.6,42.2,
12906,1983-08-01,63.1,40.12,
12936,1983-08-31,63.1,40.12,
12937,1983-09-01,62.5,37.63,
12966,1983-09-30,62.5,37.63,
12967,1983-10-01,64.4,45.53,
12997,1983-10-31,64.4,45.53,
12998,1983-11-01,66.0,52.18,
13027,1983-11-30,66.0,52.18,
13028,1983-12-01,69.9,68.4,
13058,1983-12-31,69.9,68.4,
13059,1984-01-01,60.5,29.31,
13089,1984-01-31,60.5,29.31,
13090,1984-02-01,61.3,32.64,
13118,1984-02-29,61.3,32.64,
13119,1984-03-01,58.9,22.66,
13149,1984-03-31,58.9,22.66,
13150,1984-04-01,61.0,31.39,
13179,1984-04-30,61.0,31.39,
13180,1984-05-01,58.6,21.41,
13210,1984-05-31,58.6,21.41,
13211,1984-06-01,58.1,19.33,
13240,1984-06-30,58.1,19.33,
13241,1984-07-01,56.1,11.02,
13271,1984-07-31,56.1,11.02,
13272,1984-08-01,53.0,-1.87,
13302,1984-08-31,53.0,-1.87,
13303,1984-09-01,50.0,-14.35,
13332,1984-09-30,50.0,-14.35,
13333,1984-10-01,50.8,-11.02,
13363,1984-10-31,50.8,-11.02,
13364,1984-11-01,50.3,-13.1,
13393,1984-11-30,50.3,-13.1,
13394,1984-12-01,50.6,-11.85,
13424,1984-12-31,50.6,-11.85,
13425,1985-01-01,50.3,-13.1,
13455,1985-01-31,50.3,-13.1,
13456,1985-02-01,49.9,-14.76,
13483,1985-02-28,49.9,-14.76,
13484,1985-03-01,47.8,-23.49,
13514,1985-03-31,47.8,-23.49,
13515,1985-04-01,48.2,-21.83,
13544,1985-04-30,48.2,-21.83,
13545,1985-05-01,47.1,-26.4,
13575,1985-05-31,47.1,-26.4,
13576,1985-06-01,47.8,-23.49,
13605,1985-06-30,47.8,-23.49,
13606,1985-07-01,47.9,-23.08,
13636,1985-07-31,47.9,-23.08,
13637,1985-08-01,47.7,-23.91,
13667,1985-08-31,47.7,-23.91,
13668,1985-09-01,49.9,-14.76,
13697,1985-09-30,49.9,-14.76,
13698,1985-10-01,50.9,-10.6,
13728,1985-10-31,50.9,-10.6,
13729,1985-11-01,52.0,-6.03,
13758,1985-11-30,52.0,-6.03,
13759,1985-12-01,50.7,-11.43,
13789,1985-12-31,50.7,-11.43,
13790,1986-01-01,51.2,-9.36,
13820,1986-01-31,51.2,-9.36,
13821,1986-02-01,51.0,-10.19,
13848,1986-02-28,51.0,-10.19,
13849,1986-03-01,51.0,-10.19,
13879,1986-03-31,51.0,-10.19,
13880,1986-04-01,49.7,-15.59,
13909,1986-04-30,49.7,-15.59,
13910,1986-05-01,53.4,-0.21,
13940,1986-05-31,53.4,-0.21,
13941,1986-06-01,50.5,-12.27,
13970,1986-06-30,50.5,-12.27,
13971,1986-07-01,48.0,-22.66,
14001,1986-07-31,48.0,-22.66,
14002,1986-08-01,52.6,-3.53,
14032,1986-08-31,52.6,-3.53,
14033,1986-09-01,52.4,-4.37,
14062,1986-09-30,52.4,-4.37,
14063,1986-10-01,51.2,-9.36,
14093,1986-10-31,51.2,-9.36,
14094,1986-11-01,51.2,-9.36,
14123,1986-11-30,51.2,-9.36,
14124,1986-12-01,50.5,-12.27,
14154,1986-12-31,50.5,-12.27,
14155,1987-01-01,54.9,6.03,
14185,1987-01-31,54.9,6.03,
14186,1987-02-01,52.6,-3.53,
14213,1987-02-28,52.6,-3.53,
14214,1987-03-01,55.0,6.44,
14244,1987-03-31,55.0,6.44,
14245,1987-04-01,55.5,8.52,
14274,1987-04-30,55.5,8.52,
14275,1987-05-01,57.2,15.59,
14305,1987-05-31,57.2,15.59,
14306,1987-06-01,57.4,16.42,
14335,1987-06-30,57.4,16.42,
14336,1987-07-01,57.5,16.84,
14366,1987-07-31,57.5,16.84,
14367,1987-08-01,59.3,24.32,
14397,1987-08-31,59.3,24.32,
14398,1987-09-01,60.0,27.23,
14427,1987-09-30,60.0,27.23,
14428,1987-10-01,60.7,30.15,
14458,1987-10-31,60.7,30.15,
14459,1987-11-01,58.8,22.25,
14488,1987-11-30,58.8,22.25,
14489,1987-12-01,61.0,31.39,
14519,1987-12-31,61.0,31.39,
14520,1988-01-01,57.5,16.84,
14550,1988-01-31,57.5,16.84,
14551,1988-02-01,56.2,11.43,
14579,1988-02-29,56.2,11.43,
14580,1988-03-01,54.6,4.78,
14610,1988-03-31,54.6,4.78,
14611,1988-04-01,55.8,9.77,
14640,1988-04-30,55.8,9.77,
14641,1988-05-01,55.5,8.52,
14671,1988-05-31,55.5,8.52,
14672,1988-06-01,59.3,24.32,
14701,1988-06-30,59.3,24.32,
14702,1988-07-01,58.2,19.75,
14732,1988-07-31,58.2,19.75,
14733,1988-08-01,56.0,10.6,
14763,1988-08-31,56.0,10.6,
14764,1988-09-01,54.5,4.37,
14793,1988-09-30,54.5,4.37,
14794,1988-10-01,55.4,8.11,
14824,1988-10-31,55.4,8.11,
14825,1988-11-01,55.6,8.94,
14854,1988-11-30,55.6,8.94,
14855,1988-12-01,56.0,10.6,
14885,1988-12-31,56.0,10.6,
14886,1989-01-01,54.7,5.2,
14916,1989-01-31,54.7,5.2,
14917,1989-02-01,54.1,2.7,
14944,1989-02-28,54.1,2.7,
14945,1989-03-01,51.5,-8.11,
14975,1989-03-31,51.5,-8.11,
14976,1989-04-01,52.2,-5.2,
15005,1989-04-30,52.2,-5.2,
15006,1989-05-01,49.3,-17.26,
15036,1989-05-31,49.3,-17.26,
15037,1989-06-01,47.3,-25.57,
15066,1989-06-30,47.3,-25.57,
15067,1989-07-01,45.9,-31.39,
15097,1989-07-31,45.9,-31.39,
15098,1989-08-01,45.1,-34.72,
15128,1989-08-31,45.1,-34.72,
15129,1989-09-01,46.0,-30.98,
15158,1989-09-30,46.0,-30.98,
15159,1989-10-01,46.8,-27.65,
15189,1989-10-31,46.8,-27.65,
15190,1989-11-01,46.8,-27.65,
15219,1989-11-30,46.8,-27.65,
15220,1989-12-01,47.4,-25.16,
15250,1989-12-31,47.4,-25.16,
15251,1990-01-01,47.2,-25.99,
15281,1990-01-31,47.2,-25.99,
15282,1990-02-01,49.1,-18.09,
15309,1990-02-28,49.1,-18.09,
15310,1990-03-01,49.9,-14.76,
15340,1990-03-31,49.9,-14.76,
15341,1990-04-01,50.0,-14.35,
15370,1990-04-30,50.0,-14.35,
15371,1990-05-01,49.5,-16.42,
15401,1990-05-31,49.5,-16.42,
15402,1990-06-01,49.2,-17.67,
15431,1990-06-30,49.2,-17.67,
15432,1990-07-01,46.6,-28.48,
15462,1990-07-31,46.6,-28.48,
15463,1990-08-01,46.1,-30.56,
15493,1990-08-31,46.1,-30.56,
15494,1990-09-01,44.5,-37.21,
15523,1990-09-30,44.5,-37.21,
15524,1990-10-01,43.2,-42.62,
15554,1990-10-31,43.2,-42.62,
15555,1990-11-01,41.3,-50.52,
15584,1990-11-30,41.3,-50.52,
15585,1990-12-01,40.8,-52.6,
15615,1990-12-31,40.8,-52.6,
15616,1991-01-01,39.2,-59.25,
15646,1991-01-31,39.2,-59.25,
15647,1991-02-01,39.4,-58.42,
15674,1991-02-28,39.4,-58.42,
15675,1991-03-01,40.7,-53.01,
15705,1991-03-31,40.7,-53.01,
15706,1991-04-01,42.8,-44.28,
15735,1991-04-30,42.8,-44.28,
15736,1991-05-01,44.5,-37.21,
15766,1991-05-31,44.5,-37.21,
15767,1991-06-01,50.3,-13.1,
15796,1991-06-30,50.3,-13.1,
15797,1991-07-01,50.6,-11.85,
15827,1991-07-31,50.6,-11.85,
15828,1991-08-01,52.9,-2.29,
15858,1991-08-31,52.9,-2.29,
15859,1991-09-01,54.9,6.03,
15888,1991-09-30,54.9,6.03,
15889,1991-10-01,53.1,-1.46,
15919,1991-10-31,53.1,-1.46,
15920,1991-11-01,49.5,-16.42,
15949,1991-11-30,49.5,-16.42,
15950,1991-12-01,46.8,-27.65,
15980,1991-12-31,46.8,-27.65,
15981,1992-01-01,47.3,-25.57,
16011,1992-01-31,47.3,-25.57,
16012,1992-02-01,52.7,-3.12,
16040,1992-02-29,52.7,-3.12,
16041,1992-03-01,54.6,4.78,
16071,1992-03-31,54.6,4.78,
16072,1992-04-01,52.6,-3.53,
16101,1992-04-30,52.6,-3.53,
16102,1992-05-01,55.7,9.36,
16132,1992-05-31,55.7,9.36,
16133,1992-06-01,53.6,0.62,
16162,1992-06-30,53.6,0.62,
16163,1992-07-01,53.9,1.87,
16193,1992-07-31,53.9,1.87,
16194,1992-08-01,53.4,-0.21,
16224,1992-08-31,53.4,-0.21,
16225,1992-09-01,49.7,-15.59,
16254,1992-09-30,49.7,-15.59,
16255,1992-10-01,50.3,-13.1,
16285,1992-10-31,50.3,-13.1,
16286,1992-11-01,53.6,0.62,
16315,1992-11-30,53.6,0.62,
16316,1992-12-01,54.2,3.12,
16346,1992-12-31,54.2,3.12,
16347,1993-01-01,55.8,9.77,
16377,1993-01-31,55.8,9.77,
16378,1993-02-01,55.2,7.28,
16405,1993-02-28,55.2,7.28,
16406,1993-03-01,53.5,0.21,
16436,1993-03-31,53.5,0.21,
16437,1993-04-01,50.2,-13.51,
16466,1993-04-30,50.2,-13.51,
16467,1993-05-01,51.2,-9.36,
16497,1993-05-31,51.2,-9.36,
16498,1993-06-01,49.6,-16.01,
16527,1993-06-30,49.6,-16.01,
16528,1993-07-01,50.2,-13.51,
16558,1993-07-31,50.2,-13.51,
16559,1993-08-01,50.7,-11.43,
16589,1993-08-31,50.7,-11.43,
16590,1993-09-01,50.8,-11.02,
16619,1993-09-30,50.8,-11.02,
16620,1993-10-01,53.4,-0.21,
16650,1993-10-31,53.4,-0.21,
16651,1993-11-01,53.8,1.46,
16680,1993-11-30,53.8,1.46,
16681,1993-12-01,55.6,8.94,
16711,1993-12-31,55.6,8.94,
16712,1994-01-01,56.0,10.6,
16742,1994-01-31,56.0,10.6,
16743,1994-02-01,56.5,12.68,
16770,1994-02-28,56.5,12.68,
16771,1994-03-01,56.9,14.35,
16801,1994-03-31,56.9,14.35,
16802,1994-04-01,57.4,16.42,
16831,1994-04-30,57.4,16.42,
16832,1994-05-01,58.2,19.75,
16862,1994-05-31,58.2,19.75,
16863,1994-06-01,58.8,22.25,
16892,1994-06-30,58.8,22.25,
16893,1994-07-01,58.5,21.0,
16923,1994-07-31,58.5,21.0,
16924,1994-08-01,58.0,18.92,
16954,1994-08-31,58.0,18.92,
16955,1994-09-01,59.0,23.08,
16984,1994-09-30,59.0,23.08,
16985,1994-10-01,59.4,24.74,
17015,1994-10-31,59.4,24.74,
17016,1994-11-01,59.2,23.91,
17045,1994-11-30,59.2,23.91,
17046,1994-12-01,56.1,11.02,
17076,1994-12-31,56.1,11.02,
17077,1995-01-01,57.4,16.42,
17107,1995-01-31,57.4,16.42,
17108,1995-02-01,55.1,6.86,
17135,1995-02-28,55.1,6.86,
17136,1995-03-01,52.1,-5.61,
17166,1995-03-31,52.1,-5.61,
17167,1995-04-01,51.5,-8.11,
17196,1995-04-30,51.5,-8.11,
17197,1995-05-01,46.7,-28.07,
17227,1995-05-31,46.7,-28.07,
17228,1995-06-01,45.9,-31.39,
17257,1995-06-30,45.9,-31.39,
17258,1995-07-01,50.7,-11.43,
17288,1995-07-31,50.7,-11.43,
17289,1995-08-01,47.1,-26.4,
17319,1995-08-31,47.1,-26.4,
17320,1995-09-01,48.1,-22.25,
17349,1995-09-30,48.1,-22.25,
17350,1995-10-01,46.7,-28.07,
17380,1995-10-31,46.7,-28.07,
17381,1995-11-01,45.9,-31.39,
17410,1995-11-30,45.9,-31.39,
17411,1995-12-01,46.2,-30.15,
17441,1995-12-31,46.2,-30.15,
17442,1996-01-01,45.5,-33.06,
17472,1996-01-31,45.5,-33.06,
17473,1996-02-01,45.9,-31.39,
17501,1996-02-29,45.9,-31.39,
17502,1996-03-01,46.9,-27.23,
17532,1996-03-31,46.9,-27.23,
17533,1996-04-01,49.3,-17.26,
17562,1996-04-30,49.3,-17.26,
17563,1996-05-01,49.1,-18.09,
17593,1996-05-31,49.1,-18.09,
17594,1996-06-01,53.6,0.62,
17623,1996-06-30,53.6,0.62,
17624,1996-07-01,49.7,-15.59,
17654,1996-07-31,49.7,-15.59,
17655,1996-08-01,51.6,-7.69,
17685,1996-08-31,51.6,-7.69,
17686,1996-09-01,51.1,-9.77,
17715,1996-09-30,51.1,-9.77,
17716,1996-10-01,50.5,-12.27,
17746,1996-10-31,50.5,-12.27,
17747,1996-11-01,53.0,-1.87,
17776,1996-11-30,53.0,-1.87,
17777,1996-12-01,55.2,7.28,
17807,1996-12-31,55.2,7.28,
17808,1997-01-01,53.8,1.46,
17838,1997-01-31,53.8,1.46,
17839,1997-02-01,53.1,-1.46,
17866,1997-02-28,53.1,-1.46,
17867,1997-03-01,53.8,1.46,
17897,1997-03-31,53.8,1.46,
17898,1997-04-01,53.7,1.04,
17927,1997-04-30,53.7,1.04,
17928,1997-05-01,56.1,11.02,
17958,1997-05-31,56.1,11.02,
17959,1997-06-01,54.9,6.03,
17988,1997-06-30,54.9,6.03,
17989,1997-07-01,57.7,17.67,
18019,1997-07-31,57.7,17.67,
18020,1997-08-01,56.3,11.85,
18050,1997-08-31,56.3,11.85,
18051,1997-09-01,53.9,1.87,
18080,1997-09-30,53.9,1.87,
18081,1997-10-01,56.4,12.27,
18111,1997-10-31,56.4,12.27,
18112,1997-11-01,55.7,9.36,
18141,1997-11-30,55.7,9.36,
18142,1997-12-01,54.5,4.37,
18172,1997-12-31,54.5,4.37,
18173,1998-01-01,53.8,1.46,
18203,1998-01-31,53.8,1.46,
18204,1998-02-01,52.9,-2.29,
18231,1998-02-28,52.9,-2.29,
18232,1998-03-01,52.9,-2.29,
18262,1998-03-31,52.9,-2.29,
18263,1998-04-01,52.2,-5.2,
18292,1998-04-30,52.2,-5.2,
18293,1998-05-01,50.9,-10.6,
18323,1998-05-31,50.9,-10.6,
18324,1998-06-01,48.9,-18.92,
18353,1998-06-30,48.9,-18.92,
18354,1998-07-01,49.2,-17.67,
18384,1998-07-31,49.2,-17.67,
18385,1998-08-01,49.3,-17.26,
18415,1998-08-31,49.3,-17.26,
18416,1998-09-01,48.7,-19.75,
18445,1998-09-30,48.7,-19.75,
18446,1998-10-01,48.7,-19.75,
18476,1998-10-31,48.7,-19.75,
18477,1998-11-01,48.2,-21.83,
18506,1998-11-30,48.2,-21.83,
18507,1998-12-01,46.8,-27.65,
18537,1998-12-31,46.8,-27.65,
18538,1999-01-01,50.6,-11.85,
18568,1999-01-31,50.6,-11.85,
18569,1999-02-01,51.7,-7.28,
18596,1999-02-28,51.7,-7.28,
18597,1999-03-01,52.4,-4.37,
18627,1999-03-31,52.4,-4.37,
18628,1999-04-01,52.3,-4.78,
18657,1999-04-30,52.3,-4.78,
18658,1999-05-01,54.3,3.53,
18688,1999-05-31,54.3,3.53,
18689,1999-06-01,55.8,9.77,
18718,1999-06-30,55.8,9.77,
18719,1999-07-01,53.6,0.62,
18749,1999-07-31,53.6,0.62,
18750,1999-08-01,54.8,5.61,
18780,1999-08-31,54.8,5.61,
18781,1999-09-01,57.0,14.76,
18810,1999-09-30,57.0,14.76,
18811,1999-10-01,57.2,15.59,
18841,1999-10-31,57.2,15.59,
18842,1999-11-01,58.1,19.33,
18871,1999-11-30,58.1,19.33,
18872,1999-12-01,57.8,18.09,
18902,1999-12-31,57.8,18.09,
18903,2000-01-01,56.7,13.51,
18933,2000-01-31,56.7,13.51,
18934,2000-02-01,55.8,9.77,
18962,2000-02-29,55.8,9.77,
18963,2000-03-01,54.9,6.03,
18993,2000-03-31,54.9,6.03,
18994,2000-04-01,54.7,5.2,
19023,2000-04-30,54.7,5.2,
19024,2000-05-01,53.2,-1.04,
19054,2000-05-31,53.2,-1.04,
19055,2000-06-01,51.4,-8.52,
19084,2000-06-30,51.4,-8.52,
19085,2000-07-01,52.5,-3.95,
19115,2000-07-31,52.5,-3.95,
19116,2000-08-01,49.9,-14.76,
19146,2000-08-31,49.9,-14.76,
19147,2000-09-01,49.7,-15.59,
19176,2000-09-30,49.7,-15.59,
19177,2000-10-01,48.7,-19.75,
19207,2000-10-31,48.7,-19.75,
19208,2000-11-01,48.5,-20.58,
19237,2000-11-30,48.5,-20.58,
19238,2000-12-01,43.9,-39.71,
19268,2000-12-31,43.9,-39.71,
19269,2001-01-01,42.3,-46.36,
19299,2001-01-31,42.3,-46.36,
19300,2001-02-01,42.1,-47.19,
19327,2001-02-28,42.1,-47.19,
19328,2001-03-01,43.1,-43.04,
19358,2001-03-31,43.1,-43.04,
19359,2001-04-01,42.7,-44.7,
19388,2001-04-30,42.7,-44.7,
19389,2001-05-01,41.3,-50.52,
19419,2001-05-31,41.3,-50.52,
19420,2001-06-01,43.2,-42.62,
19449,2001-06-30,43.2,-42.62,
19450,2001-07-01,43.5,-41.37,
19480,2001-07-31,43.5,-41.37,
19481,2001-08-01,46.3,-29.73,
19511,2001-08-31,46.3,-29.73,
19512,2001-09-01,46.2,-30.15,
19541,2001-09-30,46.2,-30.15,
19542,2001-10-01,40.8,-52.6,
19572,2001-10-31,40.8,-52.6,
19573,2001-11-01,44.1,-38.88,
19602,2001-11-30,44.1,-38.88,
19603,2001-12-01,45.3,-33.89,
19633,2001-12-31,45.3,-33.89,
19634,2002-01-01,47.5,-24.74,
19664,2002-01-31,47.5,-24.74,
19665,2002-02-01,50.7,-11.43,
19692,2002-02-28,50.7,-11.43,
19693,2002-03-01,52.4,-4.37,
19723,2002-03-31,52.4,-4.37,
19724,2002-04-01,52.4,-4.37,
19753,2002-04-30,52.4,-4.37,
19754,2002-05-01,53.1,-1.46,
19784,2002-05-31,53.1,-1.46,
19785,2002-06-01,53.6,0.62,
19814,2002-06-30,53.6,0.62,
19815,2002-07-01,50.2,-13.51,
19845,2002-07-31,50.2,-13.51,
19846,2002-08-01,50.3,-13.1,
19876,2002-08-31,50.3,-13.1,
19877,2002-09-01,50.5,-12.27,
19906,2002-09-30,50.5,-12.27,
19907,2002-10-01,49.0,-18.5,
19937,2002-10-31,49.0,-18.5,
19938,2002-11-01,48.5,-20.58,
19967,2002-11-30,48.5,-20.58,
19968,2002-12-01,51.6,-7.69,
19998,2002-12-31,51.6,-7.69,
19999,2003-01-01,51.3,-8.94,
20029,2003-01-31,51.3,-8.94,
20030,2003-02-01,48.8,-19.33,
20057,2003-02-28,48.8,-19.33,
20058,2003-03-01,46.3,-29.73,
20088,2003-03-31,46.3,-29.73,
20089,2003-04-01,46.1,-30.56,
20118,2003-04-30,46.1,-30.56,
20119,2003-05-01,49.0,-18.5,
20149,2003-05-31,49.0,-18.5,
20150,2003-06-01,49.0,-18.5,
20179,2003-06-30,49.0,-18.5,
20180,2003-07-01,51.0,-10.19,
20210,2003-07-31,51.0,-10.19,
20211,2003-08-01,53.2,-1.04,
20241,2003-08-31,53.2,-1.04,
20242,2003-09-01,52.4,-4.37,
20271,2003-09-30,52.4,-4.37,
20272,2003-10-01,55.2,7.28,
20302,2003-10-31,55.2,7.28,
20303,2003-11-01,58.4,20.58,
20332,2003-11-30,58.4,20.58,
20333,2003-12-01,60.1,27.65,
20363,2003-12-31,60.1,27.65,
20364,2004-01-01,60.8,30.56,
20394,2004-01-31,60.8,30.56,
20395,2004-02-01,59.9,26.82,
20423,2004-02-29,59.9,26.82,
20424,2004-03-01,60.6,29.73,
20454,2004-03-31,60.6,29.73,
20455,2004-04-01,60.6,29.73,
20484,2004-04-30,60.6,29.73,
20485,2004-05-01,61.4,33.06,
20515,2004-05-31,61.4,33.06,
20516,2004-06-01,60.5,29.31,
20545,2004-06-30,60.5,29.31,
20546,2004-07-01,59.9,26.82,
20576,2004-07-31,59.9,26.82,
20577,2004-08-01,58.5,21.0,
20607,2004-08-31,58.5,21.0,
20608,2004-09-01,57.4,16.42,
20637,2004-09-30,57.4,16.42,
20638,2004-10-01,56.3,11.85,
20668,2004-10-31,56.3,11.85,
20669,2004-11-01,56.2,11.43,
20698,2004-11-30,56.2,11.43,
20699,2004-12-01,57.2,15.59,
20729,2004-12-31,57.2,15.59,
20730,2005-01-01,56.8,13.93,
20760,2005-01-31,56.8,13.93,
20761,2005-02-01,55.5,8.52,
20788,2005-02-28,55.5,8.52,
20789,2005-03-01,55.2,7.28,
20819,2005-03-31,55.2,7.28,
20820,2005-04-01,52.2,-5.2,
20849,2005-04-30,52.2,-5.2,
20850,2005-05-01,50.8,-11.02,
20880,2005-05-31,50.8,-11.02,
20881,2005-06-01,52.4,-4.37,
20910,2005-06-30,52.4,-4.37,
20911,2005-07-01,52.8,-2.7,
20941,2005-07-31,52.8,-2.7,
20942,2005-08-01,52.4,-4.37,
20972,2005-08-31,52.4,-4.37,
20973,2005-09-01,56.8,13.93,
21002,2005-09-30,56.8,13.93,
21003,2005-10-01,57.2,15.59,
21033,2005-10-31,57.2,15.59,
21034,2005-11-01,56.7,13.51,
21063,2005-11-30,56.7,13.51,
21064,2005-12-01,55.1,6.86,
21094,2005-12-31,55.1,6.86,
21095,2006-01-01,55.0,6.44,
21125,2006-01-31,55.0,6.44,
21126,2006-02-01,55.8,9.77,
21153,2006-02-28,55.8,9.77,
21154,2006-03-01,54.3,3.53,
21184,2006-03-31,54.3,3.53,
21185,2006-04-01,55.2,7.28,
21214,2006-04-30,55.2,7.28,
21215,2006-05-01,53.7,1.04,
21245,2006-05-31,53.7,1.04,
21246,2006-06-01,52.0,-6.03,
21275,2006-06-30,52.0,-6.03,
21276,2006-07-01,53.0,-1.87,
21306,2006-07-31,53.0,-1.87,
21307,2006-08-01,53.7,1.04,
21337,2006-08-31,53.7,1.04,
21338,2006-09-01,52.2,-5.2,
21367,2006-09-30,52.2,-5.2,
21368,2006-10-01,51.4,-8.52,
21398,2006-10-31,51.4,-8.52,
21399,2006-11-01,50.3,-13.1,
21428,2006-11-30,50.3,-13.1,
21429,2006-12-01,51.4,-8.52,
21459,2006-12-31,51.4,-8.52,
21460,2007-01-01,50.4,-12.68,
21490,2007-01-31,50.4,-12.68,
21491,2007-02-01,54.1,2.7,
21518,2007-02-28,54.1,2.7,
21519,2007-03-01,52.8,-2.7,
21549,2007-03-31,52.8,-2.7,
21550,2007-04-01,52.7,-3.12,
21579,2007-04-30,52.7,-3.12,
21580,2007-05-01,53.1,-1.46,
21610,2007-05-31,53.1,-1.46,
21611,2007-06-01,54.0,2.29,
21640,2007-06-30,54.0,2.29,
21641,2007-07-01,51.8,-6.86,
21671,2007-07-31,51.8,-6.86,
21672,2007-08-01,52.2,-5.2,
21702,2007-08-31,52.2,-5.2,
21703,2007-09-01,53.8,1.46,
21732,2007-09-30,53.8,1.46,
21733,2007-10-01,52.8,-2.7,
21763,2007-10-31,52.8,-2.7,
21764,2007-11-01,51.5,-8.11,
21793,2007-11-30,51.5,-8.11,
21794,2007-12-01,50.1,-13.93,
21824,2007-12-31,50.1,-13.93,
21825,2008-01-01,50.9,-10.6,
21855,2008-01-31,50.9,-10.6,
21856,2008-02-01,48.8,-19.33,
21884,2008-02-29,48.8,-19.33,
21885,2008-03-01,49.7,-15.59,
21915,2008-03-31,49.7,-15.59,
21916,2008-04-01,48.5,-20.58,
21945,2008-04-30,48.5,-20.58,
21946,2008-05-01,48.9,-18.92,
21976,2008-05-31,48.9,-18.92,
21977,2008-06-01,49.9,-14.76,
22006,2008-06-30,49.9,-14.76,
22007,2008-07-01,50.8,-11.02,
22037,2008-07-31,50.8,-11.02,
22038,2008-08-01,50.1,-13.93,
22068,2008-08-31,50.1,-13.93,
22069,2008-09-01,47.2,-25.99,
22098,2008-09-30,47.2,-25.99,
22099,2008-10-01,38.2,-63.41,
22129,2008-10-31,38.2,-63.41,
22130,2008-11-01,39.0,-60.08,
22159,2008-11-30,39.0,-60.08,
22160,2008-12-01,34.5,-78.79,
22190,2008-12-31,34.5,-78.79,
22191,2009-01-01,36.4,-70.89,
22221,2009-01-31,36.4,-70.89,
22222,2009-02-01,36.6,-70.06,
22249,2009-02-28,36.6,-70.06,
22250,2009-03-01,37.2,-67.57,
22280,2009-03-31,37.2,-67.57,
22281,2009-04-01,39.9,-56.34,
22310,2009-04-30,39.9,-56.34,
22311,2009-05-01,44.1,-38.88,
22341,2009-05-31,44.1,-38.88,
22342,2009-06-01,46.3,-29.73,
22371,2009-06-30,46.3,-29.73,
22372,2009-07-01,49.7,-15.59,
22402,2009-07-31,49.7,-15.59,
22403,2009-08-01,53.4,-0.21,
22433,2009-08-31,53.4,-0.21,
22434,2009-09-01,54.9,6.03,
22463,2009-09-30,54.9,6.03,
22464,2009-10-01,57.6,17.26,
22494,2009-10-31,57.6,17.26,
22495,2009-11-01,55.4,8.11,
22524,2009-11-30,55.4,8.11,
22525,2009-12-01,55.8,9.77,
22555,2009-12-31,55.8,9.77,
22556,2010-01-01,56.3,11.85,
22586,2010-01-31,56.3,11.85,
22587,2010-02-01,55.5,8.52,
22614,2010-02-28,55.5,8.52,
22615,2010-03-01,58.8,22.25,
22645,2010-03-31,58.8,22.25,
22646,2010-04-01,58.1,19.33,
22675,2010-04-30,58.1,19.33,
22676,2010-05-01,57.4,16.42,
22706,2010-05-31,57.4,16.42,
22707,2010-06-01,56.5,12.68,
22736,2010-06-30,56.5,12.68,
22737,2010-07-01,56.1,11.02,
22767,2010-07-31,56.1,11.02,
22768,2010-08-01,56.4,12.27,
22798,2010-08-31,56.4,12.27,
22799,2010-09-01,55.3,7.69,
22828,2010-09-30,55.3,7.69,
22829,2010-10-01,56.9,14.35,
22859,2010-10-31,56.9,14.35,
22860,2010-11-01,57.3,16.01,
22889,2010-11-30,57.3,16.01,
22890,2010-12-01,56.6,13.1,
22920,2010-12-31,56.6,13.1,
22921,2011-01-01,59.1,23.49,
22951,2011-01-31,59.1,23.49,
22952,2011-02-01,59.2,23.91,
22979,2011-02-28,59.2,23.91,
22980,2011-03-01,58.4,20.58,
23010,2011-03-31,58.4,20.58,
23011,2011-04-01,57.9,18.5,
23040,2011-04-30,57.9,18.5,
23041,2011-05-01,54.8,5.61,
23071,2011-05-31,54.8,5.61,
23072,2011-06-01,55.8,9.77,
23101,2011-06-30,55.8,9.77,
23102,2011-07-01,52.9,-2.29,
23132,2011-07-31,52.9,-2.29,
23133,2011-08-01,52.6,-3.53,
23163,2011-08-31,52.6,-3.53,
23164,2011-09-01,53.7,1.04,
23193,2011-09-30,53.7,1.04,
23194,2011-10-01,51.4,-8.52,
23224,2011-10-31,51.4,-8.52,
23225,2011-11-01,51.8,-6.86,
23254,2011-11-30,51.8,-6.86,
23255,2011-12-01,53.0,-1.87,
23285,2011-12-31,53.0,-1.87,
23286,2012-01-01,53.2,-1.04,
23316,2012-01-31,53.2,-1.04,
23317,2012-02-01,52.6,-3.53,
23345,2012-02-29,52.6,-3.53,
23346,2012-03-01,53.5,0.21,
23376,2012-03-31,53.5,0.21,
23377,2012-04-01,54.2,3.12,
23406,2012-04-30,54.2,3.12,
23407,2012-05-01,52.6,-3.53,
23437,2012-05-31,52.6,-3.53,
23438,2012-06-01,48.9,-18.92,
23467,2012-06-30,48.9,-18.92,
23468,2012-07-01,50.2,-13.51,
23498,2012-07-31,50.2,-13.51,
23499,2012-08-01,49.4,-16.84,
23529,2012-08-31,49.4,-16.84,
23530,2012-09-01,51.2,-9.36,
23559,2012-09-30,51.2,-9.36,
23560,2012-10-01,51.0,-10.19,
23590,2012-10-31,51.0,-10.19,
23591,2012-11-01,49.1,-18.09,
23620,2012-11-30,49.1,-18.09,
23621,2012-12-01,50.4,-12.68,
23651,2012-12-31,50.4,-12.68,
23652,2013-01-01,52.3,-4.78,
23682,2013-01-31,52.3,-4.78,
23683,2013-02-01,53.5,0.21,
23710,2013-02-28,53.5,0.21,
23711,2013-03-01,51.5,-8.11,
23741,2013-03-31,51.5,-8.11,
23742,2013-04-01,50.4,-12.68,
23771,2013-04-30,50.4,-12.68,
23772,2013-05-01,50.6,-11.85,
23802,2013-05-31,50.6,-11.85,
23803,2013-06-01,50.8,-11.02,
23832,2013-06-30,50.8,-11.02,
23833,2013-07-01,54.5,4.37,
23863,2013-07-31,54.5,4.37,
23864,2013-08-01,54.8,5.61,
23894,2013-08-31,54.8,5.61,
23895,2013-09-01,55.0,6.44,
23924,2013-09-30,55.0,6.44,
23925,2013-10-01,55.1,6.86,
23955,2013-10-31,55.1,6.86,
23956,2013-11-01,56.4,12.27,
23985,2013-11-30,56.4,12.27,
23986,2013-12-01,56.6,13.1,
24016,2013-12-31,56.6,13.1,
24017,2014-01-01,51.8,-6.86,
24047,2014-01-31,51.8,-6.86,
24048,2014-02-01,54.4,3.95,
24075,2014-02-28,54.4,3.95,
24076,2014-03-01,55.5,8.52,
24106,2014-03-31,55.5,8.52,
24107,2014-04-01,55.9,10.19,
24136,2014-04-30,55.9,10.19,
24137,2014-05-01,55.7,9.36,
24167,2014-05-31,55.7,9.36,
24168,2014-06-01,54.9,6.03,
24197,2014-06-30,54.9,6.03,
24198,2014-07-01,55.6,8.94,
24228,2014-07-31,55.6,8.94,
24229,2014-08-01,56.8,13.93,
24259,2014-08-31,56.8,13.93,
24260,2014-09-01,56.1,11.02,
24289,2014-09-30,56.1,11.02,
24290,2014-10-01,56.6,13.1,
24320,2014-10-31,56.6,13.1,
24321,2014-11-01,56.8,13.93,
24350,2014-11-30,56.8,13.93,
24351,2014-12-01,55.6,8.94,
24381,2014-12-31,55.6,8.94,
24382,2015-01-01,53.6,0.62,
24412,2015-01-31,53.6,0.62,
24413,2015-02-01,52.7,-3.12,
24440,2015-02-28,52.7,-3.12,
24441,2015-03-01,51.9,-6.44,
24471,2015-03-31,51.9,-6.44,
24472,2015-04-01,51.9,-6.44,
24501,2015-04-30,51.9,-6.44,
24502,2015-05-01,52.6,-3.53,
24532,2015-05-31,52.6,-3.53,
24533,2015-06-01,52.6,-3.53,
24562,2015-06-30,52.6,-3.53,
24563,2015-07-01,52.2,-5.2,
24593,2015-07-31,52.2,-5.2,
24594,2015-08-01,50.4,-12.68,
24624,2015-08-31,50.4,-12.68,
24625,2015-09-01,50.1,-13.93,
24654,2015-09-30,50.1,-13.93,
24655,2015-10-01,49.3,-17.26,
24685,2015-10-31,49.3,-17.26,
24686,2015-11-01,49.5,-16.42,
24715,2015-11-30,49.5,-16.42,
24716,2015-12-01,48.8,-19.33,
24746,2015-12-31,48.8,-19.33,
24747,2016-01-01,47.0,-26.82,
24777,2016-01-31,47.0,-26.82,
24778,2016-02-01,49.1,-18.09,
24806,2016-02-29,49.1,-18.09,
24807,2016-03-01,51.0,-10.19,
24837,2016-03-31,51.0,-10.19,
24838,2016-04-01,51.0,-10.19,
24867,2016-04-30,51.0,-10.19,
24868,2016-05-01,51.3,-8.94,
24898,2016-05-31,51.3,-8.94,
24899,2016-06-01,52.5,-3.95,
24928,2016-06-30,52.5,-3.95,
24929,2016-07-01,52.5,-3.95,
24959,2016-07-31,52.5,-3.95,
24960,2016-08-01,50.0,-14.35,
24990,2016-08-31,50.0,-14.35,
24991,2016-09-01,51.2,-9.36,
25020,2016-09-30,51.2,-9.36,
25021,2016-10-01,52.0,-6.03,
25051,2016-10-31,52.0,-6.03,
25052,2016-11-01,53.4,-0.21,
25081,2016-11-30,53.4,-0.21,
25082,2016-12-01,54.4,3.95,
25112,2016-12-31,54.4,3.95,
25113,2017-01-01,55.3,7.69,
25143,2017-01-31,55.3,7.69,
25144,2017-02-01,57.4,16.42,
25171,2017-02-28,57.4,16.42,
25172,2017-03-01,56.4,12.27,
25202,2017-03-31,56.4,12.27,
25203,2017-04-01,55.5,8.52,
25232,2017-04-30,55.5,8.52,
25233,2017-05-01,56.4,12.27,
25263,2017-05-31,56.4,12.27,
25264,2017-06-01,56.4,12.27,
25293,2017-06-30,56.4,12.27,
25294,2017-07-01,56.8,13.93,
25324,2017-07-31,56.8,13.93,
25325,2017-08-01,58.8,22.25,
25355,2017-08-31,58.8,22.25,
25356,2017-09-01,59.9,26.82,
25385,2017-09-30,59.9,26.82,
25386,2017-10-01,58.8,22.25,
25416,2017-10-31,58.8,22.25,
25417,2017-11-01,58.1,19.33,
25446,2017-11-30,58.1,19.33,
25447,2017-12-01,59.1,23.49,
25477,2017-12-31,59.1,23.49,
25478,2018-01-01,59.2,23.91,
25508,2018-01-31,59.2,23.91,
25509,2018-02-01,60.6,29.73,
25536,2018-02-28,60.6,29.73,
25537,2018-03-01,58.9,22.66,
25567,2018-03-31,58.9,22.66,
25568,2018-04-01,58.4,20.58,
25597,2018-04-30,58.4,20.58,
25598,2018-05-01,59.0,23.08,
25628,2018-05-31,59.0,23.08,
25629,2018-06-01,59.9,26.82,
25658,2018-06-30,59.9,26.82,
25659,2018-07-01,58.2,19.75,
25689,2018-07-31,58.2,19.75,
25690,2018-08-01,60.8,30.56,
25720,2018-08-31,60.8,30.56,
25721,2018-09-01,59.3,24.32,
25750,2018-09-30,59.3,24.32,
25751,2018-10-01,58.5,21.0,
25781,2018-10-31,58.5,21.0,
25782,2018-11-01,58.8,22.25,
25811,2018-11-30,58.8,22.25,
25812,2018-12-01,55.0,6.44,
25842,2018-12-31,55.0,6.44,
25843,2019-01-01,55.5,8.52,
25873,2019-01-31,55.5,8.52,
25874,2019-02-01,54.1,2.7,
25901,2019-02-28,54.1,2.7,
25902,2019-03-01,54.6,4.78,
25932,2019-03-31,54.6,4.78,
25933,2019-04-01,53.4,-0.21,
25962,2019-04-30,53.4,-0.21,
25963,2019-05-01,52.3,-4.78,
25963,2019-05-01,51.6,-7.69,
25993,2019-05-31,51.6,-7.69,
26023,2019-06-30,51.6,-7.69,
26024,2019-07-01,51.3,-8.94,
26054,2019-07-31,51.3,-8.94,
26055,2019-08-01,48.8,-19.33,
26085,2019-08-31,48.8,-19.33,
26086,2019-09-01,48.2,-21.83,
26115,2019-09-30,48.2,-21.83,
26116,2019-10-01,48.5,-20.58,
26146,2019-10-31,48.5,-20.58,
26147,2019-11-01,48.1,-22.25,
26176,2019-11-30,48.1,-22.25,
26177,2019-12-01,47.8,-23.49,
26207,2019-12-31,47.8,-23.49,
26208,2020-01-01,50.9,-10.6,
26238,2020-01-31,50.9,-10.6,
26239,2020-02-01,50.1,-13.93,
26267,2020-02-29,50.1,-13.93,
26298,2020-03-31,49.1,-18.09,