Day,Date,S&P 500,S&P 500 norm,S&P 500 y/y,S&P 500 y/y norm,S&P 500 m/m,S&P 500 m/m norm
0,1948-03-31,0.0,-8.76,0.0,-8.76,0.0,14.35
30,1948-04-30,0.0,-8.76,0.0,-8.76,0.0,14.35
61,1948-05-31,0.0,-8.76,0.0,-8.76,0.0,14.35
91,1948-06-30,0.0,-8.76,0.0,-8.76,0.0,14.35
122,1948-07-31,0.0,-8.76,0.0,-8.76,0.0,14.35
153,1948-08-31,0.0,-8.76,0.0,-8.76,0.0,14.35
183,1948-09-30,0.0,-8.76,0.0,-8.76,0.0,14.35
214,1948-10-31,0.0,-8.76,0.0,-8.76,0.0,14.35
244,1948-11-30,0.0,-8.76,0.0,-8.76,0.0,14.35
275,1948-12-31,0.0,-8.76,0.0,-8.76,0.0,14.35
306,1949-01-31,0.0,-8.76,0.0,-8.76,0.0,14.35
334,1949-02-28,0.0,-8.76,0.0,-8.76,0.0,14.35
365,1949-03-31,0.0,-8.76,0.0,-8.76,0.0,14.35
395,1949-04-30,0.0,-8.76,0.0,-8.76,0.0,14.35
426,1949-05-31,0.0,-8.76,0.0,-8.76,0.0,14.35
456,1949-06-30,0.0,-8.76,0.0,-8.76,0.0,14.35
487,1949-07-31,0.0,-8.76,0.0,-8.76,0.0,14.35
518,1949-08-31,0.0,-8.76,0.0,-8.76,0.0,14.35
548,1949-09-30,0.0,-8.76,0.0,-8.76,0.0,14.35
579,1949-10-31,0.0,-8.76,0.0,-8.76,0.0,14.35
609,1949-11-30,0.0,-8.76,0.0,-8.76,0.0,14.35
640,1949-12-31,0.0,-8.76,0.0,-8.76,0.0,14.35
671,1950-01-31,0.0,-8.76,0.0,-8.76,0.0,14.35
699,1950-02-28,0.0,-8.76,0.0,-8.76,0.0,14.35
730,1950-03-31,0.0,-8.76,0.0,-8.76,0.0,14.35
760,1950-04-30,0.0,-8.76,0.0,-8.76,0.0,14.35
791,1950-05-31,0.0,-8.76,0.0,-8.76,0.0,14.35
821,1950-06-30,0.0,-8.76,0.0,-8.76,0.0,14.35
852,1950-07-31,0.0,-8.76,0.0,-8.76,0.0,14.35
883,1950-08-31,0.0,-8.76,0.0,-8.76,0.0,14.35
913,1950-09-30,0.0,-8.76,0.0,-8.76,0.0,14.35
944,1950-10-31,0.0,-8.76,0.0,-8.76,0.0,14.35
974,1950-11-30,0.0,-8.76,0.0,-8.76,0.0,14.35
1005,1950-12-31,0.0,-8.76,0.0,-8.76,0.0,14.35
1036,1951-01-31,0.0,-8.76,0.0,-8.76,0.0,14.35
1064,1951-02-28,0.0,-8.76,0.0,-8.76,0.0,14.35
1095,1951-03-31,0.0,-8.76,0.0,-8.76,0.0,14.35
1125,1951-04-30,0.0,-8.76,0.0,-8.76,0.0,14.35
1156,1951-05-31,0.0,-8.76,0.0,-8.76,0.0,14.35
1186,1951-06-30,0.0,-8.76,0.0,-8.76,0.0,14.35
1217,1951-07-31,0.0,-8.76,0.0,-8.76,0.0,14.35
1248,1951-08-31,0.0,-8.76,0.0,-8.76,0.0,14.35
1278,1951-09-30,0.0,-8.76,0.0,-8.76,0.0,14.35
1309,1951-10-31,0.0,-8.76,0.0,-8.76,0.0,14.35
1339,1951-11-30,0.0,-8.76,0.0,-8.76,0.0,14.35
1370,1951-12-31,0.0,-8.76,0.0,-8.76,0.0,14.35
1401,1952-01-31,0.0,-8.76,0.0,-8.76,0.0,14.35
1430,1952-02-29,0.0,-8.76,0.0,-8.76,0.0,14.35
1461,1952-03-31,0.0,-8.76,0.0,-8.76,0.0,14.35
1491,1952-04-30,0.0,-8.76,0.0,-8.76,0.0,14.35
1522,1952-05-31,0.0,-8.76,0.0,-8.76,0.0,14.35
1552,1952-06-30,0.0,-8.76,0.0,-8.76,0.0,14.35
1583,1952-07-31,0.0,-8.76,0.0,-8.76,0.0,14.35
1614,1952-08-31,0.0,-8.76,0.0,-8.76,0.0,14.35
1644,1952-09-30,0.0,-8.76,0.0,-8.76,0.0,14.35
1675,1952-10-31,0.0,-8.76,0.0,-8.76,0.0,14.35
1705,1952-11-30,0.0,-8.76,0.0,-8.76,0.0,14.35
1736,1952-12-31,0.0,-8.76,0.0,-8.76,0.0,14.35
1767,1953-01-31,0.0,-8.76,0.0,-8.76,0.0,14.35
1795,1953-02-28,0.0,-8.76,0.0,-8.76,0.0,14.35
1826,1953-03-31,0.0,-8.76,0.0,-8.76,0.0,14.35
1856,1953-04-30,0.0,-8.76,0.0,-8.76,0.0,14.35
1887,1953-05-31,0.0,-8.76,0.0,-8.76,0.0,14.35
1917,1953-06-30,0.0,-8.76,0.0,-8.76,0.0,14.35
1948,1953-07-31,0.0,-8.76,0.0,-8.76,0.0,14.35
1979,1953-08-31,0.0,-8.76,0.0,-8.76,0.0,14.35
2009,1953-09-30,0.0,-8.76,0.0,-8.76,0.0,14.35
2040,1953-10-31,0.0,-8.76,0.0,-8.76,0.0,14.35
2070,1953-11-30,0.0,-8.76,0.0,-8.76,0.0,14.35
2101,1953-12-31,0.0,-8.76,0.0,-8.76,0.0,14.35
2132,1954-01-31,0.0,-8.76,0.0,-8.76,0.0,14.35
2160,1954-02-28,0.0,-8.76,0.0,-8.76,0.0,14.35
2191,1954-03-31,0.0,-8.76,0.0,-8.76,0.0,14.35
2221,1954-04-30,0.0,-8.76,0.0,-8.76,0.0,14.35
2252,1954-05-31,0.0,-8.76,0.0,-8.76,0.0,14.35
2282,1954-06-30,0.0,-8.76,0.0,-8.76,0.0,14.35
2313,1954-07-31,0.0,-8.76,0.0,-8.76,0.0,14.35
2344,1954-08-31,0.0,-8.76,0.0,-8.76,0.0,14.35
2374,1954-09-30,0.0,-8.76,0.0,-8.76,0.0,14.35
2405,1954-10-31,0.0,-8.76,0.0,-8.76,0.0,14.35
2435,1954-11-30,0.0,-8.76,0.0,-8.76,0.0,14.35
2466,1954-12-31,0.0,-8.76,0.0,-8.76,0.0,14.35
2497,1955-01-31,0.0,-8.76,0.0,-8.76,0.0,14.35
2525,1955-02-28,0.0,-8.76,0.0,-8.76,0.0,14.35
2556,1955-03-31,0.0,-8.76,0.0,-8.76,0.0,14.35
2586,1955-04-30,0.0,-8.76,0.0,-8.76,0.0,14.35
2617,1955-05-31,0.0,-8.76,0.0,-8.76,0.0,14.35
2647,1955-06-30,0.0,-8.76,0.0,-8.76,0.0,14.35
2678,1955-07-31,0.0,-8.76,0.0,-8.76,0.0,14.35
2709,1955-08-31,0.0,-8.76,0.0,-8.76,0.0,14.35
2739,1955-09-30,0.0,-8.76,0.0,-8.76,0.0,14.35
2770,1955-10-31,0.0,-8.76,0.0,-8.76,0.0,14.35
2800,1955-11-30,0.0,-8.76,0.0,-8.76,0.0,14.35
2831,1955-12-31,0.0,-8.76,0.0,-8.76,0.0,14.35
2862,1956-01-31,0.0,-8.76,0.0,-8.76,0.0,14.35
2891,1956-02-29,0.0,-8.76,0.0,-8.76,0.0,14.35
2922,1956-03-31,0.0,-8.76,0.0,-8.76,0.0,14.35
2952,1956-04-30,0.0,-8.76,0.0,-8.76,0.0,14.35
2983,1956-05-31,0.0,-8.76,0.0,-8.76,0.0,14.35
3013,1956-06-30,0.0,-8.76,0.0,-8.76,0.0,14.35
3044,1956-07-31,0.0,-8.76,0.0,-8.76,0.0,14.35
3075,1956-08-31,0.0,-8.76,0.0,-8.76,0.0,14.35
3105,1956-09-30,0.0,-8.76,0.0,-8.76,0.0,14.35
3136,1956-10-31,0.0,-8.76,0.0,-8.76,0.0,14.35
3166,1956-11-30,0.0,-8.76,0.0,-8.76,0.0,14.35
3197,1956-12-31,0.0,-8.76,0.0,-8.76,0.0,14.35
3198,1957-01-01,44.72,-8.76,0.0,-8.76,0.0,14.35
3228,1957-01-31,44.72,-8.76,0.0,-8.76,0.0,14.35
3229,1957-02-01,43.26,-8.76,0.0,-8.76,-0.0326,-2.79
3256,1957-02-28,43.26,-8.76,0.0,-8.76,-0.0326,-2.79
3257,1957-03-01,44.11,-8.76,0.0,-8.76,0.0196,24.65
3287,1957-03-31,44.11,-8.76,0.0,-8.76,0.0196,24.65
3288,1957-04-01,45.74,-8.76,0.0,-8.76,0.037,33.79
3317,1957-04-30,45.74,-8.76,0.0,-8.76,0.037,33.79
3318,1957-05-01,47.43,-8.76,0.0,-8.76,0.0369,33.74
3348,1957-05-31,47.43,-8.76,0.0,-8.76,0.0369,33.74
3349,1957-06-01,47.37,-8.76,0.0,-8.76,-0.0013,13.66
3378,1957-06-30,47.37,-8.76,0.0,-8.76,-0.0013,13.66
3379,1957-07-01,47.91,-8.76,0.0,-8.76,0.0114,20.34
3409,1957-07-31,47.91,-8.76,0.0,-8.76,0.0114,20.34
3410,1957-08-01,45.22,-8.76,0.0,-8.76,-0.0561,-15.13
3440,1957-08-31,45.22,-8.76,0.0,-8.76,-0.0561,-15.13
3441,1957-09-01,42.42,-8.76,0.0,-8.76,-0.0619,-18.18
3470,1957-09-30,42.42,-8.76,0.0,-8.76,-0.0619,-18.18
3471,1957-10-01,41.06,-8.76,0.0,-8.76,-0.0321,-2.52
3501,1957-10-31,41.06,-8.76,0.0,-8.76,-0.0321,-2.52
3502,1957-11-01,41.72,-8.76,0.0,-8.76,0.0161,22.81
3531,1957-11-30,41.72,-8.76,0.0,-8.76,0.0161,22.81
3532,1957-12-01,39.99,-8.76,0.0,-8.76,-0.0415,-7.46
3562,1957-12-31,39.99,-8.76,0.0,-8.76,-0.0415,-7.46
3563,1958-01-01,41.7,-22.61,-0.068,-22.61,0.0428,36.84
3593,1958-01-31,41.7,-22.61,-0.068,-22.61,0.0428,36.84
3594,1958-02-01,40.84,-20.16,-0.056,-20.16,-0.0206,3.52
3621,1958-02-28,40.84,-20.16,-0.056,-20.16,-0.0206,3.52
3622,1958-03-01,42.1,-18.13,-0.046,-18.13,0.0309,30.58
3652,1958-03-31,42.1,-18.13,-0.046,-18.13,0.0309,30.58
3653,1958-04-01,43.44,-18.94,-0.05,-18.94,0.0318,31.06
3682,1958-04-30,43.44,-18.94,-0.05,-18.94,0.0318,31.06
3683,1958-05-01,44.09,-23.01,-0.07,-23.01,0.015,22.23
3713,1958-05-31,44.09,-23.01,-0.07,-23.01,0.015,22.23
3714,1958-06-01,45.24,-17.92,-0.045,-17.92,0.0261,28.06
3743,1958-06-30,45.24,-17.92,-0.045,-17.92,0.0261,28.06
3744,1958-07-01,47.19,-11.81,-0.015,-11.81,0.0431,36.99
3774,1958-07-31,47.19,-11.81,-0.015,-11.81,0.0431,36.99
3775,1958-08-01,47.75,2.65,0.056,2.65,0.0119,20.6
3805,1958-08-31,47.75,2.65,0.056,2.65,0.0119,20.6
3806,1958-09-01,50.06,27.9,0.18,27.9,0.0484,39.78
3835,1958-09-30,50.06,27.9,0.18,27.9,0.0484,39.78
3836,1958-10-01,51.33,42.16,0.25,42.16,0.0254,27.69
3866,1958-10-31,51.33,42.16,0.25,42.16,0.0254,27.69
3867,1958-11-01,52.48,43.79,0.258,43.79,0.0224,26.12
3896,1958-11-30,52.48,43.79,0.258,43.79,0.0224,26.12
3897,1958-12-01,55.21,68.84,0.381,68.84,0.052,41.67
3927,1958-12-31,55.21,68.84,0.381,68.84,0.052,41.67
3928,1959-01-01,55.42,58.25,0.329,58.25,0.0038,16.34
3958,1959-01-31,55.42,58.25,0.329,58.25,0.0038,16.34
3959,1959-02-01,55.41,63.95,0.357,63.95,-0.0002,14.24
3986,1959-02-28,55.41,63.95,0.357,63.95,-0.0002,14.24
3987,1959-03-01,55.44,55.8,0.317,55.8,0.0005,14.61
4017,1959-03-31,55.44,55.8,0.317,55.8,0.0005,14.61
4018,1959-04-01,57.59,57.64,0.326,57.64,0.0388,34.73
4047,1959-04-30,57.59,57.64,0.326,57.64,0.0388,34.73
4048,1959-05-01,58.68,58.66,0.331,58.66,0.0189,24.28
4078,1959-05-31,58.68,58.66,0.331,58.66,0.0189,24.28
4079,1959-06-01,58.47,50.71,0.292,50.71,-0.0036,12.45
4108,1959-06-30,58.47,50.71,0.292,50.71,-0.0036,12.45
4109,1959-07-01,60.51,48.68,0.282,48.68,0.0349,32.69
4139,1959-07-31,60.51,48.68,0.282,48.68,0.0349,32.69
4140,1959-08-01,59.6,41.75,0.248,41.75,-0.015,6.46
4170,1959-08-31,59.6,41.75,0.248,41.75,-0.015,6.46
4171,1959-09-01,56.88,18.94,0.136,18.94,-0.0456,-9.62
4200,1959-09-30,56.88,18.94,0.136,18.94,-0.0456,-9.62
4201,1959-10-01,57.52,15.89,0.121,15.89,0.0113,20.28
4231,1959-10-31,57.52,15.89,0.121,15.89,0.0113,20.28
4232,1959-11-01,58.28,13.85,0.111,13.85,0.0132,21.28
4261,1959-11-30,58.28,13.85,0.111,13.85,0.0132,21.28
4262,1959-12-01,59.89,8.55,0.085,8.55,0.0276,28.85
4292,1959-12-31,59.89,8.55,0.085,8.55,0.0276,28.85
4293,1960-01-01,55.61,-8.15,0.003,-8.15,-0.0715,-23.23
4323,1960-01-31,55.61,-8.15,0.003,-8.15,-0.0715,-23.23
4324,1960-02-01,56.12,-6.11,0.013,-6.11,0.0092,19.18
4352,1960-02-29,56.12,-6.11,0.013,-6.11,0.0092,19.18
4353,1960-03-01,55.34,-9.16,-0.002,-9.16,-0.0139,7.04
4383,1960-03-31,55.34,-9.16,-0.002,-9.16,-0.0139,7.04
4384,1960-04-01,54.37,-20.16,-0.056,-20.16,-0.0175,5.15
4413,1960-04-30,54.37,-20.16,-0.056,-20.16,-0.0175,5.15
4414,1960-05-01,55.83,-18.74,-0.049,-18.74,0.0269,28.48
4444,1960-05-31,55.83,-18.74,-0.049,-18.74,0.0269,28.48
4445,1960-06-01,56.92,-14.26,-0.027,-14.26,0.0195,24.59
4474,1960-06-30,56.92,-14.26,-0.027,-14.26,0.0195,24.59
4475,1960-07-01,55.51,-25.66,-0.083,-25.66,-0.0248,1.31
4505,1960-07-31,55.51,-25.66,-0.083,-25.66,-0.0248,1.31
4506,1960-08-01,56.96,-17.72,-0.044,-17.72,0.0261,28.06
4536,1960-08-31,56.96,-17.72,-0.044,-17.72,0.0261,28.06
4537,1960-09-01,53.52,-20.77,-0.059,-20.77,-0.0604,-17.39
4566,1960-09-30,53.52,-20.77,-0.059,-20.77,-0.0604,-17.39
4567,1960-10-01,53.39,-23.42,-0.072,-23.42,-0.0024,13.08
4597,1960-10-31,53.39,-23.42,-0.072,-23.42,-0.0024,13.08
4598,1960-11-01,55.54,-18.33,-0.047,-18.33,0.0403,35.52
4627,1960-11-30,55.54,-18.33,-0.047,-18.33,0.0403,35.52
4628,1960-12-01,58.11,-14.87,-0.03,-14.87,0.0463,38.68
4658,1960-12-31,58.11,-14.87,-0.03,-14.87,0.0463,38.68
4659,1961-01-01,61.78,13.85,0.111,13.85,0.0632,47.56
4689,1961-01-31,61.78,13.85,0.111,13.85,0.0632,47.56
4690,1961-02-01,63.44,17.72,0.13,17.72,0.0269,28.48
4717,1961-02-28,63.44,17.72,0.13,17.72,0.0269,28.48
4718,1961-03-01,65.06,27.09,0.176,27.09,0.0255,27.75
4748,1961-03-31,65.06,27.09,0.176,27.09,0.0255,27.75
4749,1961-04-01,65.31,32.18,0.201,32.18,0.0038,16.34
4778,1961-04-30,65.31,32.18,0.201,32.18,0.0038,16.34
4779,1961-05-01,66.56,30.35,0.192,30.35,0.0191,24.38
4809,1961-05-31,66.56,30.35,0.192,30.35,0.0191,24.38
4810,1961-06-01,64.64,18.94,0.136,18.94,-0.0288,-0.79
4839,1961-06-30,64.64,18.94,0.136,18.94,-0.0288,-0.79
4840,1961-07-01,66.76,32.59,0.203,32.59,0.0328,31.58
4870,1961-07-31,66.76,32.59,0.203,32.59,0.0328,31.58
4871,1961-08-01,68.07,30.96,0.195,30.96,0.0196,24.65
4901,1961-08-31,68.07,30.96,0.195,30.96,0.0196,24.65
4902,1961-09-01,66.73,41.55,0.247,41.55,-0.0197,3.99
4931,1961-09-30,66.73,41.55,0.247,41.55,-0.0197,3.99
4932,1961-10-01,68.62,49.29,0.285,49.29,0.0283,29.22
4962,1961-10-31,68.62,49.29,0.285,49.29,0.0283,29.22
4963,1961-11-01,71.32,49.08,0.284,49.08,0.0393,35.0
4992,1961-11-30,71.32,49.08,0.284,49.08,0.0393,35.0
4993,1961-12-01,71.55,38.29,0.231,38.29,0.0032,16.03
5023,1961-12-31,71.55,38.29,0.231,38.29,0.0032,16.03
5024,1962-01-01,68.84,14.46,0.114,14.46,-0.0379,-5.57
5054,1962-01-31,68.84,14.46,0.114,14.46,-0.0379,-5.57
5055,1962-02-01,69.96,12.22,0.103,12.22,0.0163,22.91
5082,1962-02-28,69.96,12.22,0.103,12.22,0.0163,22.91
5083,1962-03-01,69.55,5.3,0.069,5.3,-0.0059,11.25
5113,1962-03-31,69.55,5.3,0.069,5.3,-0.0059,11.25
5114,1962-04-01,65.24,-8.96,-0.001,-8.96,-0.062,-18.23
5143,1962-04-30,65.24,-8.96,-0.001,-8.96,-0.062,-18.23
5144,1962-05-01,59.63,-29.94,-0.104,-29.94,-0.086,-30.85
5174,1962-05-31,59.63,-29.94,-0.104,-29.94,-0.086,-30.85
5175,1962-06-01,54.75,-39.92,-0.153,-39.92,-0.0818,-28.64
5204,1962-06-30,54.75,-39.92,-0.153,-39.92,-0.0818,-28.64
5205,1962-07-01,58.23,-34.83,-0.128,-34.83,0.0636,47.77
5235,1962-07-31,58.23,-34.83,-0.128,-34.83,0.0636,47.77
5236,1962-08-01,59.12,-35.64,-0.132,-35.64,0.0153,22.39
5266,1962-08-31,59.12,-35.64,-0.132,-35.64,0.0153,22.39
5267,1962-09-01,56.27,-40.73,-0.157,-40.73,-0.0482,-10.98
5296,1962-09-30,56.27,-40.73,-0.157,-40.73,-0.0482,-10.98
5297,1962-10-01,56.52,-44.6,-0.176,-44.6,0.0044,16.66
5327,1962-10-31,56.52,-44.6,-0.176,-44.6,0.0044,16.66
5328,1962-11-01,62.26,-34.62,-0.127,-34.62,0.1016,67.74
5357,1962-11-30,62.26,-34.62,-0.127,-34.62,0.1016,67.74
5358,1962-12-01,63.1,-32.79,-0.118,-32.79,0.0135,21.44
5388,1962-12-31,63.1,-32.79,-0.118,-32.79,0.0135,21.44
5389,1963-01-01,66.2,-16.5,-0.038,-16.5,0.0491,40.15
5419,1963-01-31,66.2,-16.5,-0.038,-16.5,0.0491,40.15
5420,1963-02-01,64.29,-25.25,-0.081,-25.25,-0.0289,-0.84
5447,1963-02-28,64.29,-25.25,-0.081,-25.25,-0.0289,-0.84
5448,1963-03-01,66.57,-17.52,-0.043,-17.52,0.0355,33.0
5478,1963-03-31,66.57,-17.52,-0.043,-17.52,0.0355,33.0
5479,1963-04-01,69.8,5.5,0.07,5.5,0.0485,39.83
5508,1963-04-30,69.8,5.5,0.07,5.5,0.0485,39.83
5509,1963-05-01,70.8,29.33,0.187,29.33,0.0143,21.86
5539,1963-05-31,70.8,29.33,0.187,29.33,0.0143,21.86
5540,1963-06-01,69.37,45.62,0.267,45.62,-0.0202,3.73
5569,1963-06-30,69.37,45.62,0.267,45.62,-0.0202,3.73
5570,1963-07-01,69.13,29.33,0.187,29.33,-0.0035,12.51
5600,1963-07-31,69.13,29.33,0.187,29.33,-0.0035,12.51
5601,1963-08-01,72.5,37.27,0.226,37.27,0.0487,39.94
5631,1963-08-31,72.5,37.27,0.226,37.27,0.0487,39.94
5632,1963-09-01,71.7,47.05,0.274,47.05,-0.011,8.57
5661,1963-09-30,71.7,47.05,0.274,47.05,-0.011,8.57
5662,1963-10-01,74.01,54.18,0.309,54.18,0.0322,31.27
5692,1963-10-31,74.01,54.18,0.309,54.18,0.0322,31.27
5693,1963-11-01,73.23,27.09,0.176,27.09,-0.0105,8.83
5722,1963-11-30,73.23,27.09,0.176,27.09,-0.0105,8.83
5723,1963-12-01,75.02,29.74,0.189,29.74,0.0244,27.17
5753,1963-12-31,75.02,29.74,0.189,29.74,0.0244,27.17
5754,1964-01-01,77.04,24.64,0.164,24.64,0.0269,28.48
5784,1964-01-31,77.04,24.64,0.164,24.64,0.0269,28.48
5785,1964-02-01,77.8,34.01,0.21,34.01,0.0099,19.55
5813,1964-02-29,77.8,34.01,0.21,34.01,0.0099,19.55
5814,1964-03-01,78.98,29.12,0.186,29.12,0.0152,22.33
5844,1964-03-31,78.98,29.12,0.186,29.12,0.0152,22.33
5845,1964-04-01,79.46,19.35,0.138,19.35,0.0061,17.55
5874,1964-04-30,79.46,19.35,0.138,19.35,0.0061,17.55
5875,1964-05-01,80.37,18.74,0.135,18.74,0.0115,20.39
5905,1964-05-31,80.37,18.74,0.135,18.74,0.0115,20.39
5906,1964-06-01,81.69,27.49,0.178,27.49,0.0164,22.96
5935,1964-06-30,81.69,27.49,0.178,27.49,0.0164,22.96
5936,1964-07-01,83.18,32.59,0.203,32.59,0.0182,23.91
5966,1964-07-31,83.18,32.59,0.203,32.59,0.0182,23.91
5967,1964-08-01,81.83,17.52,0.129,17.52,-0.0162,5.83
5997,1964-08-31,81.83,17.52,0.129,17.52,-0.0162,5.83
5998,1964-09-01,84.18,26.68,0.174,26.68,0.0287,29.43
6027,1964-09-30,84.18,26.68,0.174,26.68,0.0287,29.43
6028,1964-10-01,84.86,21.18,0.147,21.18,0.0081,18.6
6058,1964-10-31,84.86,21.18,0.147,21.18,0.0081,18.6
6059,1964-11-01,84.42,22.4,0.153,22.4,-0.0052,11.61
6088,1964-11-30,84.42,22.4,0.153,22.4,-0.0052,11.61
6089,1964-12-01,84.75,17.72,0.13,17.72,0.0039,16.4
6119,1964-12-31,84.75,17.72,0.13,17.72,0.0039,16.4
6120,1965-01-01,87.56,19.14,0.137,19.14,0.0332,31.79
6150,1965-01-31,87.56,19.14,0.137,19.14,0.0332,31.79
6151,1965-02-01,87.43,16.5,0.124,16.5,-0.0015,13.56
6178,1965-02-28,87.43,16.5,0.124,16.5,-0.0015,13.56
6179,1965-03-01,86.16,9.78,0.091,9.78,-0.0145,6.73
6209,1965-03-31,86.16,9.78,0.091,9.78,-0.0145,6.73
6210,1965-04-01,89.11,15.89,0.121,15.89,0.0342,32.32
6239,1965-04-30,89.11,15.89,0.121,15.89,0.0342,32.32
6240,1965-05-01,88.42,11.61,0.1,11.61,-0.0077,10.3
6270,1965-05-31,88.42,11.61,0.1,11.61,-0.0077,10.3
6271,1965-06-01,84.12,-2.65,0.03,-2.65,-0.0486,-11.19
6300,1965-06-30,84.12,-2.65,0.03,-2.65,-0.0486,-11.19
6301,1965-07-01,85.25,-3.67,0.025,-3.67,0.0134,21.39
6331,1965-07-31,85.25,-3.67,0.025,-3.67,0.0134,21.39
6332,1965-08-01,87.17,4.48,0.065,4.48,0.0225,26.17
6362,1965-08-31,87.17,4.48,0.065,4.48,0.0225,26.17
6363,1965-09-01,89.96,5.3,0.069,5.3,0.032,31.16
6392,1965-09-30,89.96,5.3,0.069,5.3,0.032,31.16
6393,1965-10-01,92.42,9.37,0.089,9.37,0.0273,28.69
6423,1965-10-31,92.42,9.37,0.089,9.37,0.0273,28.69
6424,1965-11-01,91.61,8.55,0.085,8.55,-0.0088,9.72
6453,1965-11-30,91.61,8.55,0.085,8.55,-0.0088,9.72
6454,1965-12-01,92.43,9.78,0.091,9.78,0.009,19.08
6484,1965-12-31,92.43,9.78,0.091,9.78,0.009,19.08
6485,1966-01-01,92.88,3.67,0.061,3.67,0.0049,16.92
6515,1966-01-31,92.88,3.67,0.061,3.67,0.0049,16.92
6516,1966-02-01,91.22,0.0,0.043,0.0,-0.0179,4.94
6543,1966-02-28,91.22,0.0,0.043,0.0,-0.0179,4.94
6544,1966-03-01,89.23,-1.43,0.036,-1.43,-0.0218,2.89
6574,1966-03-31,89.23,-1.43,0.036,-1.43,-0.0218,2.89
6575,1966-04-01,91.06,-4.28,0.022,-4.28,0.0205,25.12
6604,1966-04-30,91.06,-4.28,0.022,-4.28,0.0205,25.12
6605,1966-05-01,86.13,-14.05,-0.026,-14.05,-0.0541,-14.08
6635,1966-05-31,86.13,-14.05,-0.026,-14.05,-0.0541,-14.08
6636,1966-06-01,84.74,-7.33,0.007,-7.33,-0.0161,5.89
6665,1966-06-30,84.74,-7.33,0.007,-7.33,-0.0161,5.89
6666,1966-07-01,83.6,-12.63,-0.019,-12.63,-0.0135,7.25
6696,1966-07-31,83.6,-12.63,-0.019,-12.63,-0.0135,7.25
6697,1966-08-01,77.1,-32.38,-0.116,-32.38,-0.0778,-26.54
6727,1966-08-31,77.1,-32.38,-0.116,-32.38,-0.0778,-26.54
6728,1966-09-01,76.56,-39.1,-0.149,-39.1,-0.007,10.67
6757,1966-09-30,76.56,-39.1,-0.149,-39.1,-0.007,10.67
6758,1966-10-01,80.2,-35.64,-0.132,-35.64,0.0475,39.31
6788,1966-10-31,80.2,-35.64,-0.132,-35.64,0.0475,39.31
6789,1966-11-01,80.45,-33.6,-0.122,-33.6,0.0031,15.97
6818,1966-11-30,80.45,-33.6,-0.122,-33.6,0.0031,15.97
6819,1966-12-01,80.33,-35.44,-0.131,-35.44,-0.0015,13.56
6849,1966-12-31,80.33,-35.44,-0.131,-35.44,-0.0015,13.56
6850,1967-01-01,86.61,-22.61,-0.068,-22.61,0.0782,55.44
6880,1967-01-31,86.61,-22.61,-0.068,-22.61,0.0782,55.44
6881,1967-02-01,86.78,-18.74,-0.049,-18.74,0.002,15.4
6908,1967-02-28,86.78,-18.74,-0.049,-18.74,0.002,15.4
6909,1967-03-01,90.2,-6.52,0.011,-6.52,0.0394,35.05
6939,1967-03-31,90.2,-6.52,0.011,-6.52,0.0394,35.05
6940,1967-04-01,94.01,-2.24,0.032,-2.24,0.0422,36.52
6969,1967-04-30,94.01,-2.24,0.032,-2.24,0.0422,36.52
6970,1967-05-01,89.08,-1.83,0.034,-1.83,-0.0524,-13.19
7000,1967-05-31,89.08,-1.83,0.034,-1.83,-0.0524,-13.19
7001,1967-06-01,90.64,5.5,0.07,5.5,0.0175,23.54
7030,1967-06-30,90.64,5.5,0.07,5.5,0.0175,23.54
7031,1967-07-01,94.75,18.33,0.133,18.33,0.0453,38.15
7061,1967-07-31,94.75,18.33,0.133,18.33,0.0453,38.15
7062,1967-08-01,93.64,35.03,0.215,35.03,-0.0117,8.2
7092,1967-08-31,93.64,35.03,0.215,35.03,-0.0117,8.2
7093,1967-09-01,96.71,44.81,0.263,44.81,0.0328,31.58
7122,1967-09-30,96.71,44.81,0.263,44.81,0.0328,31.58
7123,1967-10-01,93.9,26.07,0.171,26.07,-0.0291,-0.95
7153,1967-10-31,93.9,26.07,0.171,26.07,-0.0291,-0.95
7154,1967-11-01,94.0,25.46,0.168,25.46,0.0011,14.92
7183,1967-11-30,94.0,25.46,0.168,25.46,0.0011,14.92
7184,1967-12-01,96.47,32.18,0.201,32.18,0.0263,28.17
7214,1967-12-31,96.47,32.18,0.201,32.18,0.0263,28.17
7215,1968-01-01,92.24,4.48,0.065,4.48,-0.0438,-8.67
7245,1968-01-31,92.24,4.48,0.065,4.48,-0.0438,-8.67
7246,1968-02-01,89.36,-2.65,0.03,-2.65,-0.0312,-2.05
7274,1968-02-29,89.36,-2.65,0.03,-2.65,-0.0312,-2.05
7275,1968-03-01,90.2,-8.76,0.0,-8.76,0.0094,19.29
7305,1968-03-31,90.2,-8.76,0.0,-8.76,0.0094,19.29
7306,1968-04-01,97.59,-1.02,0.038,-1.02,0.0819,57.38
7335,1968-04-30,97.59,-1.02,0.038,-1.02,0.0819,57.38
7336,1968-05-01,98.68,13.24,0.108,13.24,0.0112,20.23
7366,1968-05-31,98.68,13.24,0.108,13.24,0.0112,20.23
7367,1968-06-01,99.58,11.41,0.099,11.41,0.0091,19.13
7396,1968-06-30,99.58,11.41,0.099,11.41,0.0091,19.13
7397,1968-07-01,97.74,-2.24,0.032,-2.24,-0.0185,4.62
7427,1968-07-31,97.74,-2.24,0.032,-2.24,-0.0185,4.62
7428,1968-08-01,98.86,2.65,0.056,2.65,0.0115,20.39
7458,1968-08-31,98.86,2.65,0.056,2.65,0.0115,20.39
7459,1968-09-01,102.67,3.87,0.062,3.87,0.0385,34.58
7488,1968-09-30,102.67,3.87,0.062,3.87,0.0385,34.58
7489,1968-10-01,103.41,11.81,0.101,11.81,0.0072,18.13
7519,1968-10-31,103.41,11.81,0.101,11.81,0.0072,18.13
7520,1968-11-01,108.37,22.4,0.153,22.4,0.048,39.57
7549,1968-11-30,108.37,22.4,0.153,22.4,0.048,39.57
7550,1968-12-01,103.86,6.92,0.077,6.92,-0.0416,-7.51
7580,1968-12-31,103.86,6.92,0.077,6.92,-0.0416,-7.51
7581,1969-01-01,103.01,15.07,0.117,15.07,-0.0082,10.04
7611,1969-01-31,103.01,15.07,0.117,15.07,-0.0082,10.04
7612,1969-02-01,98.13,11.2,0.098,11.2,-0.0474,-10.56
7639,1969-02-28,98.13,11.2,0.098,11.2,-0.0474,-10.56
7640,1969-03-01,101.51,16.7,0.125,16.7,0.0344,32.42
7670,1969-03-31,101.51,16.7,0.125,16.7,0.0344,32.42
7671,1969-04-01,103.69,4.07,0.063,4.07,0.0215,25.64
7700,1969-04-30,103.69,4.07,0.063,4.07,0.0215,25.64
7701,1969-05-01,103.46,1.02,0.048,1.02,-0.0022,13.19
7731,1969-05-31,103.46,1.02,0.048,1.02,-0.0022,13.19
7732,1969-06-01,97.71,-12.63,-0.019,-12.63,-0.0556,-14.87
7761,1969-06-30,97.71,-12.63,-0.019,-12.63,-0.0556,-14.87
7762,1969-07-01,91.83,-21.18,-0.061,-21.18,-0.0602,-17.29
7792,1969-07-31,91.83,-21.18,-0.061,-21.18,-0.0602,-17.29
7793,1969-08-01,95.51,-15.68,-0.034,-15.68,0.0401,35.42
7823,1969-08-31,95.51,-15.68,-0.034,-15.68,0.0401,35.42
7824,1969-09-01,93.12,-27.7,-0.093,-27.7,-0.025,1.21
7853,1969-09-30,93.12,-27.7,-0.093,-27.7,-0.025,1.21
7854,1969-10-01,97.24,-20.98,-0.06,-20.98,0.0442,37.57
7884,1969-10-31,97.24,-20.98,-0.06,-20.98,0.0442,37.57
7885,1969-11-01,93.81,-36.05,-0.134,-36.05,-0.0353,-4.2
7914,1969-11-30,93.81,-36.05,-0.134,-36.05,-0.0353,-4.2
7915,1969-12-01,92.06,-31.98,-0.114,-31.98,-0.0187,4.52
7945,1969-12-31,92.06,-31.98,-0.114,-31.98,-0.0187,4.52
7946,1970-01-01,85.02,-44.4,-0.175,-44.4,-0.0765,-25.85
7976,1970-01-31,85.02,-44.4,-0.175,-44.4,-0.0765,-25.85
7977,1970-02-01,89.5,-26.68,-0.088,-26.68,0.0527,42.04
8004,1970-02-28,89.5,-26.68,-0.088,-26.68,0.0527,42.04
8005,1970-03-01,89.63,-32.59,-0.117,-32.59,0.0015,15.13
8035,1970-03-31,89.63,-32.59,-0.117,-32.59,0.0015,15.13
8036,1970-04-01,81.52,-52.34,-0.214,-52.34,-0.0905,-33.21
8065,1970-04-30,81.52,-52.34,-0.214,-52.34,-0.0905,-33.21
8066,1970-05-01,76.55,-61.71,-0.26,-61.71,-0.061,-17.71
8096,1970-05-31,76.55,-61.71,-0.26,-61.71,-0.061,-17.71
8097,1970-06-01,72.72,-60.9,-0.256,-60.9,-0.05,-11.93
8126,1970-06-30,72.72,-60.9,-0.256,-60.9,-0.05,-11.93
8127,1970-07-01,78.05,-39.31,-0.15,-39.31,0.0733,52.86
8157,1970-07-31,78.05,-39.31,-0.15,-39.31,0.0733,52.86
8158,1970-08-01,81.52,-38.7,-0.147,-38.7,0.0445,37.73
8188,1970-08-31,81.52,-38.7,-0.147,-38.7,0.0445,37.73
8189,1970-09-01,84.21,-28.31,-0.096,-28.31,0.033,31.69
8218,1970-09-30,84.21,-28.31,-0.096,-28.31,0.033,31.69
8219,1970-10-01,83.25,-38.09,-0.144,-38.09,-0.0114,8.36
8249,1970-10-31,83.25,-38.09,-0.144,-38.09,-0.0114,8.36
8250,1970-11-01,87.2,-23.22,-0.071,-23.22,0.0474,39.25
8279,1970-11-30,87.2,-23.22,-0.071,-23.22,0.0474,39.25
8280,1970-12-01,92.15,-8.55,0.001,-8.55,0.0568,44.19
8310,1970-12-31,92.15,-8.55,0.001,-8.55,0.0568,44.19
8311,1971-01-01,95.88,17.31,0.128,17.31,0.0405,35.63
8341,1971-01-31,95.88,17.31,0.128,17.31,0.0405,35.63
8342,1971-02-01,96.75,7.74,0.081,7.74,0.0091,19.13
8369,1971-02-28,96.75,7.74,0.081,7.74,0.0091,19.13
8370,1971-03-01,100.31,15.48,0.119,15.48,0.0368,33.68
8400,1971-03-31,100.31,15.48,0.119,15.48,0.0368,33.68
8401,1971-04-01,103.95,47.25,0.275,47.25,0.0363,33.42
8430,1971-04-30,103.95,47.25,0.275,47.25,0.0363,33.42
8431,1971-05-01,99.63,52.75,0.302,52.75,-0.0416,-7.51
8461,1971-05-31,99.63,52.75,0.302,52.75,-0.0416,-7.51
8462,1971-06-01,99.7,66.8,0.371,66.8,0.0007,14.71
8491,1971-06-30,99.7,66.8,0.371,66.8,0.0007,14.71
8492,1971-07-01,95.58,37.07,0.225,37.07,-0.0413,-7.36
8522,1971-07-31,95.58,37.07,0.225,37.07,-0.0413,-7.36
8523,1971-08-01,99.03,35.03,0.215,35.03,0.0361,33.32
8553,1971-08-31,99.03,35.03,0.215,35.03,0.0361,33.32
8554,1971-09-01,98.34,25.46,0.168,25.46,-0.007,10.67
8583,1971-09-30,98.34,25.46,0.168,25.46,-0.007,10.67
8584,1971-10-01,94.23,18.13,0.132,18.13,-0.0418,-7.62
8614,1971-10-31,94.23,18.13,0.132,18.13,-0.0418,-7.62
8615,1971-11-01,93.99,7.13,0.078,7.13,-0.0025,13.03
8644,1971-11-30,93.99,7.13,0.078,7.13,-0.0025,13.03
8645,1971-12-01,102.09,13.24,0.108,13.24,0.0862,59.64
8675,1971-12-31,102.09,13.24,0.108,13.24,0.0862,59.64
8676,1972-01-01,103.94,8.35,0.084,8.35,0.0181,23.86
8706,1972-01-31,103.94,8.35,0.084,8.35,0.0181,23.86
8707,1972-02-01,106.57,12.02,0.102,12.02,0.0253,27.64
8735,1972-02-29,106.57,12.02,0.102,12.02,0.0253,27.64
8736,1972-03-01,107.2,5.3,0.069,5.3,0.0059,17.45
8766,1972-03-31,107.2,5.3,0.069,5.3,0.0059,17.45
8767,1972-04-01,107.67,-1.43,0.036,-1.43,0.0044,16.66
8796,1972-04-30,107.67,-1.43,0.036,-1.43,0.0044,16.66
8797,1972-05-01,109.53,11.41,0.099,11.41,0.0173,23.44
8827,1972-05-31,109.53,11.41,0.099,11.41,0.0173,23.44
8828,1972-06-01,107.14,6.52,0.075,6.52,-0.0218,2.89
8857,1972-06-30,107.14,6.52,0.075,6.52,-0.0218,2.89
8858,1972-07-01,107.39,16.5,0.124,16.5,0.0023,15.55
8888,1972-07-31,107.39,16.5,0.124,16.5,0.0023,15.55
8889,1972-08-01,111.09,16.09,0.122,16.09,0.0345,32.48
8919,1972-08-31,111.09,16.09,0.122,16.09,0.0345,32.48
8920,1972-09-01,110.55,16.5,0.124,16.5,-0.0049,11.77
8949,1972-09-30,110.55,16.5,0.124,16.5,-0.0049,11.77
8950,1972-10-01,111.58,28.72,0.184,28.72,0.0093,19.23
8980,1972-10-31,111.58,28.72,0.184,28.72,0.0093,19.23
8981,1972-11-01,116.67,40.33,0.241,40.33,0.0456,38.31
9010,1972-11-30,116.67,40.33,0.241,40.33,0.0456,38.31
9011,1972-12-01,118.05,23.01,0.156,23.01,0.0118,20.55
9041,1972-12-31,118.05,23.01,0.156,23.01,0.0118,20.55
9042,1973-01-01,116.03,14.87,0.116,14.87,-0.0171,5.36
9072,1973-01-31,116.03,14.87,0.116,14.87,-0.0171,5.36
9073,1973-02-01,111.68,1.02,0.048,1.02,-0.0375,-5.36
9100,1973-02-28,111.68,1.02,0.048,1.02,-0.0375,-5.36
9101,1973-03-01,111.52,-0.61,0.04,-0.61,-0.0014,13.61
9131,1973-03-31,111.52,-0.61,0.04,-0.61,-0.0014,13.61
9132,1973-04-01,106.97,-10.18,-0.007,-10.18,-0.0408,-7.09
9161,1973-04-30,106.97,-10.18,-0.007,-10.18,-0.0408,-7.09
9162,1973-05-01,104.95,-17.31,-0.042,-17.31,-0.0189,4.41
9192,1973-05-31,104.95,-17.31,-0.042,-17.31,-0.0189,4.41
9193,1973-06-01,104.26,-14.26,-0.027,-14.26,-0.0066,10.88
9222,1973-06-30,104.26,-14.26,-0.027,-14.26,-0.0066,10.88
9223,1973-07-01,108.22,-7.13,0.008,-7.13,0.038,34.31
9253,1973-07-31,108.22,-7.13,0.008,-7.13,0.038,34.31
9254,1973-08-01,104.25,-21.38,-0.062,-21.38,-0.0367,-4.94
9284,1973-08-31,104.25,-21.38,-0.062,-21.38,-0.0367,-4.94
9285,1973-09-01,108.43,-12.63,-0.019,-12.63,0.0401,35.42
9314,1973-09-30,108.43,-12.63,-0.019,-12.63,0.0401,35.42
9315,1973-10-01,108.29,-14.87,-0.03,-14.87,-0.0013,13.66
9345,1973-10-31,108.29,-14.87,-0.03,-14.87,-0.0013,13.66
9346,1973-11-01,95.96,-45.01,-0.178,-45.01,-0.1139,-45.51
9375,1973-11-30,95.96,-45.01,-0.178,-45.01,-0.1139,-45.51
9376,1973-12-01,97.55,-44.2,-0.174,-44.2,0.0166,23.07
9406,1973-12-31,97.55,-44.2,-0.174,-44.2,0.0166,23.07
9407,1974-01-01,96.57,-42.97,-0.168,-42.97,-0.01,9.09
9437,1974-01-31,96.57,-42.97,-0.168,-42.97,-0.01,9.09
9438,1974-02-01,96.22,-36.86,-0.138,-36.86,-0.0036,12.45
9465,1974-02-28,96.22,-36.86,-0.138,-36.86,-0.0036,12.45
9466,1974-03-01,93.98,-40.73,-0.157,-40.73,-0.0233,2.1
9496,1974-03-31,93.98,-40.73,-0.157,-40.73,-0.0233,2.1
9497,1974-04-01,90.31,-40.53,-0.156,-40.53,-0.0391,-6.2
9526,1974-04-30,90.31,-40.53,-0.156,-40.53,-0.0391,-6.2
9527,1974-05-01,87.28,-42.97,-0.168,-42.97,-0.0336,-3.31
9557,1974-05-31,87.28,-42.97,-0.168,-42.97,-0.0336,-3.31
9558,1974-06-01,86.0,-44.4,-0.175,-44.4,-0.0147,6.62
9587,1974-06-30,86.0,-44.4,-0.175,-44.4,-0.0147,6.62
9588,1974-07-01,79.31,-63.14,-0.267,-63.14,-0.0778,-26.54
9618,1974-07-31,79.31,-63.14,-0.267,-63.14,-0.0778,-26.54
9619,1974-08-01,72.15,-71.49,-0.308,-71.49,-0.0903,-33.11
9649,1974-08-31,72.15,-71.49,-0.308,-71.49,-0.0903,-33.11
9650,1974-09-01,63.54,-93.08,-0.414,-93.08,-0.1193,-48.34
9679,1974-09-30,63.54,-93.08,-0.414,-93.08,-0.1193,-48.34
9680,1974-10-01,73.9,-73.52,-0.318,-73.52,0.163,100.0
9710,1974-10-31,73.9,-73.52,-0.318,-73.52,0.163,100.0
9711,1974-11-01,69.97,-63.95,-0.271,-63.95,-0.0532,-13.61
9740,1974-11-30,69.97,-63.95,-0.271,-63.95,-0.0532,-13.61
9741,1974-12-01,68.56,-69.25,-0.297,-69.25,-0.0202,3.73
9771,1974-12-31,68.56,-69.25,-0.297,-69.25,-0.0202,3.73
9772,1975-01-01,76.98,-50.1,-0.203,-50.1,0.1228,78.88
9802,1975-01-31,76.98,-50.1,-0.203,-50.1,0.1228,78.88
9803,1975-02-01,81.59,-39.71,-0.152,-39.71,0.0599,45.82
9830,1975-02-28,81.59,-39.71,-0.152,-39.71,0.0599,45.82
9831,1975-03-01,83.36,-31.77,-0.113,-31.77,0.0217,25.75
9861,1975-03-31,83.36,-31.77,-0.113,-31.77,0.0217,25.75
9862,1975-04-01,87.3,-15.48,-0.033,-15.48,0.0473,39.2
9891,1975-04-30,87.3,-15.48,-0.033,-15.48,0.0473,39.2
9892,1975-05-01,91.15,0.2,0.044,0.2,0.0441,37.52
9922,1975-05-31,91.15,0.2,0.044,0.2,0.0441,37.52
9923,1975-06-01,95.19,13.03,0.107,13.03,0.0443,37.62
9952,1975-06-30,95.19,13.03,0.107,13.03,0.0443,37.62
9953,1975-07-01,88.75,15.48,0.119,15.48,-0.0677,-21.23
9983,1975-07-31,88.75,15.48,0.119,15.48,-0.0677,-21.23
9984,1975-08-01,86.88,32.79,0.204,32.79,-0.0211,3.26
10014,1975-08-31,86.88,32.79,0.204,32.79,-0.0211,3.26
10015,1975-09-01,83.87,56.42,0.32,56.42,-0.0346,-3.84
10044,1975-09-30,83.87,56.42,0.32,56.42,-0.0346,-3.84
10045,1975-10-01,89.04,32.99,0.205,32.99,0.0616,46.72
10075,1975-10-31,89.04,32.99,0.205,32.99,0.0616,46.72
10076,1975-11-01,91.24,53.16,0.304,53.16,0.0247,27.33
10105,1975-11-30,91.24,53.16,0.304,53.16,0.0247,27.33
10106,1975-12-01,90.19,55.6,0.316,55.6,-0.0115,8.3
10136,1975-12-31,90.19,55.6,0.316,55.6,-0.0115,8.3
10137,1976-01-01,100.86,54.38,0.31,54.38,0.1183,76.51
10167,1976-01-31,100.86,54.38,0.31,54.38,0.1183,76.51
10168,1976-02-01,99.71,36.46,0.222,36.46,-0.0114,8.36
10196,1976-02-29,99.71,36.46,0.222,36.46,-0.0114,8.36
10197,1976-03-01,102.77,38.7,0.233,38.7,0.0307,30.48
10227,1976-03-31,102.77,38.7,0.233,38.7,0.0307,30.48
10228,1976-04-01,101.64,24.64,0.164,24.64,-0.011,8.57
10257,1976-04-30,101.64,24.64,0.164,24.64,-0.011,8.57
10258,1976-05-01,100.18,11.41,0.099,11.41,-0.0144,6.78
10288,1976-05-31,100.18,11.41,0.099,11.41,-0.0144,6.78
10289,1976-06-01,104.28,10.79,0.096,10.79,0.0409,35.84
10318,1976-06-30,104.28,10.79,0.096,10.79,0.0409,35.84
10319,1976-07-01,103.44,25.05,0.166,25.05,-0.0081,10.09
10349,1976-07-31,103.44,25.05,0.166,25.05,-0.0081,10.09
10350,1976-08-01,102.91,28.92,0.185,28.92,-0.0051,11.67
10380,1976-08-31,102.91,28.92,0.185,28.92,-0.0051,11.67
10381,1976-09-01,105.24,43.18,0.255,43.18,0.0226,26.22
10410,1976-09-30,105.24,43.18,0.255,43.18,0.0226,26.22
10411,1976-10-01,102.9,23.01,0.156,23.01,-0.0222,2.68
10441,1976-10-31,102.9,23.01,0.156,23.01,-0.0222,2.68
10442,1976-11-01,102.1,15.48,0.119,15.48,-0.0078,10.25
10471,1976-11-30,102.1,15.48,0.119,15.48,-0.0078,10.25
10472,1976-12-01,107.46,30.35,0.192,30.35,0.0525,41.93
10502,1976-12-31,107.46,30.35,0.192,30.35,0.0525,41.93
10503,1977-01-01,102.03,-6.31,0.012,-6.31,-0.0505,-12.19
10533,1977-01-31,102.03,-6.31,0.012,-6.31,-0.0505,-12.19
10534,1977-02-01,99.82,-8.55,0.001,-8.55,-0.0217,2.94
10561,1977-02-28,99.82,-8.55,0.001,-8.55,-0.0217,2.94
10562,1977-03-01,98.42,-17.31,-0.042,-17.31,-0.014,6.99
10592,1977-03-31,98.42,-17.31,-0.042,-17.31,-0.014,6.99
10593,1977-04-01,98.44,-15.27,-0.032,-15.27,0.0002,14.45
10622,1977-04-30,98.44,-15.27,-0.032,-15.27,0.0002,14.45
10623,1977-05-01,96.12,-17.11,-0.041,-17.11,-0.0236,1.94
10653,1977-05-31,96.12,-17.11,-0.041,-17.11,-0.0236,1.94
10654,1977-06-01,100.48,-16.09,-0.036,-16.09,0.0454,38.2
10683,1977-06-30,100.48,-16.09,-0.036,-16.09,0.0454,38.2
10684,1977-07-01,98.85,-17.72,-0.044,-17.72,-0.0162,5.83
10714,1977-07-31,98.85,-17.72,-0.044,-17.72,-0.0162,5.83
10715,1977-08-01,96.77,-20.98,-0.06,-20.98,-0.021,3.31
10745,1977-08-31,96.77,-20.98,-0.06,-20.98,-0.021,3.31
10746,1977-09-01,96.53,-25.66,-0.083,-25.66,-0.0025,13.03
10775,1977-09-30,96.53,-25.66,-0.083,-25.66,-0.0025,13.03
10776,1977-10-01,92.34,-29.74,-0.103,-29.74,-0.0434,-8.46
10806,1977-10-31,92.34,-29.74,-0.103,-29.74,-0.0434,-8.46
10807,1977-11-01,94.83,-23.22,-0.071,-23.22,0.027,28.53
10836,1977-11-30,94.83,-23.22,-0.071,-23.22,0.027,28.53
10837,1977-12-01,95.1,-32.18,-0.115,-32.18,0.0028,15.82
10867,1977-12-31,95.1,-32.18,-0.115,-32.18,0.0028,15.82
10868,1978-01-01,89.25,-34.22,-0.125,-34.22,-0.0615,-17.97
10898,1978-01-31,89.25,-34.22,-0.125,-34.22,-0.0615,-17.97
10899,1978-02-01,87.04,-34.83,-0.128,-34.83,-0.0248,1.31
10926,1978-02-28,87.04,-34.83,-0.128,-34.83,-0.0248,1.31
10927,1978-03-01,89.21,-27.9,-0.094,-27.9,0.0249,27.43
10957,1978-03-31,89.21,-27.9,-0.094,-27.9,0.0249,27.43
10958,1978-04-01,96.83,-12.02,-0.016,-12.02,0.0854,59.22
10987,1978-04-30,96.83,-12.02,-0.016,-12.02,0.0854,59.22
10988,1978-05-01,97.24,-6.31,0.012,-6.31,0.0042,16.55
11018,1978-05-31,97.24,-6.31,0.012,-6.31,0.0042,16.55
11019,1978-06-01,95.53,-18.74,-0.049,-18.74,-0.0176,5.1
11048,1978-06-30,95.53,-18.74,-0.049,-18.74,-0.0176,5.1
11049,1978-07-01,100.68,-4.89,0.019,-4.89,0.0539,42.67
11079,1978-07-31,100.68,-4.89,0.019,-4.89,0.0539,42.67
11080,1978-08-01,103.29,4.89,0.067,4.89,0.0259,27.96
11110,1978-08-31,103.29,4.89,0.067,4.89,0.0259,27.96
11111,1978-09-01,102.54,3.87,0.062,3.87,-0.0073,10.51
11140,1978-09-30,102.54,3.87,0.062,3.87,-0.0073,10.51
11141,1978-10-01,93.15,-6.92,0.009,-6.92,-0.0916,-33.79
11171,1978-10-31,93.15,-6.92,0.009,-6.92,-0.0916,-33.79
11172,1978-11-01,94.7,-8.96,-0.001,-8.96,0.0166,23.07
11201,1978-11-30,94.7,-8.96,-0.001,-8.96,0.0166,23.07
11202,1978-12-01,96.11,-6.52,0.011,-6.52,0.0149,22.18
11232,1978-12-31,96.11,-6.52,0.011,-6.52,0.0149,22.18
11233,1979-01-01,99.93,15.68,0.12,15.68,0.0397,35.21
11263,1979-01-31,99.93,15.68,0.12,15.68,0.0397,35.21
11264,1979-02-01,96.28,12.83,0.106,12.83,-0.0365,-4.83
11291,1979-02-28,96.28,12.83,0.106,12.83,-0.0365,-4.83
11292,1979-03-01,101.59,19.55,0.139,19.55,0.0552,43.35
11322,1979-03-31,101.59,19.55,0.139,19.55,0.0552,43.35
11323,1979-04-01,101.76,1.63,0.051,1.63,0.0017,15.24
11352,1979-04-30,101.76,1.63,0.051,1.63,0.0017,15.24
11353,1979-05-01,99.08,-4.89,0.019,-4.89,-0.0263,0.53
11383,1979-05-31,99.08,-4.89,0.019,-4.89,-0.0263,0.53
11384,1979-06-01,102.91,6.92,0.077,6.92,0.0387,34.68
11413,1979-06-30,102.91,6.92,0.077,6.92,0.0387,34.68
11414,1979-07-01,103.81,-2.44,0.031,-2.44,0.0087,18.92
11444,1979-07-31,103.81,-2.44,0.031,-2.44,0.0087,18.92
11445,1979-08-01,109.32,3.05,0.058,3.05,0.0531,42.25
11475,1979-08-31,109.32,3.05,0.058,3.05,0.0531,42.25
11476,1979-09-01,109.32,4.68,0.066,4.68,0.0,14.35
11505,1979-09-30,109.32,4.68,0.066,4.68,0.0,14.35
11506,1979-10-01,101.82,10.18,0.093,10.18,-0.0686,-21.7
11536,1979-10-31,101.82,10.18,0.093,10.18,-0.0686,-21.7
11537,1979-11-01,106.16,15.89,0.121,15.89,0.0426,36.73
11566,1979-11-30,106.16,15.89,0.121,15.89,0.0426,36.73
11567,1979-12-01,107.94,16.29,0.123,16.29,0.0168,23.17
11597,1979-12-31,107.94,16.29,0.123,16.29,0.0168,23.17
11598,1980-01-01,114.16,20.16,0.142,20.16,0.0576,44.61
11628,1980-01-31,114.16,20.16,0.142,20.16,0.0576,44.61
11629,1980-02-01,113.66,28.11,0.181,28.11,-0.0044,12.03
11657,1980-02-29,113.66,28.11,0.181,28.11,-0.0044,12.03
11658,1980-03-01,102.09,-7.74,0.005,-7.74,-0.1018,-39.15
11688,1980-03-31,102.09,-7.74,0.005,-7.74,-0.1018,-39.15
11689,1980-04-01,106.29,0.41,0.045,0.41,0.0411,35.94
11718,1980-04-30,106.29,0.41,0.045,0.41,0.0411,35.94
11719,1980-05-01,111.24,16.29,0.123,16.29,0.0466,38.83
11749,1980-05-31,111.24,16.29,0.123,16.29,0.0466,38.83
11750,1980-06-01,114.24,13.65,0.11,13.65,0.027,28.53
11779,1980-06-30,114.24,13.65,0.11,13.65,0.027,28.53
11780,1980-07-01,121.67,26.27,0.172,26.27,0.065,48.5
11810,1980-07-31,121.67,26.27,0.172,26.27,0.065,48.5
11811,1980-08-01,122.38,15.68,0.12,15.68,0.0058,17.39
11841,1980-08-31,122.38,15.68,0.12,15.68,0.0058,17.39
11842,1980-09-01,125.46,21.38,0.148,21.38,0.0252,27.59
11871,1980-09-30,125.46,21.38,0.148,21.38,0.0252,27.59
11872,1980-10-01,127.47,42.57,0.252,42.57,0.016,22.75
11902,1980-10-31,127.47,42.57,0.252,42.57,0.016,22.75
11903,1980-11-01,140.52,57.23,0.324,57.23,0.1024,68.16
11932,1980-11-30,140.52,57.23,0.324,57.23,0.1024,68.16
11933,1980-12-01,135.76,43.79,0.258,43.79,-0.0339,-3.47
11963,1980-12-31,135.76,43.79,0.258,43.79,-0.0339,-3.47
11964,1981-01-01,129.55,18.74,0.135,18.74,-0.0457,-9.67
11994,1981-01-31,129.55,18.74,0.135,18.74,-0.0457,-9.67
11995,1981-02-01,131.27,22.81,0.155,22.81,0.0133,21.33
12022,1981-02-28,131.27,22.81,0.155,22.81,0.0133,21.33
12023,1981-03-01,136.0,58.86,0.332,58.86,0.036,33.26
12053,1981-03-31,136.0,58.86,0.332,58.86,0.036,33.26
12054,1981-04-01,132.81,42.16,0.25,42.16,-0.0235,2.0
12083,1981-04-30,132.81,42.16,0.25,42.16,-0.0235,2.0
12084,1981-05-01,132.59,30.35,0.192,30.35,-0.0017,13.45
12114,1981-05-31,132.59,30.35,0.192,30.35,-0.0017,13.45
12115,1981-06-01,131.21,21.59,0.149,21.59,-0.0104,8.88
12144,1981-06-30,131.21,21.59,0.149,21.59,-0.0104,8.88
12145,1981-07-01,130.92,6.72,0.076,6.72,-0.0022,13.19
12175,1981-07-31,130.92,6.72,0.076,6.72,-0.0022,13.19
12176,1981-08-01,122.79,-8.15,0.003,-8.15,-0.0621,-18.29
12206,1981-08-31,122.79,-8.15,0.003,-8.15,-0.0621,-18.29
12207,1981-09-01,116.18,-23.83,-0.074,-23.83,-0.0538,-13.93
12236,1981-09-30,116.18,-23.83,-0.074,-23.83,-0.0538,-13.93
12237,1981-10-01,121.89,-17.72,-0.044,-17.72,0.0491,40.15
12267,1981-10-31,121.89,-17.72,-0.044,-17.72,0.0491,40.15
12268,1981-11-01,126.35,-29.33,-0.101,-29.33,0.0366,33.58
12297,1981-11-30,126.35,-29.33,-0.101,-29.33,0.0366,33.58
12298,1981-12-01,122.55,-28.51,-0.097,-28.51,-0.0301,-1.47
12328,1981-12-31,122.55,-28.51,-0.097,-28.51,-0.0301,-1.47
12329,1982-01-01,120.4,-23.22,-0.071,-23.22,-0.0175,5.15
12359,1982-01-31,120.4,-23.22,-0.071,-23.22,-0.0175,5.15
12360,1982-02-01,113.11,-36.86,-0.138,-36.86,-0.0605,-17.45
12387,1982-02-28,113.11,-36.86,-0.138,-36.86,-0.0605,-17.45
12388,1982-03-01,111.96,-44.81,-0.177,-44.81,-0.0102,8.99
12418,1982-03-31,111.96,-44.81,-0.177,-44.81,-0.0102,8.99
12419,1982-04-01,116.44,-33.81,-0.123,-33.81,0.04,35.37
12448,1982-04-30,116.44,-33.81,-0.123,-33.81,0.04,35.37
12449,1982-05-01,111.88,-40.53,-0.156,-40.53,-0.0392,-6.25
12479,1982-05-31,111.88,-40.53,-0.156,-40.53,-0.0392,-6.25
12480,1982-06-01,109.61,-42.36,-0.165,-42.36,-0.0203,3.68
12509,1982-06-30,109.61,-42.36,-0.165,-42.36,-0.0203,3.68
12510,1982-07-01,107.09,-45.82,-0.182,-45.82,-0.023,2.26
12540,1982-07-31,107.09,-45.82,-0.182,-45.82,-0.023,2.26
12541,1982-08-01,119.51,-14.26,-0.027,-14.26,0.116,75.3
12571,1982-08-31,119.51,-14.26,-0.027,-14.26,0.116,75.3
12572,1982-09-01,120.42,-1.22,0.037,-1.22,0.0076,18.34
12601,1982-09-30,120.42,-1.22,0.037,-1.22,0.0076,18.34
12602,1982-10-01,133.71,11.0,0.097,11.0,0.1104,72.36
12632,1982-10-31,133.71,11.0,0.097,11.0,0.1104,72.36
12633,1982-11-01,138.54,11.0,0.097,11.0,0.0361,33.32
12662,1982-11-30,138.54,11.0,0.097,11.0,0.0361,33.32
12663,1982-12-01,140.64,21.38,0.148,21.38,0.0152,22.33
12693,1982-12-31,140.64,21.38,0.148,21.38,0.0152,22.33
12694,1983-01-01,145.3,33.4,0.207,33.4,0.0331,31.74
12724,1983-01-31,145.3,33.4,0.207,33.4,0.0331,31.74
12725,1983-02-01,148.06,54.18,0.309,54.18,0.019,24.33
12752,1983-02-28,148.06,54.18,0.309,54.18,0.019,24.33
12753,1983-03-01,152.96,65.78,0.366,65.78,0.0331,31.74
12783,1983-03-31,152.96,65.78,0.366,65.78,0.0331,31.74
12784,1983-04-01,164.42,75.15,0.412,75.15,0.0749,53.7
12813,1983-04-30,164.42,75.15,0.412,75.15,0.0749,53.7
12814,1983-05-01,162.39,83.3,0.452,83.3,-0.0123,7.88
12844,1983-05-31,162.39,83.3,0.452,83.3,-0.0123,7.88
12845,1983-06-01,168.11,100.0,0.534,100.0,0.0352,32.84
12874,1983-06-30,168.11,100.0,0.534,100.0,0.0352,32.84
12875,1983-07-01,162.56,96.74,0.518,96.74,-0.033,-3.0
12905,1983-07-31,162.56,96.74,0.518,96.74,-0.033,-3.0
12906,1983-08-01,164.4,67.82,0.376,67.82,0.0113,20.28
12936,1983-08-31,164.4,67.82,0.376,67.82,0.0113,20.28
12937,1983-09-01,166.07,68.43,0.379,68.43,0.0102,19.71
12966,1983-09-30,166.07,68.43,0.379,68.43,0.0102,19.71
12967,1983-10-01,163.55,36.66,0.223,36.66,-0.0152,6.36
12997,1983-10-31,163.55,36.66,0.223,36.66,-0.0152,6.36
12998,1983-11-01,166.4,32.18,0.201,32.18,0.0174,23.49
13027,1983-11-30,166.4,32.18,0.201,32.18,0.0174,23.49
13028,1983-12-01,164.93,26.48,0.173,26.48,-0.0088,9.72
13058,1983-12-31,164.93,26.48,0.173,26.48,-0.0088,9.72
13059,1984-01-01,163.41,16.7,0.125,16.7,-0.0092,9.51
13089,1984-01-31,163.41,16.7,0.125,16.7,-0.0092,9.51
13090,1984-02-01,157.06,3.67,0.061,3.67,-0.0389,-6.1
13118,1984-02-29,157.06,3.67,0.061,3.67,-0.0389,-6.1
13119,1984-03-01,159.18,-0.41,0.041,-0.41,0.0135,21.44
13149,1984-03-31,159.18,-0.41,0.041,-0.41,0.0135,21.44
13150,1984-04-01,160.05,-14.26,-0.027,-14.26,0.0055,17.24
13179,1984-04-30,160.05,-14.26,-0.027,-14.26,0.0055,17.24
13180,1984-05-01,150.55,-23.63,-0.073,-23.63,-0.0594,-16.87
13210,1984-05-31,150.55,-23.63,-0.073,-23.63,-0.0594,-16.87
13211,1984-06-01,153.18,-26.88,-0.089,-26.88,0.0175,23.54
13240,1984-06-30,153.18,-26.88,-0.089,-26.88,0.0175,23.54
13241,1984-07-01,150.66,-23.63,-0.073,-23.63,-0.0165,5.68
13271,1984-07-31,150.66,-23.63,-0.073,-23.63,-0.0165,5.68
13272,1984-08-01,166.68,-5.91,0.014,-5.91,0.1063,70.2
13302,1984-08-31,166.68,-5.91,0.014,-5.91,0.1063,70.2
13303,1984-09-01,166.1,-8.76,0.0,-8.76,-0.0035,12.51
13332,1984-09-30,166.1,-8.76,0.0,-8.76,-0.0035,12.51
13333,1984-10-01,166.09,-5.5,0.016,-5.5,-0.0001,14.29
13363,1984-10-31,166.09,-5.5,0.016,-5.5,-0.0001,14.29
13364,1984-11-01,163.58,-12.22,-0.017,-12.22,-0.0151,6.41
13393,1984-11-30,163.58,-12.22,-0.017,-12.22,-0.0151,6.41
13394,1984-12-01,167.24,-5.91,0.014,-5.91,0.0224,26.12
13424,1984-12-31,167.24,-5.91,0.014,-5.91,0.0224,26.12
13425,1985-01-01,179.63,11.41,0.099,11.41,0.0741,53.28
13455,1985-01-31,179.63,11.41,0.099,11.41,0.0741,53.28
13456,1985-02-01,181.18,22.61,0.154,22.61,0.0086,18.86
13483,1985-02-28,181.18,22.61,0.154,22.61,0.0086,18.86
13484,1985-03-01,180.66,18.74,0.135,18.74,-0.0029,12.82
13514,1985-03-31,180.66,18.74,0.135,18.74,-0.0029,12.82
13515,1985-04-01,179.83,16.5,0.124,16.5,-0.0046,11.93
13544,1985-04-30,179.83,16.5,0.124,16.5,-0.0046,11.93
13545,1985-05-01,189.55,43.99,0.259,43.99,0.0541,42.77
13575,1985-05-31,189.55,43.99,0.259,43.99,0.0541,42.77
13576,1985-06-01,191.85,42.57,0.252,42.57,0.0121,20.7
13605,1985-06-30,191.85,42.57,0.252,42.57,0.0121,20.7
13606,1985-07-01,190.92,45.62,0.267,45.62,-0.0048,11.82
13636,1985-07-31,190.92,45.62,0.267,45.62,-0.0048,11.82
13637,1985-08-01,188.63,18.13,0.132,18.13,-0.012,8.04
13667,1985-08-31,188.63,18.13,0.132,18.13,-0.012,8.04
13668,1985-09-01,182.08,10.79,0.096,10.79,-0.0347,-3.89
13697,1985-09-30,182.08,10.79,0.096,10.79,-0.0347,-3.89
13698,1985-10-01,189.82,20.37,0.143,20.37,0.0425,36.68
13728,1985-10-31,189.82,20.37,0.143,20.37,0.0425,36.68
13729,1985-11-01,202.17,39.31,0.236,39.31,0.0651,48.55
13758,1985-11-30,202.17,39.31,0.236,39.31,0.0651,48.55
13759,1985-12-01,211.28,44.81,0.263,44.81,0.0451,38.05
13789,1985-12-31,211.28,44.81,0.263,44.81,0.0451,38.05
13790,1986-01-01,211.78,27.7,0.179,27.7,0.0024,15.61
13820,1986-01-31,211.78,27.7,0.179,27.7,0.0024,15.61
13821,1986-02-01,226.92,42.77,0.253,42.77,0.0715,51.92
13848,1986-02-28,226.92,42.77,0.253,42.77,0.0715,51.92
13849,1986-03-01,238.9,56.82,0.322,56.82,0.0528,42.09
13879,1986-03-31,238.9,56.82,0.322,56.82,0.0528,42.09
13880,1986-04-01,235.52,54.38,0.31,54.38,-0.0141,6.94
13909,1986-04-30,235.52,54.38,0.31,54.38,-0.0141,6.94
13910,1986-05-01,247.35,53.36,0.305,53.36,0.0502,40.73
13940,1986-05-31,247.35,53.36,0.305,53.36,0.0502,40.73
13941,1986-06-01,250.84,53.97,0.308,53.97,0.0141,21.76
13970,1986-06-30,250.84,53.97,0.308,53.97,0.0141,21.76
13971,1986-07-01,236.12,39.51,0.237,39.51,-0.0587,-16.5
14001,1986-07-31,236.12,39.51,0.237,39.51,-0.0587,-16.5
14002,1986-08-01,252.93,60.69,0.341,60.69,0.0712,51.76
14032,1986-08-31,252.93,60.69,0.341,60.69,0.0712,51.76
14033,1986-09-01,231.32,46.23,0.27,46.23,-0.0854,-30.53
14062,1986-09-30,231.32,46.23,0.27,46.23,-0.0854,-30.53
14063,1986-10-01,243.98,49.29,0.285,49.29,0.0547,43.09
14093,1986-10-31,243.98,49.29,0.285,49.29,0.0547,43.09
14094,1986-11-01,249.22,38.7,0.233,38.7,0.0215,25.64
14123,1986-11-30,249.22,38.7,0.233,38.7,0.0215,25.64
14124,1986-12-01,242.17,20.98,0.146,20.98,-0.0283,-0.53
14154,1986-12-31,242.17,20.98,0.146,20.98,-0.0283,-0.53
14155,1987-01-01,274.08,51.12,0.294,51.12,0.1318,83.6
14185,1987-01-31,274.08,51.12,0.294,51.12,0.1318,83.6
14186,1987-02-01,284.2,42.57,0.252,42.57,0.0369,33.74
14213,1987-02-28,284.2,42.57,0.252,42.57,0.0369,33.74
14214,1987-03-01,291.7,36.25,0.221,36.25,0.0264,28.22
14244,1987-03-31,291.7,36.25,0.221,36.25,0.0264,28.22
14245,1987-04-01,288.36,36.86,0.224,36.86,-0.0115,8.3
14274,1987-04-30,288.36,36.86,0.224,36.86,-0.0115,8.3
14275,1987-05-01,290.1,26.48,0.173,26.48,0.006,17.5
14305,1987-05-31,290.1,26.48,0.173,26.48,0.006,17.5
14306,1987-06-01,304.0,34.42,0.212,34.42,0.0479,39.52
14335,1987-06-30,304.0,34.42,0.212,34.42,0.0479,39.52
14336,1987-07-01,318.66,62.53,0.35,62.53,0.0482,39.67
14366,1987-07-31,318.66,62.53,0.35,62.53,0.0482,39.67
14367,1987-08-01,329.8,53.16,0.304,53.16,0.035,32.74
14397,1987-08-31,329.8,53.16,0.304,53.16,0.035,32.74
14398,1987-09-01,321.83,70.88,0.391,70.88,-0.0242,1.63
14427,1987-09-30,321.83,70.88,0.391,70.88,-0.0242,1.63
14428,1987-10-01,251.79,-2.24,0.032,-2.24,-0.2176,-100.0
14458,1987-10-31,251.79,-2.24,0.032,-2.24,-0.2176,-100.0
14459,1987-11-01,230.3,-24.24,-0.076,-24.24,-0.0853,-30.48
14488,1987-11-30,230.3,-24.24,-0.076,-24.24,-0.0853,-30.48
14489,1987-12-01,247.08,-4.68,0.02,-4.68,0.0729,52.65
14519,1987-12-31,247.08,-4.68,0.02,-4.68,0.0729,52.65
14520,1988-01-01,257.07,-21.38,-0.062,-21.38,0.0404,35.58
14550,1988-01-31,257.07,-21.38,-0.062,-21.38,0.0404,35.58
14551,1988-02-01,267.82,-20.57,-0.058,-20.57,0.0418,36.31
14579,1988-02-29,267.82,-20.57,-0.058,-20.57,0.0418,36.31
14580,1988-03-01,258.89,-31.77,-0.113,-31.77,-0.0333,-3.15
14610,1988-03-31,258.89,-31.77,-0.113,-31.77,-0.0333,-3.15
14611,1988-04-01,261.33,-27.9,-0.094,-27.9,0.0094,19.29
14640,1988-04-30,261.33,-27.9,-0.094,-27.9,0.0094,19.29
14641,1988-05-01,262.16,-28.31,-0.096,-28.31,0.0032,16.03
14671,1988-05-31,262.16,-28.31,-0.096,-28.31,0.0032,16.03
14672,1988-06-01,273.5,-29.12,-0.1,-29.12,0.0433,37.1
14701,1988-06-30,273.5,-29.12,-0.1,-29.12,0.0433,37.1
14702,1988-07-01,272.02,-38.49,-0.146,-38.49,-0.0054,11.51
14732,1988-07-31,272.02,-38.49,-0.146,-38.49,-0.0054,11.51
14733,1988-08-01,261.52,-50.92,-0.207,-50.92,-0.0386,-5.94
14763,1988-08-31,261.52,-50.92,-0.207,-50.92,-0.0386,-5.94
14764,1988-09-01,271.91,-40.33,-0.155,-40.33,0.0397,35.21
14793,1988-09-30,271.91,-40.33,-0.155,-40.33,0.0397,35.21
14794,1988-10-01,278.97,13.24,0.108,13.24,0.026,28.01
14824,1988-10-31,278.97,13.24,0.108,13.24,0.026,28.01
14825,1988-11-01,273.7,29.53,0.188,29.53,-0.0189,4.41
14854,1988-11-30,273.7,29.53,0.188,29.53,-0.0189,4.41
14855,1988-12-01,277.72,16.5,0.124,16.5,0.0147,22.07
14885,1988-12-31,277.72,16.5,0.124,16.5,0.0147,22.07
14886,1989-01-01,297.47,23.22,0.157,23.22,0.0711,51.71
14916,1989-01-31,297.47,23.22,0.157,23.22,0.0711,51.71
14917,1989-02-01,288.86,7.33,0.079,7.33,-0.0289,-0.84
14944,1989-02-28,288.86,7.33,0.079,7.33,-0.0289,-0.84
14945,1989-03-01,294.87,19.55,0.139,19.55,0.0208,25.28
14975,1989-03-31,294.87,19.55,0.139,19.55,0.0208,25.28
14976,1989-04-01,309.64,28.92,0.185,28.92,0.0501,40.67
15005,1989-04-30,309.64,28.92,0.185,28.92,0.0501,40.67
15006,1989-05-01,320.52,36.66,0.223,36.66,0.0351,32.79
15036,1989-05-31,320.52,36.66,0.223,36.66,0.0351,32.79
15037,1989-06-01,317.98,24.44,0.163,24.44,-0.0079,10.19
15066,1989-06-30,317.98,24.44,0.163,24.44,-0.0079,10.19
15067,1989-07-01,346.08,46.64,0.272,46.64,0.0884,60.8
15097,1989-07-31,346.08,46.64,0.272,46.64,0.0884,60.8
15098,1989-08-01,351.45,61.3,0.344,61.3,0.0155,22.49
15128,1989-08-31,351.45,61.3,0.344,61.3,0.0155,22.49
15129,1989-09-01,349.15,49.08,0.284,49.08,-0.0065,10.93
15158,1989-09-30,349.15,49.08,0.284,49.08,-0.0065,10.93
15159,1989-10-01,340.36,36.05,0.22,36.05,-0.0252,1.1
15189,1989-10-31,340.36,36.05,0.22,36.05,-0.0252,1.1
15190,1989-11-01,345.99,45.01,0.264,45.01,0.0165,23.02
15219,1989-11-30,345.99,45.01,0.264,45.01,0.0165,23.02
15220,1989-12-01,353.4,46.84,0.273,46.84,0.0214,25.59
15250,1989-12-31,353.4,46.84,0.273,46.84,0.0214,25.59
15251,1990-01-01,329.08,12.83,0.106,12.83,-0.0688,-21.81
15281,1990-01-31,329.08,12.83,0.106,12.83,-0.0688,-21.81
15282,1990-02-01,331.89,21.59,0.149,21.59,0.0085,18.81
15309,1990-02-28,331.89,21.59,0.149,21.59,0.0085,18.81
15310,1990-03-01,339.94,22.4,0.153,22.4,0.0243,27.12
15340,1990-03-31,339.94,22.4,0.153,22.4,0.0243,27.12
15341,1990-04-01,330.8,5.09,0.068,5.09,-0.0269,0.21
15370,1990-04-30,330.8,5.09,0.068,5.09,-0.0269,0.21
15371,1990-05-01,361.23,17.11,0.127,17.11,0.092,62.69
15401,1990-05-31,361.23,17.11,0.127,17.11,0.092,62.69
15402,1990-06-01,358.02,16.9,0.126,16.9,-0.0089,9.67
15431,1990-06-30,358.02,16.9,0.126,16.9,-0.0089,9.67
15432,1990-07-01,356.15,-2.85,0.029,-2.85,-0.0052,11.61
15462,1990-07-31,356.15,-2.85,0.029,-2.85,-0.0052,11.61
15463,1990-08-01,322.56,-25.46,-0.082,-25.46,-0.0943,-35.21
15493,1990-08-31,322.56,-25.46,-0.082,-25.46,-0.0943,-35.21
15494,1990-09-01,306.05,-33.81,-0.123,-33.81,-0.0512,-12.56
15523,1990-09-30,306.05,-33.81,-0.123,-33.81,-0.0512,-12.56
15524,1990-10-01,304.0,-30.55,-0.107,-30.55,-0.0067,10.83
15554,1990-10-31,304.0,-30.55,-0.107,-30.55,-0.0067,10.83
15555,1990-11-01,322.22,-22.81,-0.069,-22.81,0.0599,45.82
15584,1990-11-30,322.22,-22.81,-0.069,-22.81,0.0599,45.82
15585,1990-12-01,330.22,-22.2,-0.066,-22.2,0.0248,27.38
15615,1990-12-31,330.22,-22.2,-0.066,-22.2,0.0248,27.38
15616,1991-01-01,343.93,0.41,0.045,0.41,0.0415,36.15
15646,1991-01-31,343.93,0.41,0.045,0.41,0.0415,36.15
15647,1991-02-01,367.07,12.83,0.106,12.83,0.0673,49.71
15674,1991-02-28,367.07,12.83,0.106,12.83,0.0673,49.71
15675,1991-03-01,375.22,12.42,0.104,12.42,0.0222,26.01
15705,1991-03-31,375.22,12.42,0.104,12.42,0.0222,26.01
15706,1991-04-01,375.35,18.74,0.135,18.74,0.0003,14.5
15735,1991-04-30,375.35,18.74,0.135,18.74,0.0003,14.5
15736,1991-05-01,389.83,7.33,0.079,7.33,0.0386,34.63
15766,1991-05-31,389.83,7.33,0.079,7.33,0.0386,34.63
15767,1991-06-01,371.16,-1.22,0.037,-1.22,-0.0479,-10.83
15796,1991-06-30,371.16,-1.22,0.037,-1.22,-0.0479,-10.83
15797,1991-07-01,387.81,9.37,0.089,9.37,0.0449,37.94
15827,1991-07-31,387.81,9.37,0.089,9.37,0.0449,37.94
15828,1991-08-01,395.43,37.27,0.226,37.27,0.0196,24.65
15858,1991-08-31,395.43,37.27,0.226,37.27,0.0196,24.65
15859,1991-09-01,387.86,45.62,0.267,45.62,-0.0191,4.31
15888,1991-09-30,387.86,45.62,0.267,45.62,-0.0191,4.31
15889,1991-10-01,392.46,50.51,0.291,50.51,0.0119,20.6
15919,1991-10-31,392.46,50.51,0.291,50.51,0.0119,20.6
15920,1991-11-01,375.22,24.85,0.165,24.85,-0.0439,-8.72
15949,1991-11-30,375.22,24.85,0.165,24.85,-0.0439,-8.72
15950,1991-12-01,417.09,44.81,0.263,44.81,0.1116,72.99
15980,1991-12-31,417.09,44.81,0.263,44.81,0.1116,72.99
15981,1992-01-01,408.79,29.74,0.189,29.74,-0.0199,3.89
16011,1992-01-31,408.79,29.74,0.189,29.74,-0.0199,3.89
16012,1992-02-01,412.7,16.5,0.124,16.5,0.0096,19.39
16040,1992-02-29,412.7,16.5,0.124,16.5,0.0096,19.39
16041,1992-03-01,403.69,6.72,0.076,6.72,-0.0218,2.89
16071,1992-03-31,403.69,6.72,0.076,6.72,-0.0218,2.89
16072,1992-04-01,414.95,12.83,0.106,12.83,0.0279,29.01
16101,1992-04-30,414.95,12.83,0.106,12.83,0.0279,29.01
16102,1992-05-01,415.35,4.68,0.066,4.68,0.001,14.87
16132,1992-05-31,415.35,4.68,0.066,4.68,0.001,14.87
16133,1992-06-01,408.14,11.61,0.1,11.61,-0.0174,5.2
16162,1992-06-30,408.14,11.61,0.1,11.61,-0.0174,5.2
16163,1992-07-01,424.21,10.39,0.094,10.39,0.0394,35.05
16193,1992-07-31,424.21,10.39,0.094,10.39,0.0394,35.05
16194,1992-08-01,414.03,0.81,0.047,0.81,-0.024,1.73
16224,1992-08-31,414.03,0.81,0.047,0.81,-0.024,1.73
16225,1992-09-01,417.8,6.92,0.077,6.92,0.0091,19.13
16254,1992-09-30,417.8,6.92,0.077,6.92,0.0091,19.13
16255,1992-10-01,418.68,4.89,0.067,4.89,0.0021,15.45
16285,1992-10-31,418.68,4.89,0.067,4.89,0.0021,15.45
16286,1992-11-01,431.35,21.79,0.15,21.79,0.0303,30.27
16315,1992-11-30,431.35,21.79,0.15,21.79,0.0303,30.27
16316,1992-12-01,435.71,0.41,0.045,0.41,0.0101,19.65
16346,1992-12-31,435.71,0.41,0.045,0.41,0.0101,19.65
16347,1993-01-01,438.78,6.11,0.073,6.11,0.007,18.02
16377,1993-01-31,438.78,6.11,0.073,6.11,0.007,18.02
16378,1993-02-01,443.38,6.31,0.074,6.31,0.0105,19.86
16405,1993-02-28,443.38,6.31,0.074,6.31,0.0105,19.86
16406,1993-03-01,451.67,15.48,0.119,15.48,0.0187,24.17
16436,1993-03-31,451.67,15.48,0.119,15.48,0.0187,24.17
16437,1993-04-01,440.19,3.67,0.061,3.67,-0.0254,1.0
16466,1993-04-30,440.19,3.67,0.061,3.67,-0.0254,1.0
16467,1993-05-01,450.19,8.35,0.084,8.35,0.0227,26.27
16497,1993-05-31,450.19,8.35,0.084,8.35,0.0227,26.27
16498,1993-06-01,450.53,12.42,0.104,12.42,0.0008,14.77
16527,1993-06-30,450.53,12.42,0.104,12.42,0.0008,14.77
16528,1993-07-01,448.13,2.65,0.056,2.65,-0.0053,11.56
16558,1993-07-31,448.13,2.65,0.056,2.65,-0.0053,11.56
16559,1993-08-01,463.56,15.68,0.12,15.68,0.0344,32.42
16589,1993-08-31,463.56,15.68,0.12,15.68,0.0344,32.42
16590,1993-09-01,458.93,11.2,0.098,11.2,-0.01,9.09
16619,1993-09-30,458.93,11.2,0.098,11.2,-0.01,9.09
16620,1993-10-01,467.83,15.07,0.117,15.07,0.0194,24.54
16650,1993-10-31,467.83,15.07,0.117,15.07,0.0194,24.54
16651,1993-11-01,461.79,5.7,0.071,5.7,-0.0129,7.57
16680,1993-11-30,461.79,5.7,0.071,5.7,-0.0129,7.57
16681,1993-12-01,466.45,5.7,0.071,5.7,0.0101,19.65
16711,1993-12-31,466.45,5.7,0.071,5.7,0.0101,19.65
16712,1994-01-01,481.61,11.2,0.098,11.2,0.0325,31.42
16742,1994-01-31,481.61,11.2,0.098,11.2,0.0325,31.42
16743,1994-02-01,467.14,2.24,0.054,2.24,-0.03,-1.42
16770,1994-02-28,467.14,2.24,0.054,2.24,-0.03,-1.42
16771,1994-03-01,445.77,-11.41,-0.013,-11.41,-0.0457,-9.67
16801,1994-03-31,445.77,-11.41,-0.013,-11.41,-0.0457,-9.67
16802,1994-04-01,450.91,-3.87,0.024,-3.87,0.0115,20.39
16831,1994-04-30,450.91,-3.87,0.024,-3.87,0.0115,20.39
16832,1994-05-01,456.5,-5.91,0.014,-5.91,0.0124,20.86
16862,1994-05-31,456.5,-5.91,0.014,-5.91,0.0124,20.86
16863,1994-06-01,444.27,-11.61,-0.014,-11.61,-0.0268,0.26
16892,1994-06-30,444.27,-11.61,-0.014,-11.61,-0.0268,0.26
16893,1994-07-01,458.26,-4.07,0.023,-4.07,0.0315,30.9
16923,1994-07-31,458.26,-4.07,0.023,-4.07,0.0315,30.9
16924,1994-08-01,475.49,-3.46,0.026,-3.46,0.0376,34.1
16954,1994-08-31,475.49,-3.46,0.026,-3.46,0.0376,34.1
16955,1994-09-01,462.69,-7.13,0.008,-7.13,-0.0269,0.21
16984,1994-09-30,462.69,-7.13,0.008,-7.13,-0.0269,0.21
16985,1994-10-01,472.35,-6.72,0.01,-6.72,0.0209,25.33
17015,1994-10-31,472.35,-6.72,0.01,-6.72,0.0209,25.33
17016,1994-11-01,453.69,-12.42,-0.018,-12.42,-0.0395,-6.41
17045,1994-11-30,453.69,-12.42,-0.018,-12.42,-0.0395,-6.41
17046,1994-12-01,459.27,-11.81,-0.015,-11.81,0.0123,20.81
17076,1994-12-31,459.27,-11.81,-0.015,-11.81,0.0123,20.81
17077,1995-01-01,470.42,-13.44,-0.023,-13.44,0.0243,27.12
17107,1995-01-31,470.42,-13.44,-0.023,-13.44,0.0243,27.12
17108,1995-02-01,487.39,0.0,0.043,0.0,0.0361,33.32
17135,1995-02-28,487.39,0.0,0.043,0.0,0.0361,33.32
17136,1995-03-01,500.71,16.29,0.123,16.29,0.0273,28.69
17166,1995-03-31,500.71,16.29,0.123,16.29,0.0273,28.69
17167,1995-04-01,514.71,20.16,0.142,20.16,0.028,29.06
17196,1995-04-30,514.71,20.16,0.142,20.16,0.028,29.06
17197,1995-05-01,533.4,25.66,0.169,25.66,0.0363,33.42
17227,1995-05-31,533.4,25.66,0.169,25.66,0.0363,33.42
17228,1995-06-01,544.75,37.27,0.226,37.27,0.0213,25.54
17257,1995-06-30,544.75,37.27,0.226,37.27,0.0213,25.54
17258,1995-07-01,562.06,37.47,0.227,37.47,0.0318,31.06
17288,1995-07-31,562.06,37.47,0.227,37.47,0.0318,31.06
17289,1995-08-01,561.88,28.31,0.182,28.31,-0.0003,14.19
17319,1995-08-31,561.88,28.31,0.182,28.31,-0.0003,14.19
17320,1995-09-01,584.41,44.81,0.263,44.81,0.0401,35.42
17349,1995-09-30,584.41,44.81,0.263,44.81,0.0401,35.42
17350,1995-10-01,581.5,38.29,0.231,38.29,-0.005,11.72
17380,1995-10-31,581.5,38.29,0.231,38.29,-0.005,11.72
17381,1995-11-01,605.37,59.27,0.334,59.27,0.041,35.89
17410,1995-11-30,605.37,59.27,0.334,59.27,0.041,35.89
17411,1995-12-01,615.93,60.69,0.341,60.69,0.0174,23.49
17441,1995-12-31,615.93,60.69,0.341,60.69,0.0174,23.49
17442,1996-01-01,636.02,62.93,0.352,62.93,0.0326,31.48
17472,1996-01-31,636.02,62.93,0.352,62.93,0.0326,31.48
17473,1996-02-01,640.43,55.19,0.314,55.19,0.0069,17.97
17501,1996-02-29,640.43,55.19,0.314,55.19,0.0069,17.97
17502,1996-03-01,645.5,50.1,0.289,50.1,0.0079,18.5
17532,1996-03-31,645.5,50.1,0.289,50.1,0.0079,18.5
17533,1996-04-01,654.17,46.44,0.271,46.44,0.0134,21.39
17562,1996-04-30,654.17,46.44,0.271,46.44,0.0134,21.39
17563,1996-05-01,669.12,42.97,0.254,42.97,0.0229,26.38
17593,1996-05-31,669.12,42.97,0.254,42.97,0.0229,26.38
17594,1996-06-01,670.63,38.29,0.231,38.29,0.0023,15.55
17623,1996-06-30,670.63,38.29,0.231,38.29,0.0023,15.55
17624,1996-07-01,639.95,19.55,0.139,19.55,-0.0457,-9.67
17654,1996-07-31,639.95,19.55,0.139,19.55,-0.0457,-9.67
17655,1996-08-01,651.99,23.83,0.16,23.83,0.0188,24.22
17685,1996-08-31,651.99,23.83,0.16,23.83,0.0188,24.22
17686,1996-09-01,687.31,27.09,0.176,27.09,0.0542,42.83
17715,1996-09-30,687.31,27.09,0.176,27.09,0.0542,42.83
17716,1996-10-01,705.27,34.62,0.213,34.62,0.0261,28.06
17746,1996-10-31,705.27,34.62,0.213,34.62,0.0261,28.06
17747,1996-11-01,757.02,42.36,0.251,42.36,0.0734,52.92
17776,1996-11-30,757.02,42.36,0.251,42.36,0.0734,52.92
17777,1996-12-01,740.74,32.59,0.203,32.59,-0.0215,3.05
17807,1996-12-31,740.74,32.59,0.203,32.59,-0.0215,3.05
17808,1997-01-01,786.16,39.31,0.236,39.31,0.0613,46.56
17838,1997-01-31,786.16,39.31,0.236,39.31,0.0613,46.56
17839,1997-02-01,790.82,39.1,0.235,39.1,0.0059,17.45
17866,1997-02-28,790.82,39.1,0.235,39.1,0.0059,17.45
17867,1997-03-01,757.12,26.48,0.173,26.48,-0.0426,-8.04
17897,1997-03-31,757.12,26.48,0.173,26.48,-0.0426,-8.04
17898,1997-04-01,801.34,37.07,0.225,37.07,0.0584,45.03
17927,1997-04-30,801.34,37.07,0.225,37.07,0.0584,45.03
17928,1997-05-01,848.28,45.82,0.268,45.82,0.0586,45.14
17958,1997-05-31,848.28,45.82,0.268,45.82,0.0586,45.14
17959,1997-06-01,885.14,56.42,0.32,56.42,0.0435,37.2
17988,1997-06-30,885.14,56.42,0.32,56.42,0.0435,37.2
17989,1997-07-01,954.29,91.24,0.491,91.24,0.0781,55.39
18019,1997-07-31,954.29,91.24,0.491,91.24,0.0781,55.39
18020,1997-08-01,899.47,68.64,0.38,68.64,-0.0574,-15.82
18050,1997-08-31,899.47,68.64,0.38,68.64,-0.0574,-15.82
18051,1997-09-01,947.28,68.23,0.378,68.23,0.0532,42.3
18080,1997-09-30,947.28,68.23,0.378,68.23,0.0532,42.3
18081,1997-10-01,914.62,51.73,0.297,51.73,-0.0345,-3.78
18111,1997-10-31,914.62,51.73,0.297,51.73,-0.0345,-3.78
18112,1997-11-01,955.4,44.6,0.262,44.6,0.0446,37.78
18141,1997-11-30,955.4,44.6,0.262,44.6,0.0446,37.78
18142,1997-12-01,970.43,54.38,0.31,54.38,0.0157,22.6
18172,1997-12-31,970.43,54.38,0.31,54.38,0.0157,22.6
18173,1998-01-01,980.28,41.55,0.247,41.55,0.0102,19.71
18203,1998-01-31,980.28,41.55,0.247,41.55,0.0102,19.71
18204,1998-02-01,1049.34,57.84,0.327,57.84,0.0704,51.34
18231,1998-02-28,1049.34,57.84,0.327,57.84,0.0704,51.34
18232,1998-03-01,1101.75,83.91,0.455,83.91,0.0499,40.57
18262,1998-03-31,1101.75,83.91,0.455,83.91,0.0499,40.57
18263,1998-04-01,1111.75,70.06,0.387,70.06,0.0091,19.13
18292,1998-04-30,1111.75,70.06,0.387,70.06,0.0091,19.13
18293,1998-05-01,1090.82,49.49,0.286,49.49,-0.0188,4.47
18323,1998-05-31,1090.82,49.49,0.286,49.49,-0.0188,4.47
18324,1998-06-01,1133.84,48.47,0.281,48.47,0.0394,35.05
18353,1998-06-30,1133.84,48.47,0.281,48.47,0.0394,35.05
18354,1998-07-01,1120.67,26.68,0.174,26.68,-0.0116,8.25
18384,1998-07-31,1120.67,26.68,0.174,26.68,-0.0116,8.25
18385,1998-08-01,957.28,4.28,0.064,4.28,-0.1458,-62.27
18415,1998-08-31,957.28,4.28,0.064,4.28,-0.1458,-62.27
18416,1998-09-01,1017.01,6.31,0.074,6.31,0.0624,47.14
18445,1998-09-30,1017.01,6.31,0.074,6.31,0.0624,47.14
18446,1998-10-01,1098.67,32.18,0.201,32.18,0.0803,56.54
18476,1998-10-31,1098.67,32.18,0.201,32.18,0.0803,56.54
18477,1998-11-01,1163.63,35.64,0.218,35.64,0.0591,45.4
18506,1998-11-30,1163.63,35.64,0.218,35.64,0.0591,45.4
18507,1998-12-01,1229.23,45.62,0.267,45.62,0.0564,43.98
18537,1998-12-31,1229.23,45.62,0.267,45.62,0.0564,43.98
18538,1999-01-01,1279.64,53.36,0.305,53.36,0.041,35.89
18568,1999-01-31,1279.64,53.36,0.305,53.36,0.041,35.89
18569,1999-02-01,1238.33,27.9,0.18,27.9,-0.0323,-2.63
18596,1999-02-28,1238.33,27.9,0.18,27.9,-0.0323,-2.63
18597,1999-03-01,1286.37,25.46,0.168,25.46,0.0388,34.73
18627,1999-03-31,1286.37,25.46,0.168,25.46,0.0388,34.73
18628,1999-04-01,1335.18,32.18,0.201,32.18,0.0379,34.26
18657,1999-04-30,1335.18,32.18,0.201,32.18,0.0379,34.26
18658,1999-05-01,1301.84,30.75,0.194,30.75,-0.025,1.21
18688,1999-05-31,1301.84,30.75,0.194,30.75,-0.025,1.21
18689,1999-06-01,1372.71,34.22,0.211,34.22,0.0544,42.93
18718,1999-06-30,1372.71,34.22,0.211,34.22,0.0544,42.93
18719,1999-07-01,1328.72,29.12,0.186,29.12,-0.032,-2.47
18749,1999-07-31,1328.72,29.12,0.186,29.12,-0.032,-2.47
18750,1999-08-01,1320.41,68.43,0.379,68.43,-0.0063,11.04
18780,1999-08-31,1320.41,68.43,0.379,68.43,-0.0063,11.04
18781,1999-09-01,1282.71,44.4,0.261,44.4,-0.0286,-0.68
18810,1999-09-30,1282.71,44.4,0.261,44.4,-0.0286,-0.68
18811,1999-10-01,1362.93,40.33,0.241,40.33,0.0625,47.19
18841,1999-10-31,1362.93,40.33,0.241,40.33,0.0625,47.19
18842,1999-11-01,1388.91,30.75,0.194,30.75,0.0191,24.38
18871,1999-11-30,1388.91,30.75,0.194,30.75,0.0191,24.38
18872,1999-12-01,1469.25,30.96,0.195,30.96,0.0578,44.72
18902,1999-12-31,1469.25,30.96,0.195,30.96,0.0578,44.72
18903,2000-01-01,1394.46,9.57,0.09,9.57,-0.0509,-12.4
18933,2000-01-31,1394.46,9.57,0.09,9.57,-0.0509,-12.4
18934,2000-02-01,1366.42,12.22,0.103,12.22,-0.0201,3.78
18962,2000-02-29,1366.42,12.22,0.103,12.22,-0.0201,3.78
18963,2000-03-01,1498.58,24.85,0.165,24.85,0.0967,65.16
18993,2000-03-31,1498.58,24.85,0.165,24.85,0.0967,65.16
18994,2000-04-01,1452.43,9.16,0.088,9.16,-0.0308,-1.84
19023,2000-04-30,1452.43,9.16,0.088,9.16,-0.0308,-1.84
19024,2000-05-01,1420.6,9.78,0.091,9.78,-0.0219,2.84
19054,2000-05-31,1420.6,9.78,0.091,9.78,-0.0219,2.84
19055,2000-06-01,1454.6,3.46,0.06,3.46,0.0239,26.9
19084,2000-06-30,1454.6,3.46,0.06,3.46,0.0239,26.9
19085,2000-07-01,1430.83,6.92,0.077,6.92,-0.0163,5.78
19115,2000-07-31,1430.83,6.92,0.077,6.92,-0.0163,5.78
19116,2000-08-01,1517.68,21.59,0.149,21.59,0.0607,46.24
19146,2000-08-31,1517.68,21.59,0.149,21.59,0.0607,46.24
19147,2000-09-01,1436.51,15.68,0.12,15.68,-0.0535,-13.77
19176,2000-09-30,1436.51,15.68,0.12,15.68,-0.0535,-13.77
19177,2000-10-01,1429.4,1.22,0.049,1.22,-0.0049,11.77
19207,2000-10-31,1429.4,1.22,0.049,1.22,-0.0049,11.77
19208,2000-11-01,1314.95,-19.55,-0.053,-19.55,-0.0801,-27.75
19237,2000-11-30,1314.95,-19.55,-0.053,-19.55,-0.0801,-27.75
19238,2000-12-01,1320.28,-29.33,-0.101,-29.33,0.0041,16.5
19268,2000-12-31,1320.28,-29.33,-0.101,-29.33,0.0041,16.5
19269,2001-01-01,1366.01,-12.83,-0.02,-12.83,0.0346,32.53
19299,2001-01-31,1366.01,-12.83,-0.02,-12.83,0.0346,32.53
19300,2001-02-01,1239.94,-27.7,-0.093,-27.7,-0.0923,-34.16
19327,2001-02-28,1239.94,-27.7,-0.093,-27.7,-0.0923,-34.16
19328,2001-03-01,1160.33,-54.79,-0.226,-54.79,-0.0642,-19.39
19358,2001-03-31,1160.33,-54.79,-0.226,-54.79,-0.0642,-19.39
19359,2001-04-01,1249.46,-37.27,-0.14,-37.27,0.0768,54.7
19388,2001-04-30,1249.46,-37.27,-0.14,-37.27,0.0768,54.7
19389,2001-05-01,1255.82,-32.38,-0.116,-32.38,0.0051,17.03
19419,2001-05-31,1255.82,-32.38,-0.116,-32.38,0.0051,17.03
19420,2001-06-01,1224.42,-40.94,-0.158,-40.94,-0.025,1.21
19449,2001-06-30,1224.42,-40.94,-0.158,-40.94,-0.025,1.21
19450,2001-07-01,1211.23,-40.12,-0.154,-40.12,-0.0108,8.67
19480,2001-07-31,1211.23,-40.12,-0.154,-40.12,-0.0108,8.67
19481,2001-08-01,1133.58,-60.29,-0.253,-60.29,-0.0641,-19.34
19511,2001-08-31,1133.58,-60.29,-0.253,-60.29,-0.0641,-19.34
19512,2001-09-01,1040.94,-64.77,-0.275,-64.77,-0.0817,-28.59
19541,2001-09-30,1040.94,-64.77,-0.275,-64.77,-0.0817,-28.59
19542,2001-10-01,1059.78,-61.51,-0.259,-61.51,0.0181,23.86
19572,2001-10-31,1059.78,-61.51,-0.259,-61.51,0.0181,23.86
19573,2001-11-01,1139.45,-36.05,-0.134,-36.05,0.0752,53.86
19602,2001-11-30,1139.45,-36.05,-0.134,-36.05,0.0752,53.86
19603,2001-12-01,1148.08,-35.23,-0.13,-35.23,0.0076,18.34
19633,2001-12-31,1148.08,-35.23,-0.13,-35.23,0.0076,18.34
19634,2002-01-01,1130.2,-43.99,-0.173,-43.99,-0.0156,6.15
19664,2002-01-31,1130.2,-43.99,-0.173,-43.99,-0.0156,6.15
19665,2002-02-01,1106.73,-30.55,-0.107,-30.55,-0.0208,3.42
19692,2002-02-28,1106.73,-30.55,-0.107,-30.55,-0.0208,3.42
19693,2002-03-01,1147.39,-11.0,-0.011,-11.0,0.0367,33.63
19723,2002-03-31,1147.39,-11.0,-0.011,-11.0,0.0367,33.63
19724,2002-04-01,1076.92,-36.86,-0.138,-36.86,-0.0614,-17.92
19753,2002-04-30,1076.92,-36.86,-0.138,-36.86,-0.0614,-17.92
19754,2002-05-01,1067.14,-39.31,-0.15,-39.31,-0.0091,9.56
19784,2002-05-31,1067.14,-39.31,-0.15,-39.31,-0.0091,9.56
19785,2002-06-01,989.81,-47.86,-0.192,-47.86,-0.0725,-23.75
19814,2002-06-30,989.81,-47.86,-0.192,-47.86,-0.0725,-23.75
19815,2002-07-01,911.62,-59.06,-0.247,-59.06,-0.079,-27.17
19845,2002-07-31,911.62,-59.06,-0.247,-59.06,-0.079,-27.17
19846,2002-08-01,916.07,-47.86,-0.192,-47.86,0.0049,16.92
19876,2002-08-31,916.07,-47.86,-0.192,-47.86,0.0049,16.92
19877,2002-09-01,815.28,-52.95,-0.217,-52.95,-0.11,-43.46
19906,2002-09-30,815.28,-52.95,-0.217,-52.95,-0.11,-43.46
19907,2002-10-01,885.76,-42.16,-0.164,-42.16,0.0864,59.75
19937,2002-10-31,885.76,-42.16,-0.164,-42.16,0.0864,59.75
19938,2002-11-01,936.31,-45.01,-0.178,-45.01,0.0571,44.35
19967,2002-11-30,936.31,-45.01,-0.178,-45.01,0.0571,44.35
19968,2002-12-01,879.82,-56.42,-0.234,-56.42,-0.0603,-17.34
19998,2002-12-31,879.82,-56.42,-0.234,-56.42,-0.0603,-17.34
19999,2003-01-01,855.7,-58.25,-0.243,-58.25,-0.0274,-0.05
20029,2003-01-31,855.7,-58.25,-0.243,-58.25,-0.0274,-0.05
20030,2003-02-01,841.15,-57.64,-0.24,-57.64,-0.017,5.41
20057,2003-02-28,841.15,-57.64,-0.24,-57.64,-0.017,5.41
20058,2003-03-01,848.18,-61.91,-0.261,-61.91,0.0084,18.76
20088,2003-03-31,848.18,-61.91,-0.261,-61.91,0.0084,18.76
20089,2003-04-01,916.92,-39.1,-0.149,-39.1,0.081,56.91
20118,2003-04-30,916.92,-39.1,-0.149,-39.1,0.081,56.91
20119,2003-05-01,963.59,-28.51,-0.097,-28.51,0.0509,41.09
20149,2003-05-31,963.59,-28.51,-0.097,-28.51,0.0509,41.09
20150,2003-06-01,974.5,-12.02,-0.016,-12.02,0.0113,20.28
20179,2003-06-30,974.5,-12.02,-0.016,-12.02,0.0113,20.28
20180,2003-07-01,990.31,8.76,0.086,8.76,0.0162,22.86
20210,2003-07-31,990.31,8.76,0.086,8.76,0.0162,22.86
20211,2003-08-01,1008.01,11.61,0.1,11.61,0.0179,23.75
20241,2003-08-31,1008.01,11.61,0.1,11.61,0.0179,23.75
20242,2003-09-01,995.97,36.46,0.222,36.46,-0.0119,8.09
20271,2003-09-30,995.97,36.46,0.222,36.46,-0.0119,8.09
20272,2003-10-01,1050.71,29.12,0.186,29.12,0.055,43.25
20302,2003-10-31,1050.71,29.12,0.186,29.12,0.055,43.25
20303,2003-11-01,1058.2,17.72,0.13,17.72,0.0071,18.08
20332,2003-11-30,1058.2,17.72,0.13,17.72,0.0071,18.08
20333,2003-12-01,1111.92,45.01,0.264,45.01,0.0508,41.04
20363,2003-12-31,1111.92,45.01,0.264,45.01,0.0508,41.04
20364,2004-01-01,1131.13,56.82,0.322,56.82,0.0173,23.44
20394,2004-01-31,1131.13,56.82,0.322,56.82,0.0173,23.44
20395,2004-02-01,1144.94,64.77,0.361,64.77,0.0122,20.76
20423,2004-02-29,1144.94,64.77,0.361,64.77,0.0122,20.76
20424,2004-03-01,1126.21,58.04,0.328,58.04,-0.0164,5.73
20454,2004-03-31,1126.21,58.04,0.328,58.04,-0.0164,5.73
20455,2004-04-01,1107.3,33.6,0.208,33.6,-0.0168,5.52
20484,2004-04-30,1107.3,33.6,0.208,33.6,-0.0168,5.52
20485,2004-05-01,1120.68,24.44,0.163,24.44,0.0121,20.7
20515,2004-05-31,1120.68,24.44,0.163,24.44,0.0121,20.7
20516,2004-06-01,1140.84,26.07,0.171,26.07,0.018,23.8
20545,2004-06-30,1140.84,26.07,0.171,26.07,0.018,23.8
20546,2004-07-01,1101.72,14.26,0.113,14.26,-0.0343,-3.68
20576,2004-07-31,1101.72,14.26,0.113,14.26,-0.0343,-3.68
20577,2004-08-01,1104.24,10.79,0.096,10.79,0.0023,15.55
20607,2004-08-31,1104.24,10.79,0.096,10.79,0.0023,15.55
20608,2004-09-01,1114.58,15.48,0.119,15.48,0.0094,19.29
20637,2004-09-30,1114.58,15.48,0.119,15.48,0.0094,19.29
20638,2004-10-01,1130.2,6.72,0.076,6.72,0.014,21.7
20668,2004-10-31,1130.2,6.72,0.076,6.72,0.014,21.7
20669,2004-11-01,1173.82,13.44,0.109,13.44,0.0386,34.63
20698,2004-11-30,1173.82,13.44,0.109,13.44,0.0386,34.63
20699,2004-12-01,1211.92,9.57,0.09,9.57,0.0325,31.42
20729,2004-12-31,1211.92,9.57,0.09,9.57,0.0325,31.42
20730,2005-01-01,1181.27,0.2,0.044,0.2,-0.0253,1.05
20760,2005-01-31,1181.27,0.2,0.044,0.2,-0.0253,1.05
20761,2005-02-01,1203.6,1.63,0.051,1.63,0.0189,24.28
20788,2005-02-28,1203.6,1.63,0.051,1.63,0.0189,24.28
20789,2005-03-01,1180.59,1.02,0.048,1.02,-0.0191,4.31
20819,2005-03-31,1180.59,1.02,0.048,1.02,-0.0191,4.31
20820,2005-04-01,1156.85,0.41,0.045,0.41,-0.0201,3.78
20849,2005-04-30,1156.85,0.41,0.045,0.41,-0.0201,3.78
20850,2005-05-01,1191.5,4.07,0.063,4.07,0.03,30.11
20880,2005-05-31,1191.5,4.07,0.063,4.07,0.03,30.11
20881,2005-06-01,1191.33,0.2,0.044,0.2,-0.0001,14.29
20910,2005-06-30,1191.33,0.2,0.044,0.2,-0.0001,14.29
20911,2005-07-01,1234.18,15.68,0.12,15.68,0.036,33.26
20941,2005-07-31,1234.18,15.68,0.12,15.68,0.036,33.26
20942,2005-08-01,1220.33,12.63,0.105,12.63,-0.0112,8.46
20972,2005-08-31,1220.33,12.63,0.105,12.63,-0.0112,8.46
20973,2005-09-01,1228.81,12.22,0.103,12.22,0.0069,17.97
21002,2005-09-30,1228.81,12.22,0.103,12.22,0.0069,17.97
21003,2005-10-01,1207.01,5.09,0.068,5.09,-0.0177,5.04
21033,2005-10-31,1207.01,5.09,0.068,5.09,-0.0177,5.04
21034,2005-11-01,1249.48,4.48,0.065,4.48,0.0352,32.84
21063,2005-11-30,1249.48,4.48,0.065,4.48,0.0352,32.84
21064,2005-12-01,1248.29,-2.65,0.03,-2.65,-0.001,13.82
21094,2005-12-31,1248.29,-2.65,0.03,-2.65,-0.001,13.82
21095,2006-01-01,1280.08,8.35,0.084,8.35,0.0255,27.75
21125,2006-01-31,1280.08,8.35,0.084,8.35,0.0255,27.75
21126,2006-02-01,1280.66,4.28,0.064,4.28,0.0005,14.61
21153,2006-02-28,1280.66,4.28,0.064,4.28,0.0005,14.61
21154,2006-03-01,1294.83,11.0,0.097,11.0,0.0111,20.18
21184,2006-03-31,1294.83,11.0,0.097,11.0,0.0111,20.18
21185,2006-04-01,1310.61,18.33,0.133,18.33,0.0122,20.76
21214,2006-04-30,1310.61,18.33,0.133,18.33,0.0122,20.76
21215,2006-05-01,1270.09,4.68,0.066,4.68,-0.0309,-1.89
21245,2006-05-31,1270.09,4.68,0.066,4.68,-0.0309,-1.89
21246,2006-06-01,1270.2,4.68,0.066,4.68,0.0001,14.4
21275,2006-06-30,1270.2,4.68,0.066,4.68,0.0001,14.4
21276,2006-07-01,1276.66,-1.83,0.034,-1.83,0.0051,17.03
21306,2006-07-31,1276.66,-1.83,0.034,-1.83,0.0051,17.03
21307,2006-08-01,1303.82,5.09,0.068,5.09,0.0213,25.54
21337,2006-08-31,1303.82,5.09,0.068,5.09,0.0213,25.54
21338,2006-09-01,1335.85,8.96,0.087,8.96,0.0246,27.27
21367,2006-09-30,1335.85,8.96,0.087,8.96,0.0246,27.27
21368,2006-10-01,1377.94,20.16,0.142,20.16,0.0315,30.9
21398,2006-10-31,1377.94,20.16,0.142,20.16,0.0315,30.9
21399,2006-11-01,1400.63,15.89,0.121,15.89,0.0165,23.02
21428,2006-11-30,1400.63,15.89,0.121,15.89,0.0165,23.02
21429,2006-12-01,1418.3,18.94,0.136,18.94,0.0126,20.97
21459,2006-12-31,1418.3,18.94,0.136,18.94,0.0126,20.97
21460,2007-01-01,1438.24,16.5,0.124,16.5,0.0141,21.76
21490,2007-01-31,1438.24,16.5,0.124,16.5,0.0141,21.76
21491,2007-02-01,1406.82,11.41,0.099,11.41,-0.0218,2.89
21518,2007-02-28,1406.82,11.41,0.099,11.41,-0.0218,2.89
21519,2007-03-01,1420.86,11.0,0.097,11.0,0.01,19.6
21549,2007-03-31,1420.86,11.0,0.097,11.0,0.01,19.6
21550,2007-04-01,1482.37,17.92,0.131,17.92,0.0433,37.1
21579,2007-04-30,1482.37,17.92,0.131,17.92,0.0433,37.1
21580,2007-05-01,1530.62,32.99,0.205,32.99,0.0325,31.42
21610,2007-05-31,1530.62,32.99,0.205,32.99,0.0325,31.42
21611,2007-06-01,1503.35,28.72,0.184,28.72,-0.0178,4.99
21640,2007-06-30,1503.35,28.72,0.184,28.72,-0.0178,4.99
21641,2007-07-01,1455.27,19.76,0.14,19.76,-0.032,-2.47
21671,2007-07-31,1455.27,19.76,0.14,19.76,-0.032,-2.47
21672,2007-08-01,1473.99,17.92,0.131,17.92,0.0129,21.12
21702,2007-08-31,1473.99,17.92,0.131,17.92,0.0129,21.12
21703,2007-09-01,1526.75,20.37,0.143,20.37,0.0358,33.16
21732,2007-09-30,1526.75,20.37,0.143,20.37,0.0358,33.16
21733,2007-10-01,1549.38,16.5,0.124,16.5,0.0148,22.12
21763,2007-10-31,1549.38,16.5,0.124,16.5,0.0148,22.12
21764,2007-11-01,1481.14,3.05,0.058,3.05,-0.044,-8.78
21793,2007-11-30,1481.14,3.05,0.058,3.05,-0.044,-8.78
21794,2007-12-01,1468.36,-1.63,0.035,-1.63,-0.0086,9.83
21824,2007-12-31,1468.36,-1.63,0.035,-1.63,-0.0086,9.83
21825,2008-01-01,1378.55,-17.31,-0.042,-17.31,-0.0612,-17.81
21855,2008-01-31,1378.55,-17.31,-0.042,-17.31,-0.0612,-17.81
21856,2008-02-01,1330.63,-19.76,-0.054,-19.76,-0.0348,-3.94
21884,2008-02-29,1330.63,-19.76,-0.054,-19.76,-0.0348,-3.94
21885,2008-03-01,1322.7,-22.81,-0.069,-22.81,-0.006,11.19
21915,2008-03-31,1322.7,-22.81,-0.069,-22.81,-0.006,11.19
21916,2008-04-01,1385.59,-22.0,-0.065,-22.0,0.0475,39.31
21945,2008-04-30,1385.59,-22.0,-0.065,-22.0,0.0475,39.31
21946,2008-05-01,1400.38,-26.07,-0.085,-26.07,0.0107,19.97
21976,2008-05-31,1400.38,-26.07,-0.085,-26.07,0.0107,19.97
21977,2008-06-01,1280.0,-39.1,-0.149,-39.1,-0.086,-30.85
22006,2008-06-30,1280.0,-39.1,-0.149,-39.1,-0.086,-30.85
22007,2008-07-01,1267.38,-35.03,-0.129,-35.03,-0.0099,9.14
22037,2008-07-31,1267.38,-35.03,-0.129,-35.03,-0.0099,9.14
22038,2008-08-01,1282.83,-35.23,-0.13,-35.23,0.0122,20.76
22068,2008-08-31,1282.83,-35.23,-0.13,-35.23,0.0122,20.76
22069,2008-09-01,1166.36,-56.82,-0.236,-56.82,-0.0908,-33.37
22098,2008-09-30,1166.36,-56.82,-0.236,-56.82,-0.0908,-33.37
22099,2008-10-01,968.75,-85.13,-0.375,-85.13,-0.1694,-74.67
22129,2008-10-31,968.75,-85.13,-0.375,-85.13,-0.1694,-74.67
22130,2008-11-01,896.24,-89.21,-0.395,-89.21,-0.0748,-24.96
22159,2008-11-30,896.24,-89.21,-0.395,-89.21,-0.0748,-24.96
22160,2008-12-01,903.25,-87.17,-0.385,-87.17,0.0078,18.44
22190,2008-12-31,903.25,-87.17,-0.385,-87.17,0.0078,18.44
22191,2009-01-01,825.88,-90.43,-0.401,-90.43,-0.0857,-30.69
22221,2009-01-31,825.88,-90.43,-0.401,-90.43,-0.0857,-30.69
22222,2009-02-01,735.09,-100.0,-0.448,-100.0,-0.1099,-43.41
22249,2009-02-28,735.09,-100.0,-0.448,-100.0,-0.1099,-43.41
22250,2009-03-01,797.87,-89.61,-0.397,-89.61,0.0854,59.22
22280,2009-03-31,797.87,-89.61,-0.397,-89.61,0.0854,59.22
22281,2009-04-01,872.81,-84.11,-0.37,-84.11,0.0939,63.69
22310,2009-04-30,872.81,-84.11,-0.37,-84.11,0.0939,63.69
22311,2009-05-01,919.14,-78.82,-0.344,-78.82,0.0531,42.25
22341,2009-05-31,919.14,-78.82,-0.344,-78.82,0.0531,42.25
22342,2009-06-01,919.32,-66.19,-0.282,-66.19,0.0002,14.45
22371,2009-06-30,919.32,-66.19,-0.282,-66.19,0.0002,14.45
22372,2009-07-01,987.48,-53.77,-0.221,-53.77,0.0741,53.28
22402,2009-07-31,987.48,-53.77,-0.221,-53.77,0.0741,53.28
22403,2009-08-01,1020.62,-50.31,-0.204,-50.31,0.0336,32.0
22433,2009-08-31,1020.62,-50.31,-0.204,-50.31,0.0336,32.0
22434,2009-09-01,1057.08,-27.9,-0.094,-27.9,0.0357,33.11
22463,2009-09-30,1057.08,-27.9,-0.094,-27.9,0.0357,33.11
22464,2009-10-01,1036.19,5.5,0.07,5.5,-0.0198,3.94
22494,2009-10-31,1036.19,5.5,0.07,5.5,-0.0198,3.94
22495,2009-11-01,1095.63,36.66,0.223,36.66,0.0574,44.51
22524,2009-11-30,1095.63,36.66,0.223,36.66,0.0574,44.51
22525,2009-12-01,1115.1,39.1,0.235,39.1,0.0178,23.7
22555,2009-12-31,1115.1,39.1,0.235,39.1,0.0178,23.7
22556,2010-01-01,1073.87,52.34,0.3,52.34,-0.037,-5.1
22586,2010-01-31,1073.87,52.34,0.3,52.34,-0.037,-5.1
22587,2010-02-01,1104.49,93.69,0.503,93.69,0.0285,29.32
22614,2010-02-28,1104.49,93.69,0.503,93.69,0.0285,29.32
22615,2010-03-01,1169.43,86.15,0.466,86.15,0.0588,45.24
22645,2010-03-31,1169.43,86.15,0.466,86.15,0.0588,45.24
22646,2010-04-01,1186.69,64.56,0.36,64.56,0.0148,22.12
22675,2010-04-30,1186.69,64.56,0.36,64.56,0.0148,22.12
22676,2010-05-01,1089.41,28.92,0.185,28.92,-0.082,-28.74
22706,2010-05-31,1089.41,28.92,0.185,28.92,-0.082,-28.74
22707,2010-06-01,1030.71,15.89,0.121,15.89,-0.0539,-13.98
22736,2010-06-30,1030.71,15.89,0.121,15.89,-0.0539,-13.98
22737,2010-07-01,1101.6,14.87,0.116,14.87,0.0688,50.5
22767,2010-07-31,1101.6,14.87,0.116,14.87,0.0688,50.5
22768,2010-08-01,1049.33,-3.05,0.028,-3.05,-0.0474,-10.56
22798,2010-08-31,1049.33,-3.05,0.028,-3.05,-0.0474,-10.56
22799,2010-09-01,1141.2,7.54,0.08,7.54,0.0876,60.38
22828,2010-09-30,1141.2,7.54,0.08,7.54,0.0876,60.38
22829,2010-10-01,1183.26,20.16,0.142,20.16,0.0369,33.74
22859,2010-10-31,1183.26,20.16,0.142,20.16,0.0369,33.74
22860,2010-11-01,1180.55,7.13,0.078,7.13,-0.0023,13.14
22889,2010-11-30,1180.55,7.13,0.078,7.13,-0.0023,13.14
22890,2010-12-01,1257.64,17.31,0.128,17.31,0.0653,48.66
22920,2010-12-31,1257.64,17.31,0.128,17.31,0.0653,48.66
22921,2011-01-01,1286.12,31.57,0.198,31.57,0.0226,26.22
22951,2011-01-31,1286.12,31.57,0.198,31.57,0.0226,26.22
22952,2011-02-01,1327.22,32.38,0.202,32.38,0.032,31.16
22979,2011-02-28,1327.22,32.38,0.202,32.38,0.032,31.16
22980,2011-03-01,1325.83,18.53,0.134,18.53,-0.001,13.82
23010,2011-03-31,1325.83,18.53,0.134,18.53,-0.001,13.82
23011,2011-04-01,1363.61,21.59,0.149,21.59,0.0285,29.32
23040,2011-04-30,1363.61,21.59,0.149,21.59,0.0285,29.32
23041,2011-05-01,1345.2,39.1,0.235,39.1,-0.0135,7.25
23071,2011-05-31,1345.2,39.1,0.235,39.1,-0.0135,7.25
23072,2011-06-01,1320.64,48.47,0.281,48.47,-0.0183,4.73
23101,2011-06-30,1320.64,48.47,0.281,48.47,-0.0183,4.73
23102,2011-07-01,1292.28,26.48,0.173,26.48,-0.0215,3.05
23132,2011-07-31,1292.28,26.48,0.173,26.48,-0.0215,3.05
23133,2011-08-01,1218.89,24.24,0.162,24.24,-0.0568,-15.5
23163,2011-08-31,1218.89,24.24,0.162,24.24,-0.0568,-15.5
23164,2011-09-01,1131.42,-10.59,-0.009,-10.59,-0.0718,-23.38
23193,2011-09-30,1131.42,-10.59,-0.009,-10.59,-0.0718,-23.38
23194,2011-10-01,1253.3,3.26,0.059,3.26,0.1077,70.94
23224,2011-10-31,1253.3,3.26,0.059,3.26,0.1077,70.94
23225,2011-11-01,1246.96,2.65,0.056,2.65,-0.0051,11.67
23254,2011-11-30,1246.96,2.65,0.056,2.65,-0.0051,11.67
23255,2011-12-01,1257.6,-8.76,0.0,-8.76,0.0085,18.81
23285,2011-12-31,1257.6,-8.76,0.0,-8.76,0.0085,18.81
23286,2012-01-01,1312.41,-4.68,0.02,-4.68,0.0436,37.26
23316,2012-01-31,1312.41,-4.68,0.02,-4.68,0.0436,37.26
23317,2012-02-01,1365.68,-2.85,0.029,-2.85,0.0406,35.68
23345,2012-02-29,1365.68,-2.85,0.029,-2.85,0.0406,35.68
23346,2012-03-01,1408.47,3.87,0.062,3.87,0.0313,30.79
23376,2012-03-31,1408.47,3.87,0.062,3.87,0.0313,30.79
23377,2012-04-01,1397.91,-3.67,0.025,-3.67,-0.0075,10.4
23406,2012-04-30,1397.91,-3.67,0.025,-3.67,-0.0075,10.4
23407,2012-05-01,1310.33,-14.05,-0.026,-14.05,-0.0627,-18.6
23437,2012-05-31,1310.33,-14.05,-0.026,-14.05,-0.0627,-18.6
23438,2012-06-01,1362.16,-2.44,0.031,-2.44,0.0396,35.16
23467,2012-06-30,1362.16,-2.44,0.031,-2.44,0.0396,35.16
23468,2012-07-01,1379.32,4.89,0.067,4.89,0.0126,20.97
23498,2012-07-31,1379.32,4.89,0.067,4.89,0.0126,20.97
23499,2012-08-01,1406.58,22.61,0.154,22.61,0.0198,24.75
23529,2012-08-31,1406.58,22.61,0.154,22.61,0.0198,24.75
23530,2012-09-01,1440.67,46.84,0.273,46.84,0.0242,27.06
23559,2012-09-30,1440.67,46.84,0.273,46.84,0.0242,27.06
23560,2012-10-01,1412.16,17.11,0.127,17.11,-0.0198,3.94
23590,2012-10-31,1412.16,17.11,0.127,17.11,-0.0198,3.94
23591,2012-11-01,1416.18,18.94,0.136,18.94,0.0028,15.82
23620,2012-11-30,1416.18,18.94,0.136,18.94,0.0028,15.82
23621,2012-12-01,1426.19,18.53,0.134,18.53,0.0071,18.08
23651,2012-12-31,1426.19,18.53,0.134,18.53,0.0071,18.08
23652,2013-01-01,1498.11,20.16,0.142,20.16,0.0504,40.83
23682,2013-01-31,1498.11,20.16,0.142,20.16,0.0504,40.83
23683,2013-02-01,1514.68,13.44,0.109,13.44,0.0111,20.18
23710,2013-02-28,1514.68,13.44,0.109,13.44,0.0111,20.18
23711,2013-03-01,1569.19,14.46,0.114,14.46,0.036,33.26
23741,2013-03-31,1569.19,14.46,0.114,14.46,0.036,33.26
23742,2013-04-01,1597.57,20.37,0.143,20.37,0.0181,23.86
23771,2013-04-30,1597.57,20.37,0.143,20.37,0.0181,23.86
23772,2013-05-01,1630.74,41.14,0.245,41.14,0.0208,25.28
23802,2013-05-31,1630.74,41.14,0.245,41.14,0.0208,25.28
23803,2013-06-01,1606.28,27.7,0.179,27.7,-0.015,6.46
23832,2013-06-30,1606.28,27.7,0.179,27.7,-0.015,6.46
23833,2013-07-01,1685.73,36.46,0.222,36.46,0.0495,40.36
23863,2013-07-31,1685.73,36.46,0.222,36.46,0.0495,40.36
23864,2013-08-01,1632.97,24.03,0.161,24.03,-0.0313,-2.1
23894,2013-08-31,1632.97,24.03,0.161,24.03,-0.0313,-2.1
23895,2013-09-01,1681.55,25.25,0.167,25.25,0.0297,29.95
23924,2013-09-30,1681.55,25.25,0.167,25.25,0.0297,29.95
23925,2013-10-01,1756.54,40.94,0.244,40.94,0.0446,37.78
23955,2013-10-31,1756.54,40.94,0.244,40.94,0.0446,37.78
23956,2013-11-01,1805.81,47.25,0.275,47.25,0.028,29.06
23985,2013-11-30,1805.81,47.25,0.275,47.25,0.028,29.06
23986,2013-12-01,1848.36,51.53,0.296,51.53,0.0236,26.75
24016,2013-12-31,1848.36,51.53,0.296,51.53,0.0236,26.75
24017,2014-01-01,1782.59,29.94,0.19,29.94,-0.0356,-4.36
24047,2014-01-31,1782.59,29.94,0.19,29.94,-0.0356,-4.36
24048,2014-02-01,1859.45,37.68,0.228,37.68,0.0431,36.99
24075,2014-02-28,1859.45,37.68,0.228,37.68,0.0431,36.99
24076,2014-03-01,1872.34,30.55,0.193,30.55,0.0069,17.97
24106,2014-03-31,1872.34,30.55,0.193,30.55,0.0069,17.97
24107,2014-04-01,1883.95,27.7,0.179,27.7,0.0062,17.6
24136,2014-04-30,1883.95,27.7,0.179,27.7,0.0062,17.6
24137,2014-05-01,1923.57,27.9,0.18,27.9,0.021,25.38
24167,2014-05-31,1923.57,27.9,0.18,27.9,0.021,25.38
24168,2014-06-01,1960.23,36.05,0.22,36.05,0.0191,24.38
24197,2014-06-30,1960.23,36.05,0.22,36.05,0.0191,24.38
24198,2014-07-01,1930.67,20.77,0.145,20.77,-0.0151,6.41
24228,2014-07-31,1930.67,20.77,0.145,20.77,-0.0151,6.41
24229,2014-08-01,2003.37,37.47,0.227,37.47,0.0377,34.16
24259,2014-08-31,2003.37,37.47,0.227,37.47,0.0377,34.16
24260,2014-09-01,1972.29,26.48,0.173,26.48,-0.0155,6.2
24289,2014-09-30,1972.29,26.48,0.173,26.48,-0.0155,6.2
24290,2014-10-01,2018.05,21.59,0.149,21.59,0.0232,26.54
24320,2014-10-31,2018.05,21.59,0.149,21.59,0.0232,26.54
24321,2014-11-01,2067.56,20.77,0.145,20.77,0.0245,27.22
24350,2014-11-30,2067.56,20.77,0.145,20.77,0.0245,27.22
24351,2014-12-01,2058.9,14.46,0.114,14.46,-0.0042,12.14
24381,2014-12-31,2058.9,14.46,0.114,14.46,-0.0042,12.14
24382,2015-01-01,1994.99,15.48,0.119,15.48,-0.031,-1.94
24412,2015-01-31,1994.99,15.48,0.119,15.48,-0.031,-1.94
24413,2015-02-01,2104.5,18.13,0.132,18.13,0.0549,43.19
24440,2015-02-28,2104.5,18.13,0.132,18.13,0.0549,43.19
24441,2015-03-01,2067.89,12.42,0.104,12.42,-0.0174,5.2
24471,2015-03-31,2067.89,12.42,0.104,12.42,-0.0174,5.2
24472,2015-04-01,2085.51,13.03,0.107,13.03,0.0085,18.81
24501,2015-04-30,2085.51,13.03,0.107,13.03,0.0085,18.81
24502,2015-05-01,2107.39,10.79,0.096,10.79,0.0105,19.86
24532,2015-05-31,2107.39,10.79,0.096,10.79,0.0105,19.86
24533,2015-06-01,2063.11,2.04,0.053,2.04,-0.021,3.31
24562,2015-06-30,2063.11,2.04,0.053,2.04,-0.021,3.31
24563,2015-07-01,2103.84,9.57,0.09,9.57,0.0197,24.7
24593,2015-07-31,2103.84,9.57,0.09,9.57,0.0197,24.7
24594,2015-08-01,1972.18,-12.02,-0.016,-12.02,-0.0626,-18.55
24624,2015-08-31,1972.18,-12.02,-0.016,-12.02,-0.0626,-18.55
24625,2015-09-01,1920.03,-14.26,-0.027,-14.26,-0.0264,0.47
24654,2015-09-30,1920.03,-14.26,-0.027,-14.26,-0.0264,0.47
24655,2015-10-01,2079.36,-2.65,0.03,-2.65,0.083,57.96
24685,2015-10-31,2079.36,-2.65,0.03,-2.65,0.083,57.96
24686,2015-11-01,2080.41,-7.54,0.006,-7.54,0.0005,14.61
24715,2015-11-30,2080.41,-7.54,0.006,-7.54,0.0005,14.61
24716,2015-12-01,2043.94,-10.18,-0.007,-10.18,-0.0175,5.15
24746,2015-12-31,2043.94,-10.18,-0.007,-10.18,-0.0175,5.15
24747,2016-01-01,1940.24,-14.26,-0.027,-14.26,-0.0507,-12.3
24777,2016-01-31,1940.24,-14.26,-0.027,-14.26,-0.0507,-12.3
24778,2016-02-01,1932.23,-25.46,-0.082,-25.46,-0.0041,12.19
24806,2016-02-29,1932.23,-25.46,-0.082,-25.46,-0.0041,12.19
24807,2016-03-01,2059.74,-9.57,-0.004,-9.57,0.066,49.03
24837,2016-03-31,2059.74,-9.57,-0.004,-9.57,0.066,49.03
24838,2016-04-01,2065.3,-10.79,-0.01,-10.79,0.0027,15.76
24867,2016-04-30,2065.3,-10.79,-0.01,-10.79,0.0027,15.76
24868,2016-05-01,2096.96,-9.78,-0.005,-9.78,0.0153,22.39
24898,2016-05-31,2096.96,-9.78,-0.005,-9.78,0.0153,22.39
24899,2016-06-01,2098.86,-5.3,0.017,-5.3,0.0009,14.82
24928,2016-06-30,2098.86,-5.3,0.017,-5.3,0.0009,14.82
24929,2016-07-01,2173.6,-2.04,0.033,-2.04,0.0356,33.05
24959,2016-07-31,2173.6,-2.04,0.033,-2.04,0.0356,33.05
24960,2016-08-01,2170.95,11.81,0.101,11.81,-0.0012,13.72
24990,2016-08-31,2170.95,11.81,0.101,11.81,-0.0012,13.72
24991,2016-09-01,2168.27,17.52,0.129,17.52,-0.0012,13.72
25020,2016-09-30,2168.27,17.52,0.129,17.52,-0.0012,13.72
25021,2016-10-01,2126.15,-4.07,0.023,-4.07,-0.0194,4.15
25051,2016-10-31,2126.15,-4.07,0.023,-4.07,-0.0194,4.15
25052,2016-11-01,2198.81,2.85,0.057,2.85,0.0342,32.32
25081,2016-11-30,2198.81,2.85,0.057,2.85,0.0342,32.32
25082,2016-12-01,2238.83,10.59,0.095,10.59,0.0182,23.91
25112,2016-12-31,2238.83,10.59,0.095,10.59,0.0182,23.91
25113,2017-01-01,2278.87,26.88,0.175,26.88,0.0179,23.75
25143,2017-01-31,2278.87,26.88,0.175,26.88,0.0179,23.75
25144,2017-02-01,2363.64,36.66,0.223,36.66,0.0372,33.89
25171,2017-02-28,2363.64,36.66,0.223,36.66,0.0372,33.89
25172,2017-03-01,2362.72,21.18,0.147,21.18,-0.0004,14.14
25202,2017-03-31,2362.72,21.18,0.147,21.18,-0.0004,14.14
25203,2017-04-01,2384.2,22.61,0.154,22.61,0.0091,19.13
25232,2017-04-30,2384.2,22.61,0.154,22.61,0.0091,19.13
25233,2017-05-01,2411.8,21.79,0.15,21.79,0.0116,20.44
25263,2017-05-31,2411.8,21.79,0.15,21.79,0.0116,20.44
25264,2017-06-01,2423.41,22.81,0.155,22.81,0.0048,16.87
25293,2017-06-30,2423.41,22.81,0.155,22.81,0.0048,16.87
25294,2017-07-01,2470.3,19.14,0.137,19.14,0.0193,24.49
25324,2017-07-31,2470.3,19.14,0.137,19.14,0.0193,24.49
25325,2017-08-01,2471.65,19.55,0.139,19.55,0.0005,14.61
25355,2017-08-31,2471.65,19.55,0.139,19.55,0.0005,14.61
25356,2017-09-01,2519.36,24.24,0.162,24.24,0.0193,24.49
25385,2017-09-30,2519.36,24.24,0.162,24.24,0.0193,24.49
25386,2017-10-01,2575.26,34.22,0.211,34.22,0.0222,26.01
25416,2017-10-31,2575.26,34.22,0.211,34.22,0.0222,26.01
25417,2017-11-01,2647.58,32.79,0.204,32.79,0.0281,29.11
25446,2017-11-30,2647.58,32.79,0.204,32.79,0.0281,29.11
25447,2017-12-01,2673.61,30.75,0.194,30.75,0.0098,19.5
25477,2017-12-31,2673.61,30.75,0.194,30.75,0.0098,19.5
25478,2018-01-01,2823.81,39.92,0.239,39.92,0.0562,43.88
25508,2018-01-31,2823.81,39.92,0.239,39.92,0.0562,43.88
25509,2018-02-01,2713.83,21.38,0.148,21.38,-0.0389,-6.1
25536,2018-02-28,2713.83,21.38,0.148,21.38,-0.0389,-6.1
25537,2018-03-01,2640.87,15.27,0.118,15.27,-0.0269,0.21
25567,2018-03-31,2640.87,15.27,0.118,15.27,-0.0269,0.21
25568,2018-04-01,2648.05,13.85,0.111,13.85,0.0027,15.76
25597,2018-04-30,2648.05,13.85,0.111,13.85,0.0027,15.76
25598,2018-05-01,2705.27,16.09,0.122,16.09,0.0216,25.7
25628,2018-05-31,2705.27,16.09,0.122,16.09,0.0216,25.7
25629,2018-06-01,2718.37,16.09,0.122,16.09,0.0048,16.87
25658,2018-06-30,2718.37,16.09,0.122,16.09,0.0048,16.87
25659,2018-07-01,2816.29,19.76,0.14,19.76,0.036,33.26
25689,2018-07-31,2816.29,19.76,0.14,19.76,0.036,33.26
25690,2018-08-01,2901.52,26.68,0.174,26.68,0.0303,30.27
25720,2018-08-31,2901.52,26.68,0.174,26.68,0.0303,30.27
25721,2018-09-01,2913.98,23.22,0.157,23.22,0.0043,16.61
25750,2018-09-30,2913.98,23.22,0.157,23.22,0.0043,16.61
25751,2018-10-01,2711.74,2.04,0.053,2.04,-0.0694,-22.12
25781,2018-10-31,2711.74,2.04,0.053,2.04,-0.0694,-22.12
25782,2018-11-01,2760.17,0.0,0.043,0.0,0.0179,23.75
25811,2018-11-30,2760.17,0.0,0.043,0.0,0.0179,23.75
25812,2018-12-01,2506.85,-21.38,-0.062,-21.38,-0.0918,-33.89
25842,2018-12-31,2506.85,-21.38,-0.062,-21.38,-0.0918,-33.89
25843,2019-01-01,2704.1,-17.31,-0.042,-17.31,0.0787,55.7
25873,2019-01-31,2704.1,-17.31,-0.042,-17.31,0.0787,55.7
25874,2019-02-01,2784.49,-3.46,0.026,-3.46,0.0297,29.95
25901,2019-02-28,2784.49,-3.46,0.026,-3.46,0.0297,29.95
25902,2019-03-01,2834.4,6.11,0.073,6.11,0.0179,23.75
25932,2019-03-31,2834.4,6.11,0.073,6.11,0.0179,23.75
25933,2019-04-01,2945.83,14.26,0.113,14.26,0.0393,35.0
25962,2019-04-30,2945.83,14.26,0.113,14.26,0.0393,35.0
25963,2019-05-01,2752.06,-5.3,0.017,-5.3,-0.0658,-20.23
25963,2019-05-01,2941.76,7.94,0.082,7.94,0.0689,50.55
25993,2019-05-31,2941.76,7.94,0.082,7.94,0.0689,50.55
26023,2019-06-30,2941.76,7.94,0.082,7.94,0.0689,50.55
26024,2019-07-01,2980.38,3.05,0.058,3.05,0.0131,21.23
26054,2019-07-31,2980.38,3.05,0.058,3.05,0.0131,21.23
26055,2019-08-01,2926.46,-6.92,0.009,-6.92,-0.0181,4.83
26085,2019-08-31,2926.46,-6.92,0.009,-6.92,-0.0181,4.83
26086,2019-09-01,2976.74,-4.28,0.022,-4.28,0.0172,23.38
26115,2019-09-30,2976.74,-4.28,0.022,-4.28,0.0172,23.38
26116,2019-10-01,3037.56,15.68,0.12,15.68,0.0204,25.07
26146,2019-10-31,3037.56,15.68,0.12,15.68,0.0204,25.07
26147,2019-11-01,3140.98,19.35,0.138,19.35,0.034,32.21
26176,2019-11-30,3140.98,19.35,0.138,19.35,0.034,32.21
26177,2019-12-01,3230.78,50.1,0.289,50.1,0.0286,29.37
26207,2019-12-31,3230.78,50.1,0.289,50.1,0.0286,29.37
26208,2020-01-01,3225.52,30.55,0.193,30.55,-0.0016,13.5
26238,2020-01-31,3225.52,30.55,0.193,30.55,-0.0016,13.5
26239,2020-02-01,2954.22,3.67,0.061,3.67,-0.0841,-29.85
26267,2020-02-29,2954.22,3.67,0.061,3.67,-0.0841,-29.85
26298,2020-03-31,2954.22,3.67,0.061,3.67,-0.0841,-29.85