Day,Date,S&P 500 y/y,Normalized,Predicted
0,1948-03-31,0.0,-8.76,
30,1948-04-30,0.0,-8.76,
61,1948-05-31,0.0,-8.76,
91,1948-06-30,0.0,-8.76,
122,1948-07-31,0.0,-8.76,
153,1948-08-31,0.0,-8.76,
183,1948-09-30,0.0,-8.76,
214,1948-10-31,0.0,-8.76,
244,1948-11-30,0.0,-8.76,
275,1948-12-31,0.0,-8.76,
306,1949-01-31,0.0,-8.76,
334,1949-02-28,0.0,-8.76,
365,1949-03-31,0.0,-8.76,
395,1949-04-30,0.0,-8.76,
426,1949-05-31,0.0,-8.76,
456,1949-06-30,0.0,-8.76,
487,1949-07-31,0.0,-8.76,
518,1949-08-31,0.0,-8.76,
548,1949-09-30,0.0,-8.76,
579,1949-10-31,0.0,-8.76,
609,1949-11-30,0.0,-8.76,
640,1949-12-31,0.0,-8.76,
671,1950-01-31,0.0,-8.76,
699,1950-02-28,0.0,-8.76,
730,1950-03-31,0.0,-8.76,
760,1950-04-30,0.0,-8.76,
791,1950-05-31,0.0,-8.76,
821,1950-06-30,0.0,-8.76,
852,1950-07-31,0.0,-8.76,
883,1950-08-31,0.0,-8.76,
913,1950-09-30,0.0,-8.76,
944,1950-10-31,0.0,-8.76,
974,1950-11-30,0.0,-8.76,
1005,1950-12-31,0.0,-8.76,
1036,1951-01-31,0.0,-8.76,
1064,1951-02-28,0.0,-8.76,
1095,1951-03-31,0.0,-8.76,
1125,1951-04-30,0.0,-8.76,
1156,1951-05-31,0.0,-8.76,
1186,1951-06-30,0.0,-8.76,
1217,1951-07-31,0.0,-8.76,
1248,1951-08-31,0.0,-8.76,
1278,1951-09-30,0.0,-8.76,
1309,1951-10-31,0.0,-8.76,
1339,1951-11-30,0.0,-8.76,
1370,1951-12-31,0.0,-8.76,
1401,1952-01-31,0.0,-8.76,
1430,1952-02-29,0.0,-8.76,
1461,1952-03-31,0.0,-8.76,
1491,1952-04-30,0.0,-8.76,
1522,1952-05-31,0.0,-8.76,
1552,1952-06-30,0.0,-8.76,
1583,1952-07-31,0.0,-8.76,
1614,1952-08-31,0.0,-8.76,
1644,1952-09-30,0.0,-8.76,
1675,1952-10-31,0.0,-8.76,
1705,1952-11-30,0.0,-8.76,
1736,1952-12-31,0.0,-8.76,
1767,1953-01-31,0.0,-8.76,
1795,1953-02-28,0.0,-8.76,
1826,1953-03-31,0.0,-8.76,
1856,1953-04-30,0.0,-8.76,
1887,1953-05-31,0.0,-8.76,
1917,1953-06-30,0.0,-8.76,
1948,1953-07-31,0.0,-8.76,
1979,1953-08-31,0.0,-8.76,
2009,1953-09-30,0.0,-8.76,
2040,1953-10-31,0.0,-8.76,
2070,1953-11-30,0.0,-8.76,
2101,1953-12-31,0.0,-8.76,
2132,1954-01-31,0.0,-8.76,
2160,1954-02-28,0.0,-8.76,
2191,1954-03-31,0.0,-8.76,
2221,1954-04-30,0.0,-8.76,
2252,1954-05-31,0.0,-8.76,
2282,1954-06-30,0.0,-8.76,
2313,1954-07-31,0.0,-8.76,
2344,1954-08-31,0.0,-8.76,
2374,1954-09-30,0.0,-8.76,
2405,1954-10-31,0.0,-8.76,
2435,1954-11-30,0.0,-8.76,
2466,1954-12-31,0.0,-8.76,
2497,1955-01-31,0.0,-8.76,
2525,1955-02-28,0.0,-8.76,
2556,1955-03-31,0.0,-8.76,
2586,1955-04-30,0.0,-8.76,
2617,1955-05-31,0.0,-8.76,
2647,1955-06-30,0.0,-8.76,
2678,1955-07-31,0.0,-8.76,
2709,1955-08-31,0.0,-8.76,
2739,1955-09-30,0.0,-8.76,
2770,1955-10-31,0.0,-8.76,
2800,1955-11-30,0.0,-8.76,
2831,1955-12-31,0.0,-8.76,
2862,1956-01-31,0.0,-8.76,
2891,1956-02-29,0.0,-8.76,
2922,1956-03-31,0.0,-8.76,
2952,1956-04-30,0.0,-8.76,
2983,1956-05-31,0.0,-8.76,
3013,1956-06-30,0.0,-8.76,
3044,1956-07-31,0.0,-8.76,
3075,1956-08-31,0.0,-8.76,
3105,1956-09-30,0.0,-8.76,
3136,1956-10-31,0.0,-8.76,
3166,1956-11-30,0.0,-8.76,
3197,1956-12-31,0.0,-8.76,
3198,1957-01-01,0.0,-8.76,
3228,1957-01-31,0.0,-8.76,
3229,1957-02-01,0.0,-8.76,
3256,1957-02-28,0.0,-8.76,
3257,1957-03-01,0.0,-8.76,
3287,1957-03-31,0.0,-8.76,
3288,1957-04-01,0.0,-8.76,
3317,1957-04-30,0.0,-8.76,
3318,1957-05-01,0.0,-8.76,
3348,1957-05-31,0.0,-8.76,
3349,1957-06-01,0.0,-8.76,
3378,1957-06-30,0.0,-8.76,
3379,1957-07-01,0.0,-8.76,
3409,1957-07-31,0.0,-8.76,
3410,1957-08-01,0.0,-8.76,
3440,1957-08-31,0.0,-8.76,
3441,1957-09-01,0.0,-8.76,
3470,1957-09-30,0.0,-8.76,
3471,1957-10-01,0.0,-8.76,
3501,1957-10-31,0.0,-8.76,
3502,1957-11-01,0.0,-8.76,
3531,1957-11-30,0.0,-8.76,
3532,1957-12-01,0.0,-8.76,
3562,1957-12-31,0.0,-8.76,
3563,1958-01-01,-0.068,-22.61,
3593,1958-01-31,-0.068,-22.61,
3594,1958-02-01,-0.056,-20.16,
3621,1958-02-28,-0.056,-20.16,
3622,1958-03-01,-0.046,-18.13,
3652,1958-03-31,-0.046,-18.13,
3653,1958-04-01,-0.05,-18.94,
3682,1958-04-30,-0.05,-18.94,
3683,1958-05-01,-0.07,-23.01,
3713,1958-05-31,-0.07,-23.01,
3714,1958-06-01,-0.045,-17.92,
3743,1958-06-30,-0.045,-17.92,
3744,1958-07-01,-0.015,-11.81,
3774,1958-07-31,-0.015,-11.81,
3775,1958-08-01,0.056,2.65,
3805,1958-08-31,0.056,2.65,
3806,1958-09-01,0.18,27.9,
3835,1958-09-30,0.18,27.9,
3836,1958-10-01,0.25,42.16,
3866,1958-10-31,0.25,42.16,
3867,1958-11-01,0.258,43.79,
3896,1958-11-30,0.258,43.79,
3897,1958-12-01,0.381,68.84,
3927,1958-12-31,0.381,68.84,
3928,1959-01-01,0.329,58.25,
3958,1959-01-31,0.329,58.25,
3959,1959-02-01,0.357,63.95,
3986,1959-02-28,0.357,63.95,
3987,1959-03-01,0.317,55.8,
4017,1959-03-31,0.317,55.8,
4018,1959-04-01,0.326,57.64,
4047,1959-04-30,0.326,57.64,
4048,1959-05-01,0.331,58.66,
4078,1959-05-31,0.331,58.66,
4079,1959-06-01,0.292,50.71,
4108,1959-06-30,0.292,50.71,
4109,1959-07-01,0.282,48.68,
4139,1959-07-31,0.282,48.68,
4140,1959-08-01,0.248,41.75,
4170,1959-08-31,0.248,41.75,
4171,1959-09-01,0.136,18.94,
4200,1959-09-30,0.136,18.94,
4201,1959-10-01,0.121,15.89,
4231,1959-10-31,0.121,15.89,
4232,1959-11-01,0.111,13.85,
4261,1959-11-30,0.111,13.85,
4262,1959-12-01,0.085,8.55,
4292,1959-12-31,0.085,8.55,
4293,1960-01-01,0.003,-8.15,
4323,1960-01-31,0.003,-8.15,
4324,1960-02-01,0.013,-6.11,
4352,1960-02-29,0.013,-6.11,
4353,1960-03-01,-0.002,-9.16,
4383,1960-03-31,-0.002,-9.16,
4384,1960-04-01,-0.056,-20.16,
4413,1960-04-30,-0.056,-20.16,
4414,1960-05-01,-0.049,-18.74,
4444,1960-05-31,-0.049,-18.74,
4445,1960-06-01,-0.027,-14.26,
4474,1960-06-30,-0.027,-14.26,
4475,1960-07-01,-0.083,-25.66,
4505,1960-07-31,-0.083,-25.66,
4506,1960-08-01,-0.044,-17.72,
4536,1960-08-31,-0.044,-17.72,
4537,1960-09-01,-0.059,-20.77,
4566,1960-09-30,-0.059,-20.77,
4567,1960-10-01,-0.072,-23.42,
4597,1960-10-31,-0.072,-23.42,
4598,1960-11-01,-0.047,-18.33,
4627,1960-11-30,-0.047,-18.33,
4628,1960-12-01,-0.03,-14.87,
4658,1960-12-31,-0.03,-14.87,
4659,1961-01-01,0.111,13.85,
4689,1961-01-31,0.111,13.85,
4690,1961-02-01,0.13,17.72,
4717,1961-02-28,0.13,17.72,
4718,1961-03-01,0.176,27.09,
4748,1961-03-31,0.176,27.09,
4749,1961-04-01,0.201,32.18,
4778,1961-04-30,0.201,32.18,
4779,1961-05-01,0.192,30.35,
4809,1961-05-31,0.192,30.35,
4810,1961-06-01,0.136,18.94,
4839,1961-06-30,0.136,18.94,
4840,1961-07-01,0.203,32.59,
4870,1961-07-31,0.203,32.59,
4871,1961-08-01,0.195,30.96,
4901,1961-08-31,0.195,30.96,
4902,1961-09-01,0.247,41.55,
4931,1961-09-30,0.247,41.55,
4932,1961-10-01,0.285,49.29,
4962,1961-10-31,0.285,49.29,
4963,1961-11-01,0.284,49.08,
4992,1961-11-30,0.284,49.08,
4993,1961-12-01,0.231,38.29,
5023,1961-12-31,0.231,38.29,
5024,1962-01-01,0.114,14.46,
5054,1962-01-31,0.114,14.46,
5055,1962-02-01,0.103,12.22,
5082,1962-02-28,0.103,12.22,
5083,1962-03-01,0.069,5.3,
5113,1962-03-31,0.069,5.3,
5114,1962-04-01,-0.001,-8.96,
5143,1962-04-30,-0.001,-8.96,
5144,1962-05-01,-0.104,-29.94,
5174,1962-05-31,-0.104,-29.94,
5175,1962-06-01,-0.153,-39.92,
5204,1962-06-30,-0.153,-39.92,
5205,1962-07-01,-0.128,-34.83,
5235,1962-07-31,-0.128,-34.83,
5236,1962-08-01,-0.132,-35.64,
5266,1962-08-31,-0.132,-35.64,
5267,1962-09-01,-0.157,-40.73,
5296,1962-09-30,-0.157,-40.73,
5297,1962-10-01,-0.176,-44.6,
5327,1962-10-31,-0.176,-44.6,
5328,1962-11-01,-0.127,-34.62,
5357,1962-11-30,-0.127,-34.62,
5358,1962-12-01,-0.118,-32.79,
5388,1962-12-31,-0.118,-32.79,
5389,1963-01-01,-0.038,-16.5,
5419,1963-01-31,-0.038,-16.5,
5420,1963-02-01,-0.081,-25.25,
5447,1963-02-28,-0.081,-25.25,
5448,1963-03-01,-0.043,-17.52,
5478,1963-03-31,-0.043,-17.52,
5479,1963-04-01,0.07,5.5,
5508,1963-04-30,0.07,5.5,
5509,1963-05-01,0.187,29.33,
5539,1963-05-31,0.187,29.33,
5540,1963-06-01,0.267,45.62,
5569,1963-06-30,0.267,45.62,
5570,1963-07-01,0.187,29.33,
5600,1963-07-31,0.187,29.33,
5601,1963-08-01,0.226,37.27,
5631,1963-08-31,0.226,37.27,
5632,1963-09-01,0.274,47.05,
5661,1963-09-30,0.274,47.05,
5662,1963-10-01,0.309,54.18,
5692,1963-10-31,0.309,54.18,
5693,1963-11-01,0.176,27.09,
5722,1963-11-30,0.176,27.09,
5723,1963-12-01,0.189,29.74,
5753,1963-12-31,0.189,29.74,
5754,1964-01-01,0.164,24.64,
5784,1964-01-31,0.164,24.64,
5785,1964-02-01,0.21,34.01,
5813,1964-02-29,0.21,34.01,
5814,1964-03-01,0.186,29.12,
5844,1964-03-31,0.186,29.12,
5845,1964-04-01,0.138,19.35,
5874,1964-04-30,0.138,19.35,
5875,1964-05-01,0.135,18.74,
5905,1964-05-31,0.135,18.74,
5906,1964-06-01,0.178,27.49,
5935,1964-06-30,0.178,27.49,
5936,1964-07-01,0.203,32.59,
5966,1964-07-31,0.203,32.59,
5967,1964-08-01,0.129,17.52,
5997,1964-08-31,0.129,17.52,
5998,1964-09-01,0.174,26.68,
6027,1964-09-30,0.174,26.68,
6028,1964-10-01,0.147,21.18,
6058,1964-10-31,0.147,21.18,
6059,1964-11-01,0.153,22.4,
6088,1964-11-30,0.153,22.4,
6089,1964-12-01,0.13,17.72,
6119,1964-12-31,0.13,17.72,
6120,1965-01-01,0.137,19.14,
6150,1965-01-31,0.137,19.14,
6151,1965-02-01,0.124,16.5,
6178,1965-02-28,0.124,16.5,
6179,1965-03-01,0.091,9.78,
6209,1965-03-31,0.091,9.78,
6210,1965-04-01,0.121,15.89,
6239,1965-04-30,0.121,15.89,
6240,1965-05-01,0.1,11.61,
6270,1965-05-31,0.1,11.61,
6271,1965-06-01,0.03,-2.65,
6300,1965-06-30,0.03,-2.65,
6301,1965-07-01,0.025,-3.67,
6331,1965-07-31,0.025,-3.67,
6332,1965-08-01,0.065,4.48,
6362,1965-08-31,0.065,4.48,
6363,1965-09-01,0.069,5.3,
6392,1965-09-30,0.069,5.3,
6393,1965-10-01,0.089,9.37,
6423,1965-10-31,0.089,9.37,
6424,1965-11-01,0.085,8.55,
6453,1965-11-30,0.085,8.55,
6454,1965-12-01,0.091,9.78,
6484,1965-12-31,0.091,9.78,
6485,1966-01-01,0.061,3.67,
6515,1966-01-31,0.061,3.67,
6516,1966-02-01,0.043,0.0,
6543,1966-02-28,0.043,0.0,
6544,1966-03-01,0.036,-1.43,
6574,1966-03-31,0.036,-1.43,
6575,1966-04-01,0.022,-4.28,
6604,1966-04-30,0.022,-4.28,
6605,1966-05-01,-0.026,-14.05,
6635,1966-05-31,-0.026,-14.05,
6636,1966-06-01,0.007,-7.33,
6665,1966-06-30,0.007,-7.33,
6666,1966-07-01,-0.019,-12.63,
6696,1966-07-31,-0.019,-12.63,
6697,1966-08-01,-0.116,-32.38,
6727,1966-08-31,-0.116,-32.38,
6728,1966-09-01,-0.149,-39.1,
6757,1966-09-30,-0.149,-39.1,
6758,1966-10-01,-0.132,-35.64,
6788,1966-10-31,-0.132,-35.64,
6789,1966-11-01,-0.122,-33.6,
6818,1966-11-30,-0.122,-33.6,
6819,1966-12-01,-0.131,-35.44,
6849,1966-12-31,-0.131,-35.44,
6850,1967-01-01,-0.068,-22.61,
6880,1967-01-31,-0.068,-22.61,
6881,1967-02-01,-0.049,-18.74,
6908,1967-02-28,-0.049,-18.74,
6909,1967-03-01,0.011,-6.52,
6939,1967-03-31,0.011,-6.52,
6940,1967-04-01,0.032,-2.24,
6969,1967-04-30,0.032,-2.24,
6970,1967-05-01,0.034,-1.83,
7000,1967-05-31,0.034,-1.83,
7001,1967-06-01,0.07,5.5,
7030,1967-06-30,0.07,5.5,
7031,1967-07-01,0.133,18.33,
7061,1967-07-31,0.133,18.33,
7062,1967-08-01,0.215,35.03,
7092,1967-08-31,0.215,35.03,
7093,1967-09-01,0.263,44.81,
7122,1967-09-30,0.263,44.81,
7123,1967-10-01,0.171,26.07,
7153,1967-10-31,0.171,26.07,
7154,1967-11-01,0.168,25.46,
7183,1967-11-30,0.168,25.46,
7184,1967-12-01,0.201,32.18,
7214,1967-12-31,0.201,32.18,
7215,1968-01-01,0.065,4.48,
7245,1968-01-31,0.065,4.48,
7246,1968-02-01,0.03,-2.65,
7274,1968-02-29,0.03,-2.65,
7275,1968-03-01,0.0,-8.76,
7305,1968-03-31,0.0,-8.76,
7306,1968-04-01,0.038,-1.02,
7335,1968-04-30,0.038,-1.02,
7336,1968-05-01,0.108,13.24,
7366,1968-05-31,0.108,13.24,
7367,1968-06-01,0.099,11.41,
7396,1968-06-30,0.099,11.41,
7397,1968-07-01,0.032,-2.24,
7427,1968-07-31,0.032,-2.24,
7428,1968-08-01,0.056,2.65,
7458,1968-08-31,0.056,2.65,
7459,1968-09-01,0.062,3.87,
7488,1968-09-30,0.062,3.87,
7489,1968-10-01,0.101,11.81,
7519,1968-10-31,0.101,11.81,
7520,1968-11-01,0.153,22.4,
7549,1968-11-30,0.153,22.4,
7550,1968-12-01,0.077,6.92,
7580,1968-12-31,0.077,6.92,
7581,1969-01-01,0.117,15.07,
7611,1969-01-31,0.117,15.07,
7612,1969-02-01,0.098,11.2,
7639,1969-02-28,0.098,11.2,
7640,1969-03-01,0.125,16.7,
7670,1969-03-31,0.125,16.7,
7671,1969-04-01,0.063,4.07,
7700,1969-04-30,0.063,4.07,
7701,1969-05-01,0.048,1.02,
7731,1969-05-31,0.048,1.02,
7732,1969-06-01,-0.019,-12.63,
7761,1969-06-30,-0.019,-12.63,
7762,1969-07-01,-0.061,-21.18,
7792,1969-07-31,-0.061,-21.18,
7793,1969-08-01,-0.034,-15.68,
7823,1969-08-31,-0.034,-15.68,
7824,1969-09-01,-0.093,-27.7,
7853,1969-09-30,-0.093,-27.7,
7854,1969-10-01,-0.06,-20.98,
7884,1969-10-31,-0.06,-20.98,
7885,1969-11-01,-0.134,-36.05,
7914,1969-11-30,-0.134,-36.05,
7915,1969-12-01,-0.114,-31.98,
7945,1969-12-31,-0.114,-31.98,
7946,1970-01-01,-0.175,-44.4,
7976,1970-01-31,-0.175,-44.4,
7977,1970-02-01,-0.088,-26.68,
8004,1970-02-28,-0.088,-26.68,
8005,1970-03-01,-0.117,-32.59,
8035,1970-03-31,-0.117,-32.59,
8036,1970-04-01,-0.214,-52.34,
8065,1970-04-30,-0.214,-52.34,
8066,1970-05-01,-0.26,-61.71,
8096,1970-05-31,-0.26,-61.71,
8097,1970-06-01,-0.256,-60.9,
8126,1970-06-30,-0.256,-60.9,
8127,1970-07-01,-0.15,-39.31,
8157,1970-07-31,-0.15,-39.31,
8158,1970-08-01,-0.147,-38.7,
8188,1970-08-31,-0.147,-38.7,
8189,1970-09-01,-0.096,-28.31,
8218,1970-09-30,-0.096,-28.31,
8219,1970-10-01,-0.144,-38.09,
8249,1970-10-31,-0.144,-38.09,
8250,1970-11-01,-0.071,-23.22,
8279,1970-11-30,-0.071,-23.22,
8280,1970-12-01,0.001,-8.55,
8310,1970-12-31,0.001,-8.55,
8311,1971-01-01,0.128,17.31,
8341,1971-01-31,0.128,17.31,
8342,1971-02-01,0.081,7.74,
8369,1971-02-28,0.081,7.74,
8370,1971-03-01,0.119,15.48,
8400,1971-03-31,0.119,15.48,
8401,1971-04-01,0.275,47.25,
8430,1971-04-30,0.275,47.25,
8431,1971-05-01,0.302,52.75,
8461,1971-05-31,0.302,52.75,
8462,1971-06-01,0.371,66.8,
8491,1971-06-30,0.371,66.8,
8492,1971-07-01,0.225,37.07,
8522,1971-07-31,0.225,37.07,
8523,1971-08-01,0.215,35.03,
8553,1971-08-31,0.215,35.03,
8554,1971-09-01,0.168,25.46,
8583,1971-09-30,0.168,25.46,
8584,1971-10-01,0.132,18.13,
8614,1971-10-31,0.132,18.13,
8615,1971-11-01,0.078,7.13,
8644,1971-11-30,0.078,7.13,
8645,1971-12-01,0.108,13.24,
8675,1971-12-31,0.108,13.24,
8676,1972-01-01,0.084,8.35,
8706,1972-01-31,0.084,8.35,
8707,1972-02-01,0.102,12.02,
8735,1972-02-29,0.102,12.02,
8736,1972-03-01,0.069,5.3,
8766,1972-03-31,0.069,5.3,
8767,1972-04-01,0.036,-1.43,
8796,1972-04-30,0.036,-1.43,
8797,1972-05-01,0.099,11.41,
8827,1972-05-31,0.099,11.41,
8828,1972-06-01,0.075,6.52,
8857,1972-06-30,0.075,6.52,
8858,1972-07-01,0.124,16.5,
8888,1972-07-31,0.124,16.5,
8889,1972-08-01,0.122,16.09,
8919,1972-08-31,0.122,16.09,
8920,1972-09-01,0.124,16.5,
8949,1972-09-30,0.124,16.5,
8950,1972-10-01,0.184,28.72,
8980,1972-10-31,0.184,28.72,
8981,1972-11-01,0.241,40.33,
9010,1972-11-30,0.241,40.33,
9011,1972-12-01,0.156,23.01,
9041,1972-12-31,0.156,23.01,
9042,1973-01-01,0.116,14.87,
9072,1973-01-31,0.116,14.87,
9073,1973-02-01,0.048,1.02,
9100,1973-02-28,0.048,1.02,
9101,1973-03-01,0.04,-0.61,
9131,1973-03-31,0.04,-0.61,
9132,1973-04-01,-0.007,-10.18,
9161,1973-04-30,-0.007,-10.18,
9162,1973-05-01,-0.042,-17.31,
9192,1973-05-31,-0.042,-17.31,
9193,1973-06-01,-0.027,-14.26,
9222,1973-06-30,-0.027,-14.26,
9223,1973-07-01,0.008,-7.13,
9253,1973-07-31,0.008,-7.13,
9254,1973-08-01,-0.062,-21.38,
9284,1973-08-31,-0.062,-21.38,
9285,1973-09-01,-0.019,-12.63,
9314,1973-09-30,-0.019,-12.63,
9315,1973-10-01,-0.03,-14.87,
9345,1973-10-31,-0.03,-14.87,
9346,1973-11-01,-0.178,-45.01,
9375,1973-11-30,-0.178,-45.01,
9376,1973-12-01,-0.174,-44.2,
9406,1973-12-31,-0.174,-44.2,
9407,1974-01-01,-0.168,-42.97,
9437,1974-01-31,-0.168,-42.97,
9438,1974-02-01,-0.138,-36.86,
9465,1974-02-28,-0.138,-36.86,
9466,1974-03-01,-0.157,-40.73,
9496,1974-03-31,-0.157,-40.73,
9497,1974-04-01,-0.156,-40.53,
9526,1974-04-30,-0.156,-40.53,
9527,1974-05-01,-0.168,-42.97,
9557,1974-05-31,-0.168,-42.97,
9558,1974-06-01,-0.175,-44.4,
9587,1974-06-30,-0.175,-44.4,
9588,1974-07-01,-0.267,-63.14,
9618,1974-07-31,-0.267,-63.14,
9619,1974-08-01,-0.308,-71.49,
9649,1974-08-31,-0.308,-71.49,
9650,1974-09-01,-0.414,-93.08,
9679,1974-09-30,-0.414,-93.08,
9680,1974-10-01,-0.318,-73.52,
9710,1974-10-31,-0.318,-73.52,
9711,1974-11-01,-0.271,-63.95,
9740,1974-11-30,-0.271,-63.95,
9741,1974-12-01,-0.297,-69.25,
9771,1974-12-31,-0.297,-69.25,
9772,1975-01-01,-0.203,-50.1,
9802,1975-01-31,-0.203,-50.1,
9803,1975-02-01,-0.152,-39.71,
9830,1975-02-28,-0.152,-39.71,
9831,1975-03-01,-0.113,-31.77,
9861,1975-03-31,-0.113,-31.77,
9862,1975-04-01,-0.033,-15.48,
9891,1975-04-30,-0.033,-15.48,
9892,1975-05-01,0.044,0.2,
9922,1975-05-31,0.044,0.2,
9923,1975-06-01,0.107,13.03,
9952,1975-06-30,0.107,13.03,
9953,1975-07-01,0.119,15.48,
9983,1975-07-31,0.119,15.48,
9984,1975-08-01,0.204,32.79,
10014,1975-08-31,0.204,32.79,
10015,1975-09-01,0.32,56.42,
10044,1975-09-30,0.32,56.42,
10045,1975-10-01,0.205,32.99,
10075,1975-10-31,0.205,32.99,
10076,1975-11-01,0.304,53.16,
10105,1975-11-30,0.304,53.16,
10106,1975-12-01,0.316,55.6,
10136,1975-12-31,0.316,55.6,
10137,1976-01-01,0.31,54.38,
10167,1976-01-31,0.31,54.38,
10168,1976-02-01,0.222,36.46,
10196,1976-02-29,0.222,36.46,
10197,1976-03-01,0.233,38.7,
10227,1976-03-31,0.233,38.7,
10228,1976-04-01,0.164,24.64,
10257,1976-04-30,0.164,24.64,
10258,1976-05-01,0.099,11.41,
10288,1976-05-31,0.099,11.41,
10289,1976-06-01,0.096,10.79,
10318,1976-06-30,0.096,10.79,
10319,1976-07-01,0.166,25.05,
10349,1976-07-31,0.166,25.05,
10350,1976-08-01,0.185,28.92,
10380,1976-08-31,0.185,28.92,
10381,1976-09-01,0.255,43.18,
10410,1976-09-30,0.255,43.18,
10411,1976-10-01,0.156,23.01,
10441,1976-10-31,0.156,23.01,
10442,1976-11-01,0.119,15.48,
10471,1976-11-30,0.119,15.48,
10472,1976-12-01,0.192,30.35,
10502,1976-12-31,0.192,30.35,
10503,1977-01-01,0.012,-6.31,
10533,1977-01-31,0.012,-6.31,
10534,1977-02-01,0.001,-8.55,
10561,1977-02-28,0.001,-8.55,
10562,1977-03-01,-0.042,-17.31,
10592,1977-03-31,-0.042,-17.31,
10593,1977-04-01,-0.032,-15.27,
10622,1977-04-30,-0.032,-15.27,
10623,1977-05-01,-0.041,-17.11,
10653,1977-05-31,-0.041,-17.11,
10654,1977-06-01,-0.036,-16.09,
10683,1977-06-30,-0.036,-16.09,
10684,1977-07-01,-0.044,-17.72,
10714,1977-07-31,-0.044,-17.72,
10715,1977-08-01,-0.06,-20.98,
10745,1977-08-31,-0.06,-20.98,
10746,1977-09-01,-0.083,-25.66,
10775,1977-09-30,-0.083,-25.66,
10776,1977-10-01,-0.103,-29.74,
10806,1977-10-31,-0.103,-29.74,
10807,1977-11-01,-0.071,-23.22,
10836,1977-11-30,-0.071,-23.22,
10837,1977-12-01,-0.115,-32.18,
10867,1977-12-31,-0.115,-32.18,
10868,1978-01-01,-0.125,-34.22,
10898,1978-01-31,-0.125,-34.22,
10899,1978-02-01,-0.128,-34.83,
10926,1978-02-28,-0.128,-34.83,
10927,1978-03-01,-0.094,-27.9,
10957,1978-03-31,-0.094,-27.9,
10958,1978-04-01,-0.016,-12.02,
10987,1978-04-30,-0.016,-12.02,
10988,1978-05-01,0.012,-6.31,
11018,1978-05-31,0.012,-6.31,
11019,1978-06-01,-0.049,-18.74,
11048,1978-06-30,-0.049,-18.74,
11049,1978-07-01,0.019,-4.89,
11079,1978-07-31,0.019,-4.89,
11080,1978-08-01,0.067,4.89,
11110,1978-08-31,0.067,4.89,
11111,1978-09-01,0.062,3.87,
11140,1978-09-30,0.062,3.87,
11141,1978-10-01,0.009,-6.92,
11171,1978-10-31,0.009,-6.92,
11172,1978-11-01,-0.001,-8.96,
11201,1978-11-30,-0.001,-8.96,
11202,1978-12-01,0.011,-6.52,
11232,1978-12-31,0.011,-6.52,
11233,1979-01-01,0.12,15.68,
11263,1979-01-31,0.12,15.68,
11264,1979-02-01,0.106,12.83,
11291,1979-02-28,0.106,12.83,
11292,1979-03-01,0.139,19.55,
11322,1979-03-31,0.139,19.55,
11323,1979-04-01,0.051,1.63,
11352,1979-04-30,0.051,1.63,
11353,1979-05-01,0.019,-4.89,
11383,1979-05-31,0.019,-4.89,
11384,1979-06-01,0.077,6.92,
11413,1979-06-30,0.077,6.92,
11414,1979-07-01,0.031,-2.44,
11444,1979-07-31,0.031,-2.44,
11445,1979-08-01,0.058,3.05,
11475,1979-08-31,0.058,3.05,
11476,1979-09-01,0.066,4.68,
11505,1979-09-30,0.066,4.68,
11506,1979-10-01,0.093,10.18,
11536,1979-10-31,0.093,10.18,
11537,1979-11-01,0.121,15.89,
11566,1979-11-30,0.121,15.89,
11567,1979-12-01,0.123,16.29,
11597,1979-12-31,0.123,16.29,
11598,1980-01-01,0.142,20.16,
11628,1980-01-31,0.142,20.16,
11629,1980-02-01,0.181,28.11,
11657,1980-02-29,0.181,28.11,
11658,1980-03-01,0.005,-7.74,
11688,1980-03-31,0.005,-7.74,
11689,1980-04-01,0.045,0.41,
11718,1980-04-30,0.045,0.41,
11719,1980-05-01,0.123,16.29,
11749,1980-05-31,0.123,16.29,
11750,1980-06-01,0.11,13.65,
11779,1980-06-30,0.11,13.65,
11780,1980-07-01,0.172,26.27,
11810,1980-07-31,0.172,26.27,
11811,1980-08-01,0.12,15.68,
11841,1980-08-31,0.12,15.68,
11842,1980-09-01,0.148,21.38,
11871,1980-09-30,0.148,21.38,
11872,1980-10-01,0.252,42.57,
11902,1980-10-31,0.252,42.57,
11903,1980-11-01,0.324,57.23,
11932,1980-11-30,0.324,57.23,
11933,1980-12-01,0.258,43.79,
11963,1980-12-31,0.258,43.79,
11964,1981-01-01,0.135,18.74,
11994,1981-01-31,0.135,18.74,
11995,1981-02-01,0.155,22.81,
12022,1981-02-28,0.155,22.81,
12023,1981-03-01,0.332,58.86,
12053,1981-03-31,0.332,58.86,
12054,1981-04-01,0.25,42.16,
12083,1981-04-30,0.25,42.16,
12084,1981-05-01,0.192,30.35,
12114,1981-05-31,0.192,30.35,
12115,1981-06-01,0.149,21.59,
12144,1981-06-30,0.149,21.59,
12145,1981-07-01,0.076,6.72,
12175,1981-07-31,0.076,6.72,
12176,1981-08-01,0.003,-8.15,
12206,1981-08-31,0.003,-8.15,
12207,1981-09-01,-0.074,-23.83,
12236,1981-09-30,-0.074,-23.83,
12237,1981-10-01,-0.044,-17.72,
12267,1981-10-31,-0.044,-17.72,
12268,1981-11-01,-0.101,-29.33,
12297,1981-11-30,-0.101,-29.33,
12298,1981-12-01,-0.097,-28.51,
12328,1981-12-31,-0.097,-28.51,
12329,1982-01-01,-0.071,-23.22,
12359,1982-01-31,-0.071,-23.22,
12360,1982-02-01,-0.138,-36.86,
12387,1982-02-28,-0.138,-36.86,
12388,1982-03-01,-0.177,-44.81,
12418,1982-03-31,-0.177,-44.81,
12419,1982-04-01,-0.123,-33.81,
12448,1982-04-30,-0.123,-33.81,
12449,1982-05-01,-0.156,-40.53,
12479,1982-05-31,-0.156,-40.53,
12480,1982-06-01,-0.165,-42.36,
12509,1982-06-30,-0.165,-42.36,
12510,1982-07-01,-0.182,-45.82,
12540,1982-07-31,-0.182,-45.82,
12541,1982-08-01,-0.027,-14.26,
12571,1982-08-31,-0.027,-14.26,
12572,1982-09-01,0.037,-1.22,
12601,1982-09-30,0.037,-1.22,
12602,1982-10-01,0.097,11.0,
12632,1982-10-31,0.097,11.0,
12633,1982-11-01,0.097,11.0,
12662,1982-11-30,0.097,11.0,
12663,1982-12-01,0.148,21.38,
12693,1982-12-31,0.148,21.38,
12694,1983-01-01,0.207,33.4,
12724,1983-01-31,0.207,33.4,
12725,1983-02-01,0.309,54.18,
12752,1983-02-28,0.309,54.18,
12753,1983-03-01,0.366,65.78,
12783,1983-03-31,0.366,65.78,
12784,1983-04-01,0.412,75.15,
12813,1983-04-30,0.412,75.15,
12814,1983-05-01,0.452,83.3,
12844,1983-05-31,0.452,83.3,
12845,1983-06-01,0.534,100.0,
12874,1983-06-30,0.534,100.0,
12875,1983-07-01,0.518,96.74,
12905,1983-07-31,0.518,96.74,
12906,1983-08-01,0.376,67.82,
12936,1983-08-31,0.376,67.82,
12937,1983-09-01,0.379,68.43,
12966,1983-09-30,0.379,68.43,
12967,1983-10-01,0.223,36.66,
12997,1983-10-31,0.223,36.66,
12998,1983-11-01,0.201,32.18,
13027,1983-11-30,0.201,32.18,
13028,1983-12-01,0.173,26.48,
13058,1983-12-31,0.173,26.48,
13059,1984-01-01,0.125,16.7,
13089,1984-01-31,0.125,16.7,
13090,1984-02-01,0.061,3.67,
13118,1984-02-29,0.061,3.67,
13119,1984-03-01,0.041,-0.41,
13149,1984-03-31,0.041,-0.41,
13150,1984-04-01,-0.027,-14.26,
13179,1984-04-30,-0.027,-14.26,
13180,1984-05-01,-0.073,-23.63,
13210,1984-05-31,-0.073,-23.63,
13211,1984-06-01,-0.089,-26.88,
13240,1984-06-30,-0.089,-26.88,
13241,1984-07-01,-0.073,-23.63,
13271,1984-07-31,-0.073,-23.63,
13272,1984-08-01,0.014,-5.91,
13302,1984-08-31,0.014,-5.91,
13303,1984-09-01,0.0,-8.76,
13332,1984-09-30,0.0,-8.76,
13333,1984-10-01,0.016,-5.5,
13363,1984-10-31,0.016,-5.5,
13364,1984-11-01,-0.017,-12.22,
13393,1984-11-30,-0.017,-12.22,
13394,1984-12-01,0.014,-5.91,
13424,1984-12-31,0.014,-5.91,
13425,1985-01-01,0.099,11.41,
13455,1985-01-31,0.099,11.41,
13456,1985-02-01,0.154,22.61,
13483,1985-02-28,0.154,22.61,
13484,1985-03-01,0.135,18.74,
13514,1985-03-31,0.135,18.74,
13515,1985-04-01,0.124,16.5,
13544,1985-04-30,0.124,16.5,
13545,1985-05-01,0.259,43.99,
13575,1985-05-31,0.259,43.99,
13576,1985-06-01,0.252,42.57,
13605,1985-06-30,0.252,42.57,
13606,1985-07-01,0.267,45.62,
13636,1985-07-31,0.267,45.62,
13637,1985-08-01,0.132,18.13,
13667,1985-08-31,0.132,18.13,
13668,1985-09-01,0.096,10.79,
13697,1985-09-30,0.096,10.79,
13698,1985-10-01,0.143,20.37,
13728,1985-10-31,0.143,20.37,
13729,1985-11-01,0.236,39.31,
13758,1985-11-30,0.236,39.31,
13759,1985-12-01,0.263,44.81,
13789,1985-12-31,0.263,44.81,
13790,1986-01-01,0.179,27.7,
13820,1986-01-31,0.179,27.7,
13821,1986-02-01,0.253,42.77,
13848,1986-02-28,0.253,42.77,
13849,1986-03-01,0.322,56.82,
13879,1986-03-31,0.322,56.82,
13880,1986-04-01,0.31,54.38,
13909,1986-04-30,0.31,54.38,
13910,1986-05-01,0.305,53.36,
13940,1986-05-31,0.305,53.36,
13941,1986-06-01,0.308,53.97,
13970,1986-06-30,0.308,53.97,
13971,1986-07-01,0.237,39.51,
14001,1986-07-31,0.237,39.51,
14002,1986-08-01,0.341,60.69,
14032,1986-08-31,0.341,60.69,
14033,1986-09-01,0.27,46.23,
14062,1986-09-30,0.27,46.23,
14063,1986-10-01,0.285,49.29,
14093,1986-10-31,0.285,49.29,
14094,1986-11-01,0.233,38.7,
14123,1986-11-30,0.233,38.7,
14124,1986-12-01,0.146,20.98,
14154,1986-12-31,0.146,20.98,
14155,1987-01-01,0.294,51.12,
14185,1987-01-31,0.294,51.12,
14186,1987-02-01,0.252,42.57,
14213,1987-02-28,0.252,42.57,
14214,1987-03-01,0.221,36.25,
14244,1987-03-31,0.221,36.25,
14245,1987-04-01,0.224,36.86,
14274,1987-04-30,0.224,36.86,
14275,1987-05-01,0.173,26.48,
14305,1987-05-31,0.173,26.48,
14306,1987-06-01,0.212,34.42,
14335,1987-06-30,0.212,34.42,
14336,1987-07-01,0.35,62.53,
14366,1987-07-31,0.35,62.53,
14367,1987-08-01,0.304,53.16,
14397,1987-08-31,0.304,53.16,
14398,1987-09-01,0.391,70.88,
14427,1987-09-30,0.391,70.88,
14428,1987-10-01,0.032,-2.24,
14458,1987-10-31,0.032,-2.24,
14459,1987-11-01,-0.076,-24.24,
14488,1987-11-30,-0.076,-24.24,
14489,1987-12-01,0.02,-4.68,
14519,1987-12-31,0.02,-4.68,
14520,1988-01-01,-0.062,-21.38,
14550,1988-01-31,-0.062,-21.38,
14551,1988-02-01,-0.058,-20.57,
14579,1988-02-29,-0.058,-20.57,
14580,1988-03-01,-0.113,-31.77,
14610,1988-03-31,-0.113,-31.77,
14611,1988-04-01,-0.094,-27.9,
14640,1988-04-30,-0.094,-27.9,
14641,1988-05-01,-0.096,-28.31,
14671,1988-05-31,-0.096,-28.31,
14672,1988-06-01,-0.1,-29.12,
14701,1988-06-30,-0.1,-29.12,
14702,1988-07-01,-0.146,-38.49,
14732,1988-07-31,-0.146,-38.49,
14733,1988-08-01,-0.207,-50.92,
14763,1988-08-31,-0.207,-50.92,
14764,1988-09-01,-0.155,-40.33,
14793,1988-09-30,-0.155,-40.33,
14794,1988-10-01,0.108,13.24,
14824,1988-10-31,0.108,13.24,
14825,1988-11-01,0.188,29.53,
14854,1988-11-30,0.188,29.53,
14855,1988-12-01,0.124,16.5,
14885,1988-12-31,0.124,16.5,
14886,1989-01-01,0.157,23.22,
14916,1989-01-31,0.157,23.22,
14917,1989-02-01,0.079,7.33,
14944,1989-02-28,0.079,7.33,
14945,1989-03-01,0.139,19.55,
14975,1989-03-31,0.139,19.55,
14976,1989-04-01,0.185,28.92,
15005,1989-04-30,0.185,28.92,
15006,1989-05-01,0.223,36.66,
15036,1989-05-31,0.223,36.66,
15037,1989-06-01,0.163,24.44,
15066,1989-06-30,0.163,24.44,
15067,1989-07-01,0.272,46.64,
15097,1989-07-31,0.272,46.64,
15098,1989-08-01,0.344,61.3,
15128,1989-08-31,0.344,61.3,
15129,1989-09-01,0.284,49.08,
15158,1989-09-30,0.284,49.08,
15159,1989-10-01,0.22,36.05,
15189,1989-10-31,0.22,36.05,
15190,1989-11-01,0.264,45.01,
15219,1989-11-30,0.264,45.01,
15220,1989-12-01,0.273,46.84,
15250,1989-12-31,0.273,46.84,
15251,1990-01-01,0.106,12.83,
15281,1990-01-31,0.106,12.83,
15282,1990-02-01,0.149,21.59,
15309,1990-02-28,0.149,21.59,
15310,1990-03-01,0.153,22.4,
15340,1990-03-31,0.153,22.4,
15341,1990-04-01,0.068,5.09,
15370,1990-04-30,0.068,5.09,
15371,1990-05-01,0.127,17.11,
15401,1990-05-31,0.127,17.11,
15402,1990-06-01,0.126,16.9,
15431,1990-06-30,0.126,16.9,
15432,1990-07-01,0.029,-2.85,
15462,1990-07-31,0.029,-2.85,
15463,1990-08-01,-0.082,-25.46,
15493,1990-08-31,-0.082,-25.46,
15494,1990-09-01,-0.123,-33.81,
15523,1990-09-30,-0.123,-33.81,
15524,1990-10-01,-0.107,-30.55,
15554,1990-10-31,-0.107,-30.55,
15555,1990-11-01,-0.069,-22.81,
15584,1990-11-30,-0.069,-22.81,
15585,1990-12-01,-0.066,-22.2,
15615,1990-12-31,-0.066,-22.2,
15616,1991-01-01,0.045,0.41,
15646,1991-01-31,0.045,0.41,
15647,1991-02-01,0.106,12.83,
15674,1991-02-28,0.106,12.83,
15675,1991-03-01,0.104,12.42,
15705,1991-03-31,0.104,12.42,
15706,1991-04-01,0.135,18.74,
15735,1991-04-30,0.135,18.74,
15736,1991-05-01,0.079,7.33,
15766,1991-05-31,0.079,7.33,
15767,1991-06-01,0.037,-1.22,
15796,1991-06-30,0.037,-1.22,
15797,1991-07-01,0.089,9.37,
15827,1991-07-31,0.089,9.37,
15828,1991-08-01,0.226,37.27,
15858,1991-08-31,0.226,37.27,
15859,1991-09-01,0.267,45.62,
15888,1991-09-30,0.267,45.62,
15889,1991-10-01,0.291,50.51,
15919,1991-10-31,0.291,50.51,
15920,1991-11-01,0.165,24.85,
15949,1991-11-30,0.165,24.85,
15950,1991-12-01,0.263,44.81,
15980,1991-12-31,0.263,44.81,
15981,1992-01-01,0.189,29.74,
16011,1992-01-31,0.189,29.74,
16012,1992-02-01,0.124,16.5,
16040,1992-02-29,0.124,16.5,
16041,1992-03-01,0.076,6.72,
16071,1992-03-31,0.076,6.72,
16072,1992-04-01,0.106,12.83,
16101,1992-04-30,0.106,12.83,
16102,1992-05-01,0.066,4.68,
16132,1992-05-31,0.066,4.68,
16133,1992-06-01,0.1,11.61,
16162,1992-06-30,0.1,11.61,
16163,1992-07-01,0.094,10.39,
16193,1992-07-31,0.094,10.39,
16194,1992-08-01,0.047,0.81,
16224,1992-08-31,0.047,0.81,
16225,1992-09-01,0.077,6.92,
16254,1992-09-30,0.077,6.92,
16255,1992-10-01,0.067,4.89,
16285,1992-10-31,0.067,4.89,
16286,1992-11-01,0.15,21.79,
16315,1992-11-30,0.15,21.79,
16316,1992-12-01,0.045,0.41,
16346,1992-12-31,0.045,0.41,
16347,1993-01-01,0.073,6.11,
16377,1993-01-31,0.073,6.11,
16378,1993-02-01,0.074,6.31,
16405,1993-02-28,0.074,6.31,
16406,1993-03-01,0.119,15.48,
16436,1993-03-31,0.119,15.48,
16437,1993-04-01,0.061,3.67,
16466,1993-04-30,0.061,3.67,
16467,1993-05-01,0.084,8.35,
16497,1993-05-31,0.084,8.35,
16498,1993-06-01,0.104,12.42,
16527,1993-06-30,0.104,12.42,
16528,1993-07-01,0.056,2.65,
16558,1993-07-31,0.056,2.65,
16559,1993-08-01,0.12,15.68,
16589,1993-08-31,0.12,15.68,
16590,1993-09-01,0.098,11.2,
16619,1993-09-30,0.098,11.2,
16620,1993-10-01,0.117,15.07,
16650,1993-10-31,0.117,15.07,
16651,1993-11-01,0.071,5.7,
16680,1993-11-30,0.071,5.7,
16681,1993-12-01,0.071,5.7,
16711,1993-12-31,0.071,5.7,
16712,1994-01-01,0.098,11.2,
16742,1994-01-31,0.098,11.2,
16743,1994-02-01,0.054,2.24,
16770,1994-02-28,0.054,2.24,
16771,1994-03-01,-0.013,-11.41,
16801,1994-03-31,-0.013,-11.41,
16802,1994-04-01,0.024,-3.87,
16831,1994-04-30,0.024,-3.87,
16832,1994-05-01,0.014,-5.91,
16862,1994-05-31,0.014,-5.91,
16863,1994-06-01,-0.014,-11.61,
16892,1994-06-30,-0.014,-11.61,
16893,1994-07-01,0.023,-4.07,
16923,1994-07-31,0.023,-4.07,
16924,1994-08-01,0.026,-3.46,
16954,1994-08-31,0.026,-3.46,
16955,1994-09-01,0.008,-7.13,
16984,1994-09-30,0.008,-7.13,
16985,1994-10-01,0.01,-6.72,
17015,1994-10-31,0.01,-6.72,
17016,1994-11-01,-0.018,-12.42,
17045,1994-11-30,-0.018,-12.42,
17046,1994-12-01,-0.015,-11.81,
17076,1994-12-31,-0.015,-11.81,
17077,1995-01-01,-0.023,-13.44,
17107,1995-01-31,-0.023,-13.44,
17108,1995-02-01,0.043,0.0,
17135,1995-02-28,0.043,0.0,
17136,1995-03-01,0.123,16.29,
17166,1995-03-31,0.123,16.29,
17167,1995-04-01,0.142,20.16,
17196,1995-04-30,0.142,20.16,
17197,1995-05-01,0.169,25.66,
17227,1995-05-31,0.169,25.66,
17228,1995-06-01,0.226,37.27,
17257,1995-06-30,0.226,37.27,
17258,1995-07-01,0.227,37.47,
17288,1995-07-31,0.227,37.47,
17289,1995-08-01,0.182,28.31,
17319,1995-08-31,0.182,28.31,
17320,1995-09-01,0.263,44.81,
17349,1995-09-30,0.263,44.81,
17350,1995-10-01,0.231,38.29,
17380,1995-10-31,0.231,38.29,
17381,1995-11-01,0.334,59.27,
17410,1995-11-30,0.334,59.27,
17411,1995-12-01,0.341,60.69,
17441,1995-12-31,0.341,60.69,
17442,1996-01-01,0.352,62.93,
17472,1996-01-31,0.352,62.93,
17473,1996-02-01,0.314,55.19,
17501,1996-02-29,0.314,55.19,
17502,1996-03-01,0.289,50.1,
17532,1996-03-31,0.289,50.1,
17533,1996-04-01,0.271,46.44,
17562,1996-04-30,0.271,46.44,
17563,1996-05-01,0.254,42.97,
17593,1996-05-31,0.254,42.97,
17594,1996-06-01,0.231,38.29,
17623,1996-06-30,0.231,38.29,
17624,1996-07-01,0.139,19.55,
17654,1996-07-31,0.139,19.55,
17655,1996-08-01,0.16,23.83,
17685,1996-08-31,0.16,23.83,
17686,1996-09-01,0.176,27.09,
17715,1996-09-30,0.176,27.09,
17716,1996-10-01,0.213,34.62,
17746,1996-10-31,0.213,34.62,
17747,1996-11-01,0.251,42.36,
17776,1996-11-30,0.251,42.36,
17777,1996-12-01,0.203,32.59,
17807,1996-12-31,0.203,32.59,
17808,1997-01-01,0.236,39.31,
17838,1997-01-31,0.236,39.31,
17839,1997-02-01,0.235,39.1,
17866,1997-02-28,0.235,39.1,
17867,1997-03-01,0.173,26.48,
17897,1997-03-31,0.173,26.48,
17898,1997-04-01,0.225,37.07,
17927,1997-04-30,0.225,37.07,
17928,1997-05-01,0.268,45.82,
17958,1997-05-31,0.268,45.82,
17959,1997-06-01,0.32,56.42,
17988,1997-06-30,0.32,56.42,
17989,1997-07-01,0.491,91.24,
18019,1997-07-31,0.491,91.24,
18020,1997-08-01,0.38,68.64,
18050,1997-08-31,0.38,68.64,
18051,1997-09-01,0.378,68.23,
18080,1997-09-30,0.378,68.23,
18081,1997-10-01,0.297,51.73,
18111,1997-10-31,0.297,51.73,
18112,1997-11-01,0.262,44.6,
18141,1997-11-30,0.262,44.6,
18142,1997-12-01,0.31,54.38,
18172,1997-12-31,0.31,54.38,
18173,1998-01-01,0.247,41.55,
18203,1998-01-31,0.247,41.55,
18204,1998-02-01,0.327,57.84,
18231,1998-02-28,0.327,57.84,
18232,1998-03-01,0.455,83.91,
18262,1998-03-31,0.455,83.91,
18263,1998-04-01,0.387,70.06,
18292,1998-04-30,0.387,70.06,
18293,1998-05-01,0.286,49.49,
18323,1998-05-31,0.286,49.49,
18324,1998-06-01,0.281,48.47,
18353,1998-06-30,0.281,48.47,
18354,1998-07-01,0.174,26.68,
18384,1998-07-31,0.174,26.68,
18385,1998-08-01,0.064,4.28,
18415,1998-08-31,0.064,4.28,
18416,1998-09-01,0.074,6.31,
18445,1998-09-30,0.074,6.31,
18446,1998-10-01,0.201,32.18,
18476,1998-10-31,0.201,32.18,
18477,1998-11-01,0.218,35.64,
18506,1998-11-30,0.218,35.64,
18507,1998-12-01,0.267,45.62,
18537,1998-12-31,0.267,45.62,
18538,1999-01-01,0.305,53.36,
18568,1999-01-31,0.305,53.36,
18569,1999-02-01,0.18,27.9,
18596,1999-02-28,0.18,27.9,
18597,1999-03-01,0.168,25.46,
18627,1999-03-31,0.168,25.46,
18628,1999-04-01,0.201,32.18,
18657,1999-04-30,0.201,32.18,
18658,1999-05-01,0.194,30.75,
18688,1999-05-31,0.194,30.75,
18689,1999-06-01,0.211,34.22,
18718,1999-06-30,0.211,34.22,
18719,1999-07-01,0.186,29.12,
18749,1999-07-31,0.186,29.12,
18750,1999-08-01,0.379,68.43,
18780,1999-08-31,0.379,68.43,
18781,1999-09-01,0.261,44.4,
18810,1999-09-30,0.261,44.4,
18811,1999-10-01,0.241,40.33,
18841,1999-10-31,0.241,40.33,
18842,1999-11-01,0.194,30.75,
18871,1999-11-30,0.194,30.75,
18872,1999-12-01,0.195,30.96,
18902,1999-12-31,0.195,30.96,
18903,2000-01-01,0.09,9.57,
18933,2000-01-31,0.09,9.57,
18934,2000-02-01,0.103,12.22,
18962,2000-02-29,0.103,12.22,
18963,2000-03-01,0.165,24.85,
18993,2000-03-31,0.165,24.85,
18994,2000-04-01,0.088,9.16,
19023,2000-04-30,0.088,9.16,
19024,2000-05-01,0.091,9.78,
19054,2000-05-31,0.091,9.78,
19055,2000-06-01,0.06,3.46,
19084,2000-06-30,0.06,3.46,
19085,2000-07-01,0.077,6.92,
19115,2000-07-31,0.077,6.92,
19116,2000-08-01,0.149,21.59,
19146,2000-08-31,0.149,21.59,
19147,2000-09-01,0.12,15.68,
19176,2000-09-30,0.12,15.68,
19177,2000-10-01,0.049,1.22,
19207,2000-10-31,0.049,1.22,
19208,2000-11-01,-0.053,-19.55,
19237,2000-11-30,-0.053,-19.55,
19238,2000-12-01,-0.101,-29.33,
19268,2000-12-31,-0.101,-29.33,
19269,2001-01-01,-0.02,-12.83,
19299,2001-01-31,-0.02,-12.83,
19300,2001-02-01,-0.093,-27.7,
19327,2001-02-28,-0.093,-27.7,
19328,2001-03-01,-0.226,-54.79,
19358,2001-03-31,-0.226,-54.79,
19359,2001-04-01,-0.14,-37.27,
19388,2001-04-30,-0.14,-37.27,
19389,2001-05-01,-0.116,-32.38,
19419,2001-05-31,-0.116,-32.38,
19420,2001-06-01,-0.158,-40.94,
19449,2001-06-30,-0.158,-40.94,
19450,2001-07-01,-0.154,-40.12,
19480,2001-07-31,-0.154,-40.12,
19481,2001-08-01,-0.253,-60.29,
19511,2001-08-31,-0.253,-60.29,
19512,2001-09-01,-0.275,-64.77,
19541,2001-09-30,-0.275,-64.77,
19542,2001-10-01,-0.259,-61.51,
19572,2001-10-31,-0.259,-61.51,
19573,2001-11-01,-0.134,-36.05,
19602,2001-11-30,-0.134,-36.05,
19603,2001-12-01,-0.13,-35.23,
19633,2001-12-31,-0.13,-35.23,
19634,2002-01-01,-0.173,-43.99,
19664,2002-01-31,-0.173,-43.99,
19665,2002-02-01,-0.107,-30.55,
19692,2002-02-28,-0.107,-30.55,
19693,2002-03-01,-0.011,-11.0,
19723,2002-03-31,-0.011,-11.0,
19724,2002-04-01,-0.138,-36.86,
19753,2002-04-30,-0.138,-36.86,
19754,2002-05-01,-0.15,-39.31,
19784,2002-05-31,-0.15,-39.31,
19785,2002-06-01,-0.192,-47.86,
19814,2002-06-30,-0.192,-47.86,
19815,2002-07-01,-0.247,-59.06,
19845,2002-07-31,-0.247,-59.06,
19846,2002-08-01,-0.192,-47.86,
19876,2002-08-31,-0.192,-47.86,
19877,2002-09-01,-0.217,-52.95,
19906,2002-09-30,-0.217,-52.95,
19907,2002-10-01,-0.164,-42.16,
19937,2002-10-31,-0.164,-42.16,
19938,2002-11-01,-0.178,-45.01,
19967,2002-11-30,-0.178,-45.01,
19968,2002-12-01,-0.234,-56.42,
19998,2002-12-31,-0.234,-56.42,
19999,2003-01-01,-0.243,-58.25,
20029,2003-01-31,-0.243,-58.25,
20030,2003-02-01,-0.24,-57.64,
20057,2003-02-28,-0.24,-57.64,
20058,2003-03-01,-0.261,-61.91,
20088,2003-03-31,-0.261,-61.91,
20089,2003-04-01,-0.149,-39.1,
20118,2003-04-30,-0.149,-39.1,
20119,2003-05-01,-0.097,-28.51,
20149,2003-05-31,-0.097,-28.51,
20150,2003-06-01,-0.016,-12.02,
20179,2003-06-30,-0.016,-12.02,
20180,2003-07-01,0.086,8.76,
20210,2003-07-31,0.086,8.76,
20211,2003-08-01,0.1,11.61,
20241,2003-08-31,0.1,11.61,
20242,2003-09-01,0.222,36.46,
20271,2003-09-30,0.222,36.46,
20272,2003-10-01,0.186,29.12,
20302,2003-10-31,0.186,29.12,
20303,2003-11-01,0.13,17.72,
20332,2003-11-30,0.13,17.72,
20333,2003-12-01,0.264,45.01,
20363,2003-12-31,0.264,45.01,
20364,2004-01-01,0.322,56.82,
20394,2004-01-31,0.322,56.82,
20395,2004-02-01,0.361,64.77,
20423,2004-02-29,0.361,64.77,
20424,2004-03-01,0.328,58.04,
20454,2004-03-31,0.328,58.04,
20455,2004-04-01,0.208,33.6,
20484,2004-04-30,0.208,33.6,
20485,2004-05-01,0.163,24.44,
20515,2004-05-31,0.163,24.44,
20516,2004-06-01,0.171,26.07,
20545,2004-06-30,0.171,26.07,
20546,2004-07-01,0.113,14.26,
20576,2004-07-31,0.113,14.26,
20577,2004-08-01,0.096,10.79,
20607,2004-08-31,0.096,10.79,
20608,2004-09-01,0.119,15.48,
20637,2004-09-30,0.119,15.48,
20638,2004-10-01,0.076,6.72,
20668,2004-10-31,0.076,6.72,
20669,2004-11-01,0.109,13.44,
20698,2004-11-30,0.109,13.44,
20699,2004-12-01,0.09,9.57,
20729,2004-12-31,0.09,9.57,
20730,2005-01-01,0.044,0.2,
20760,2005-01-31,0.044,0.2,
20761,2005-02-01,0.051,1.63,
20788,2005-02-28,0.051,1.63,
20789,2005-03-01,0.048,1.02,
20819,2005-03-31,0.048,1.02,
20820,2005-04-01,0.045,0.41,
20849,2005-04-30,0.045,0.41,
20850,2005-05-01,0.063,4.07,
20880,2005-05-31,0.063,4.07,
20881,2005-06-01,0.044,0.2,
20910,2005-06-30,0.044,0.2,
20911,2005-07-01,0.12,15.68,
20941,2005-07-31,0.12,15.68,
20942,2005-08-01,0.105,12.63,
20972,2005-08-31,0.105,12.63,
20973,2005-09-01,0.103,12.22,
21002,2005-09-30,0.103,12.22,
21003,2005-10-01,0.068,5.09,
21033,2005-10-31,0.068,5.09,
21034,2005-11-01,0.065,4.48,
21063,2005-11-30,0.065,4.48,
21064,2005-12-01,0.03,-2.65,
21094,2005-12-31,0.03,-2.65,
21095,2006-01-01,0.084,8.35,
21125,2006-01-31,0.084,8.35,
21126,2006-02-01,0.064,4.28,
21153,2006-02-28,0.064,4.28,
21154,2006-03-01,0.097,11.0,
21184,2006-03-31,0.097,11.0,
21185,2006-04-01,0.133,18.33,
21214,2006-04-30,0.133,18.33,
21215,2006-05-01,0.066,4.68,
21245,2006-05-31,0.066,4.68,
21246,2006-06-01,0.066,4.68,
21275,2006-06-30,0.066,4.68,
21276,2006-07-01,0.034,-1.83,
21306,2006-07-31,0.034,-1.83,
21307,2006-08-01,0.068,5.09,
21337,2006-08-31,0.068,5.09,
21338,2006-09-01,0.087,8.96,
21367,2006-09-30,0.087,8.96,
21368,2006-10-01,0.142,20.16,
21398,2006-10-31,0.142,20.16,
21399,2006-11-01,0.121,15.89,
21428,2006-11-30,0.121,15.89,
21429,2006-12-01,0.136,18.94,
21459,2006-12-31,0.136,18.94,
21460,2007-01-01,0.124,16.5,
21490,2007-01-31,0.124,16.5,
21491,2007-02-01,0.099,11.41,
21518,2007-02-28,0.099,11.41,
21519,2007-03-01,0.097,11.0,
21549,2007-03-31,0.097,11.0,
21550,2007-04-01,0.131,17.92,
21579,2007-04-30,0.131,17.92,
21580,2007-05-01,0.205,32.99,
21610,2007-05-31,0.205,32.99,
21611,2007-06-01,0.184,28.72,
21640,2007-06-30,0.184,28.72,
21641,2007-07-01,0.14,19.76,
21671,2007-07-31,0.14,19.76,
21672,2007-08-01,0.131,17.92,
21702,2007-08-31,0.131,17.92,
21703,2007-09-01,0.143,20.37,
21732,2007-09-30,0.143,20.37,
21733,2007-10-01,0.124,16.5,
21763,2007-10-31,0.124,16.5,
21764,2007-11-01,0.058,3.05,
21793,2007-11-30,0.058,3.05,
21794,2007-12-01,0.035,-1.63,
21824,2007-12-31,0.035,-1.63,
21825,2008-01-01,-0.042,-17.31,
21855,2008-01-31,-0.042,-17.31,
21856,2008-02-01,-0.054,-19.76,
21884,2008-02-29,-0.054,-19.76,
21885,2008-03-01,-0.069,-22.81,
21915,2008-03-31,-0.069,-22.81,
21916,2008-04-01,-0.065,-22.0,
21945,2008-04-30,-0.065,-22.0,
21946,2008-05-01,-0.085,-26.07,
21976,2008-05-31,-0.085,-26.07,
21977,2008-06-01,-0.149,-39.1,
22006,2008-06-30,-0.149,-39.1,
22007,2008-07-01,-0.129,-35.03,
22037,2008-07-31,-0.129,-35.03,
22038,2008-08-01,-0.13,-35.23,
22068,2008-08-31,-0.13,-35.23,
22069,2008-09-01,-0.236,-56.82,
22098,2008-09-30,-0.236,-56.82,
22099,2008-10-01,-0.375,-85.13,
22129,2008-10-31,-0.375,-85.13,
22130,2008-11-01,-0.395,-89.21,
22159,2008-11-30,-0.395,-89.21,
22160,2008-12-01,-0.385,-87.17,
22190,2008-12-31,-0.385,-87.17,
22191,2009-01-01,-0.401,-90.43,
22221,2009-01-31,-0.401,-90.43,
22222,2009-02-01,-0.448,-100.0,
22249,2009-02-28,-0.448,-100.0,
22250,2009-03-01,-0.397,-89.61,
22280,2009-03-31,-0.397,-89.61,
22281,2009-04-01,-0.37,-84.11,
22310,2009-04-30,-0.37,-84.11,
22311,2009-05-01,-0.344,-78.82,
22341,2009-05-31,-0.344,-78.82,
22342,2009-06-01,-0.282,-66.19,
22371,2009-06-30,-0.282,-66.19,
22372,2009-07-01,-0.221,-53.77,
22402,2009-07-31,-0.221,-53.77,
22403,2009-08-01,-0.204,-50.31,
22433,2009-08-31,-0.204,-50.31,
22434,2009-09-01,-0.094,-27.9,
22463,2009-09-30,-0.094,-27.9,
22464,2009-10-01,0.07,5.5,
22494,2009-10-31,0.07,5.5,
22495,2009-11-01,0.223,36.66,
22524,2009-11-30,0.223,36.66,
22525,2009-12-01,0.235,39.1,
22555,2009-12-31,0.235,39.1,
22556,2010-01-01,0.3,52.34,
22586,2010-01-31,0.3,52.34,
22587,2010-02-01,0.503,93.69,
22614,2010-02-28,0.503,93.69,
22615,2010-03-01,0.466,86.15,
22645,2010-03-31,0.466,86.15,
22646,2010-04-01,0.36,64.56,
22675,2010-04-30,0.36,64.56,
22676,2010-05-01,0.185,28.92,
22706,2010-05-31,0.185,28.92,
22707,2010-06-01,0.121,15.89,
22736,2010-06-30,0.121,15.89,
22737,2010-07-01,0.116,14.87,
22767,2010-07-31,0.116,14.87,
22768,2010-08-01,0.028,-3.05,
22798,2010-08-31,0.028,-3.05,
22799,2010-09-01,0.08,7.54,
22828,2010-09-30,0.08,7.54,
22829,2010-10-01,0.142,20.16,
22859,2010-10-31,0.142,20.16,
22860,2010-11-01,0.078,7.13,
22889,2010-11-30,0.078,7.13,
22890,2010-12-01,0.128,17.31,
22920,2010-12-31,0.128,17.31,
22921,2011-01-01,0.198,31.57,
22951,2011-01-31,0.198,31.57,
22952,2011-02-01,0.202,32.38,
22979,2011-02-28,0.202,32.38,
22980,2011-03-01,0.134,18.53,
23010,2011-03-31,0.134,18.53,
23011,2011-04-01,0.149,21.59,
23040,2011-04-30,0.149,21.59,
23041,2011-05-01,0.235,39.1,
23071,2011-05-31,0.235,39.1,
23072,2011-06-01,0.281,48.47,
23101,2011-06-30,0.281,48.47,
23102,2011-07-01,0.173,26.48,
23132,2011-07-31,0.173,26.48,
23133,2011-08-01,0.162,24.24,
23163,2011-08-31,0.162,24.24,
23164,2011-09-01,-0.009,-10.59,
23193,2011-09-30,-0.009,-10.59,
23194,2011-10-01,0.059,3.26,
23224,2011-10-31,0.059,3.26,
23225,2011-11-01,0.056,2.65,
23254,2011-11-30,0.056,2.65,
23255,2011-12-01,0.0,-8.76,
23285,2011-12-31,0.0,-8.76,
23286,2012-01-01,0.02,-4.68,
23316,2012-01-31,0.02,-4.68,
23317,2012-02-01,0.029,-2.85,
23345,2012-02-29,0.029,-2.85,
23346,2012-03-01,0.062,3.87,
23376,2012-03-31,0.062,3.87,
23377,2012-04-01,0.025,-3.67,
23406,2012-04-30,0.025,-3.67,
23407,2012-05-01,-0.026,-14.05,
23437,2012-05-31,-0.026,-14.05,
23438,2012-06-01,0.031,-2.44,
23467,2012-06-30,0.031,-2.44,
23468,2012-07-01,0.067,4.89,
23498,2012-07-31,0.067,4.89,
23499,2012-08-01,0.154,22.61,
23529,2012-08-31,0.154,22.61,
23530,2012-09-01,0.273,46.84,
23559,2012-09-30,0.273,46.84,
23560,2012-10-01,0.127,17.11,
23590,2012-10-31,0.127,17.11,
23591,2012-11-01,0.136,18.94,
23620,2012-11-30,0.136,18.94,
23621,2012-12-01,0.134,18.53,
23651,2012-12-31,0.134,18.53,
23652,2013-01-01,0.142,20.16,
23682,2013-01-31,0.142,20.16,
23683,2013-02-01,0.109,13.44,
23710,2013-02-28,0.109,13.44,
23711,2013-03-01,0.114,14.46,
23741,2013-03-31,0.114,14.46,
23742,2013-04-01,0.143,20.37,
23771,2013-04-30,0.143,20.37,
23772,2013-05-01,0.245,41.14,
23802,2013-05-31,0.245,41.14,
23803,2013-06-01,0.179,27.7,
23832,2013-06-30,0.179,27.7,
23833,2013-07-01,0.222,36.46,
23863,2013-07-31,0.222,36.46,
23864,2013-08-01,0.161,24.03,
23894,2013-08-31,0.161,24.03,
23895,2013-09-01,0.167,25.25,
23924,2013-09-30,0.167,25.25,
23925,2013-10-01,0.244,40.94,
23955,2013-10-31,0.244,40.94,
23956,2013-11-01,0.275,47.25,
23985,2013-11-30,0.275,47.25,
23986,2013-12-01,0.296,51.53,
24016,2013-12-31,0.296,51.53,
24017,2014-01-01,0.19,29.94,
24047,2014-01-31,0.19,29.94,
24048,2014-02-01,0.228,37.68,
24075,2014-02-28,0.228,37.68,
24076,2014-03-01,0.193,30.55,
24106,2014-03-31,0.193,30.55,
24107,2014-04-01,0.179,27.7,
24136,2014-04-30,0.179,27.7,
24137,2014-05-01,0.18,27.9,
24167,2014-05-31,0.18,27.9,
24168,2014-06-01,0.22,36.05,
24197,2014-06-30,0.22,36.05,
24198,2014-07-01,0.145,20.77,
24228,2014-07-31,0.145,20.77,
24229,2014-08-01,0.227,37.47,
24259,2014-08-31,0.227,37.47,
24260,2014-09-01,0.173,26.48,
24289,2014-09-30,0.173,26.48,
24290,2014-10-01,0.149,21.59,
24320,2014-10-31,0.149,21.59,
24321,2014-11-01,0.145,20.77,
24350,2014-11-30,0.145,20.77,
24351,2014-12-01,0.114,14.46,
24381,2014-12-31,0.114,14.46,
24382,2015-01-01,0.119,15.48,
24412,2015-01-31,0.119,15.48,
24413,2015-02-01,0.132,18.13,
24440,2015-02-28,0.132,18.13,
24441,2015-03-01,0.104,12.42,
24471,2015-03-31,0.104,12.42,
24472,2015-04-01,0.107,13.03,
24501,2015-04-30,0.107,13.03,
24502,2015-05-01,0.096,10.79,
24532,2015-05-31,0.096,10.79,
24533,2015-06-01,0.053,2.04,
24562,2015-06-30,0.053,2.04,
24563,2015-07-01,0.09,9.57,
24593,2015-07-31,0.09,9.57,
24594,2015-08-01,-0.016,-12.02,
24624,2015-08-31,-0.016,-12.02,
24625,2015-09-01,-0.027,-14.26,
24654,2015-09-30,-0.027,-14.26,
24655,2015-10-01,0.03,-2.65,
24685,2015-10-31,0.03,-2.65,
24686,2015-11-01,0.006,-7.54,
24715,2015-11-30,0.006,-7.54,
24716,2015-12-01,-0.007,-10.18,
24746,2015-12-31,-0.007,-10.18,
24747,2016-01-01,-0.027,-14.26,
24777,2016-01-31,-0.027,-14.26,
24778,2016-02-01,-0.082,-25.46,
24806,2016-02-29,-0.082,-25.46,
24807,2016-03-01,-0.004,-9.57,
24837,2016-03-31,-0.004,-9.57,
24838,2016-04-01,-0.01,-10.79,
24867,2016-04-30,-0.01,-10.79,
24868,2016-05-01,-0.005,-9.78,
24898,2016-05-31,-0.005,-9.78,
24899,2016-06-01,0.017,-5.3,
24928,2016-06-30,0.017,-5.3,
24929,2016-07-01,0.033,-2.04,
24959,2016-07-31,0.033,-2.04,
24960,2016-08-01,0.101,11.81,
24990,2016-08-31,0.101,11.81,
24991,2016-09-01,0.129,17.52,
25020,2016-09-30,0.129,17.52,
25021,2016-10-01,0.023,-4.07,
25051,2016-10-31,0.023,-4.07,
25052,2016-11-01,0.057,2.85,
25081,2016-11-30,0.057,2.85,
25082,2016-12-01,0.095,10.59,
25112,2016-12-31,0.095,10.59,
25113,2017-01-01,0.175,26.88,
25143,2017-01-31,0.175,26.88,
25144,2017-02-01,0.223,36.66,
25171,2017-02-28,0.223,36.66,
25172,2017-03-01,0.147,21.18,
25202,2017-03-31,0.147,21.18,
25203,2017-04-01,0.154,22.61,
25232,2017-04-30,0.154,22.61,
25233,2017-05-01,0.15,21.79,
25263,2017-05-31,0.15,21.79,
25264,2017-06-01,0.155,22.81,
25293,2017-06-30,0.155,22.81,
25294,2017-07-01,0.137,19.14,
25324,2017-07-31,0.137,19.14,
25325,2017-08-01,0.139,19.55,
25355,2017-08-31,0.139,19.55,
25356,2017-09-01,0.162,24.24,
25385,2017-09-30,0.162,24.24,
25386,2017-10-01,0.211,34.22,
25416,2017-10-31,0.211,34.22,
25417,2017-11-01,0.204,32.79,
25446,2017-11-30,0.204,32.79,
25447,2017-12-01,0.194,30.75,
25477,2017-12-31,0.194,30.75,
25478,2018-01-01,0.239,39.92,
25508,2018-01-31,0.239,39.92,
25509,2018-02-01,0.148,21.38,
25536,2018-02-28,0.148,21.38,
25537,2018-03-01,0.118,15.27,
25567,2018-03-31,0.118,15.27,
25568,2018-04-01,0.111,13.85,
25597,2018-04-30,0.111,13.85,
25598,2018-05-01,0.122,16.09,
25628,2018-05-31,0.122,16.09,
25629,2018-06-01,0.122,16.09,
25658,2018-06-30,0.122,16.09,
25659,2018-07-01,0.14,19.76,
25689,2018-07-31,0.14,19.76,
25690,2018-08-01,0.174,26.68,
25720,2018-08-31,0.174,26.68,
25721,2018-09-01,0.157,23.22,
25750,2018-09-30,0.157,23.22,
25751,2018-10-01,0.053,2.04,
25781,2018-10-31,0.053,2.04,
25782,2018-11-01,0.043,0.0,
25811,2018-11-30,0.043,0.0,
25812,2018-12-01,-0.062,-21.38,
25842,2018-12-31,-0.062,-21.38,
25843,2019-01-01,-0.042,-17.31,
25873,2019-01-31,-0.042,-17.31,
25874,2019-02-01,0.026,-3.46,
25901,2019-02-28,0.026,-3.46,
25902,2019-03-01,0.073,6.11,
25932,2019-03-31,0.073,6.11,
25933,2019-04-01,0.113,14.26,
25962,2019-04-30,0.113,14.26,
25963,2019-05-01,0.017,-5.3,
25963,2019-05-01,0.082,7.94,
25993,2019-05-31,0.082,7.94,
26023,2019-06-30,0.082,7.94,
26024,2019-07-01,0.058,3.05,
26054,2019-07-31,0.058,3.05,
26055,2019-08-01,0.009,-6.92,
26085,2019-08-31,0.009,-6.92,
26086,2019-09-01,0.022,-4.28,
26115,2019-09-30,0.022,-4.28,
26116,2019-10-01,0.12,15.68,
26146,2019-10-31,0.12,15.68,
26147,2019-11-01,0.138,19.35,
26176,2019-11-30,0.138,19.35,
26177,2019-12-01,0.289,50.1,
26207,2019-12-31,0.289,50.1,
26208,2020-01-01,0.193,30.55,
26238,2020-01-31,0.193,30.55,
26239,2020-02-01,0.061,3.67,
26267,2020-02-29,0.061,3.67,
26298,2020-03-31,0.061,3.67,