Day,Date,S&P 500 m/m,Normalized,Predicted
0,1948-03-31,0.0,14.35,
30,1948-04-30,0.0,14.35,
61,1948-05-31,0.0,14.35,
91,1948-06-30,0.0,14.35,
122,1948-07-31,0.0,14.35,
153,1948-08-31,0.0,14.35,
183,1948-09-30,0.0,14.35,
214,1948-10-31,0.0,14.35,
244,1948-11-30,0.0,14.35,
275,1948-12-31,0.0,14.35,
306,1949-01-31,0.0,14.35,
334,1949-02-28,0.0,14.35,
365,1949-03-31,0.0,14.35,
395,1949-04-30,0.0,14.35,
426,1949-05-31,0.0,14.35,
456,1949-06-30,0.0,14.35,
487,1949-07-31,0.0,14.35,
518,1949-08-31,0.0,14.35,
548,1949-09-30,0.0,14.35,
579,1949-10-31,0.0,14.35,
609,1949-11-30,0.0,14.35,
640,1949-12-31,0.0,14.35,
671,1950-01-31,0.0,14.35,
699,1950-02-28,0.0,14.35,
730,1950-03-31,0.0,14.35,
760,1950-04-30,0.0,14.35,
791,1950-05-31,0.0,14.35,
821,1950-06-30,0.0,14.35,
852,1950-07-31,0.0,14.35,
883,1950-08-31,0.0,14.35,
913,1950-09-30,0.0,14.35,
944,1950-10-31,0.0,14.35,
974,1950-11-30,0.0,14.35,
1005,1950-12-31,0.0,14.35,
1036,1951-01-31,0.0,14.35,
1064,1951-02-28,0.0,14.35,
1095,1951-03-31,0.0,14.35,
1125,1951-04-30,0.0,14.35,
1156,1951-05-31,0.0,14.35,
1186,1951-06-30,0.0,14.35,
1217,1951-07-31,0.0,14.35,
1248,1951-08-31,0.0,14.35,
1278,1951-09-30,0.0,14.35,
1309,1951-10-31,0.0,14.35,
1339,1951-11-30,0.0,14.35,
1370,1951-12-31,0.0,14.35,
1401,1952-01-31,0.0,14.35,
1430,1952-02-29,0.0,14.35,
1461,1952-03-31,0.0,14.35,
1491,1952-04-30,0.0,14.35,
1522,1952-05-31,0.0,14.35,
1552,1952-06-30,0.0,14.35,
1583,1952-07-31,0.0,14.35,
1614,1952-08-31,0.0,14.35,
1644,1952-09-30,0.0,14.35,
1675,1952-10-31,0.0,14.35,
1705,1952-11-30,0.0,14.35,
1736,1952-12-31,0.0,14.35,
1767,1953-01-31,0.0,14.35,
1795,1953-02-28,0.0,14.35,
1826,1953-03-31,0.0,14.35,
1856,1953-04-30,0.0,14.35,
1887,1953-05-31,0.0,14.35,
1917,1953-06-30,0.0,14.35,
1948,1953-07-31,0.0,14.35,
1979,1953-08-31,0.0,14.35,
2009,1953-09-30,0.0,14.35,
2040,1953-10-31,0.0,14.35,
2070,1953-11-30,0.0,14.35,
2101,1953-12-31,0.0,14.35,
2132,1954-01-31,0.0,14.35,
2160,1954-02-28,0.0,14.35,
2191,1954-03-31,0.0,14.35,
2221,1954-04-30,0.0,14.35,
2252,1954-05-31,0.0,14.35,
2282,1954-06-30,0.0,14.35,
2313,1954-07-31,0.0,14.35,
2344,1954-08-31,0.0,14.35,
2374,1954-09-30,0.0,14.35,
2405,1954-10-31,0.0,14.35,
2435,1954-11-30,0.0,14.35,
2466,1954-12-31,0.0,14.35,
2497,1955-01-31,0.0,14.35,
2525,1955-02-28,0.0,14.35,
2556,1955-03-31,0.0,14.35,
2586,1955-04-30,0.0,14.35,
2617,1955-05-31,0.0,14.35,
2647,1955-06-30,0.0,14.35,
2678,1955-07-31,0.0,14.35,
2709,1955-08-31,0.0,14.35,
2739,1955-09-30,0.0,14.35,
2770,1955-10-31,0.0,14.35,
2800,1955-11-30,0.0,14.35,
2831,1955-12-31,0.0,14.35,
2862,1956-01-31,0.0,14.35,
2891,1956-02-29,0.0,14.35,
2922,1956-03-31,0.0,14.35,
2952,1956-04-30,0.0,14.35,
2983,1956-05-31,0.0,14.35,
3013,1956-06-30,0.0,14.35,
3044,1956-07-31,0.0,14.35,
3075,1956-08-31,0.0,14.35,
3105,1956-09-30,0.0,14.35,
3136,1956-10-31,0.0,14.35,
3166,1956-11-30,0.0,14.35,
3197,1956-12-31,0.0,14.35,
3198,1957-01-01,0.0,14.35,
3228,1957-01-31,0.0,14.35,
3229,1957-02-01,-0.0326,-2.79,
3256,1957-02-28,-0.0326,-2.79,
3257,1957-03-01,0.0196,24.65,
3287,1957-03-31,0.0196,24.65,
3288,1957-04-01,0.037,33.79,
3317,1957-04-30,0.037,33.79,
3318,1957-05-01,0.0369,33.74,
3348,1957-05-31,0.0369,33.74,
3349,1957-06-01,-0.0013,13.66,
3378,1957-06-30,-0.0013,13.66,
3379,1957-07-01,0.0114,20.34,
3409,1957-07-31,0.0114,20.34,
3410,1957-08-01,-0.0561,-15.13,
3440,1957-08-31,-0.0561,-15.13,
3441,1957-09-01,-0.0619,-18.18,
3470,1957-09-30,-0.0619,-18.18,
3471,1957-10-01,-0.0321,-2.52,
3501,1957-10-31,-0.0321,-2.52,
3502,1957-11-01,0.0161,22.81,
3531,1957-11-30,0.0161,22.81,
3532,1957-12-01,-0.0415,-7.46,
3562,1957-12-31,-0.0415,-7.46,
3563,1958-01-01,0.0428,36.84,
3593,1958-01-31,0.0428,36.84,
3594,1958-02-01,-0.0206,3.52,
3621,1958-02-28,-0.0206,3.52,
3622,1958-03-01,0.0309,30.58,
3652,1958-03-31,0.0309,30.58,
3653,1958-04-01,0.0318,31.06,
3682,1958-04-30,0.0318,31.06,
3683,1958-05-01,0.015,22.23,
3713,1958-05-31,0.015,22.23,
3714,1958-06-01,0.0261,28.06,
3743,1958-06-30,0.0261,28.06,
3744,1958-07-01,0.0431,36.99,
3774,1958-07-31,0.0431,36.99,
3775,1958-08-01,0.0119,20.6,
3805,1958-08-31,0.0119,20.6,
3806,1958-09-01,0.0484,39.78,
3835,1958-09-30,0.0484,39.78,
3836,1958-10-01,0.0254,27.69,
3866,1958-10-31,0.0254,27.69,
3867,1958-11-01,0.0224,26.12,
3896,1958-11-30,0.0224,26.12,
3897,1958-12-01,0.052,41.67,
3927,1958-12-31,0.052,41.67,
3928,1959-01-01,0.0038,16.34,
3958,1959-01-31,0.0038,16.34,
3959,1959-02-01,-0.0002,14.24,
3986,1959-02-28,-0.0002,14.24,
3987,1959-03-01,0.0005,14.61,
4017,1959-03-31,0.0005,14.61,
4018,1959-04-01,0.0388,34.73,
4047,1959-04-30,0.0388,34.73,
4048,1959-05-01,0.0189,24.28,
4078,1959-05-31,0.0189,24.28,
4079,1959-06-01,-0.0036,12.45,
4108,1959-06-30,-0.0036,12.45,
4109,1959-07-01,0.0349,32.69,
4139,1959-07-31,0.0349,32.69,
4140,1959-08-01,-0.015,6.46,
4170,1959-08-31,-0.015,6.46,
4171,1959-09-01,-0.0456,-9.62,
4200,1959-09-30,-0.0456,-9.62,
4201,1959-10-01,0.0113,20.28,
4231,1959-10-31,0.0113,20.28,
4232,1959-11-01,0.0132,21.28,
4261,1959-11-30,0.0132,21.28,
4262,1959-12-01,0.0276,28.85,
4292,1959-12-31,0.0276,28.85,
4293,1960-01-01,-0.0715,-23.23,
4323,1960-01-31,-0.0715,-23.23,
4324,1960-02-01,0.0092,19.18,
4352,1960-02-29,0.0092,19.18,
4353,1960-03-01,-0.0139,7.04,
4383,1960-03-31,-0.0139,7.04,
4384,1960-04-01,-0.0175,5.15,
4413,1960-04-30,-0.0175,5.15,
4414,1960-05-01,0.0269,28.48,
4444,1960-05-31,0.0269,28.48,
4445,1960-06-01,0.0195,24.59,
4474,1960-06-30,0.0195,24.59,
4475,1960-07-01,-0.0248,1.31,
4505,1960-07-31,-0.0248,1.31,
4506,1960-08-01,0.0261,28.06,
4536,1960-08-31,0.0261,28.06,
4537,1960-09-01,-0.0604,-17.39,
4566,1960-09-30,-0.0604,-17.39,
4567,1960-10-01,-0.0024,13.08,
4597,1960-10-31,-0.0024,13.08,
4598,1960-11-01,0.0403,35.52,
4627,1960-11-30,0.0403,35.52,
4628,1960-12-01,0.0463,38.68,
4658,1960-12-31,0.0463,38.68,
4659,1961-01-01,0.0632,47.56,
4689,1961-01-31,0.0632,47.56,
4690,1961-02-01,0.0269,28.48,
4717,1961-02-28,0.0269,28.48,
4718,1961-03-01,0.0255,27.75,
4748,1961-03-31,0.0255,27.75,
4749,1961-04-01,0.0038,16.34,
4778,1961-04-30,0.0038,16.34,
4779,1961-05-01,0.0191,24.38,
4809,1961-05-31,0.0191,24.38,
4810,1961-06-01,-0.0288,-0.79,
4839,1961-06-30,-0.0288,-0.79,
4840,1961-07-01,0.0328,31.58,
4870,1961-07-31,0.0328,31.58,
4871,1961-08-01,0.0196,24.65,
4901,1961-08-31,0.0196,24.65,
4902,1961-09-01,-0.0197,3.99,
4931,1961-09-30,-0.0197,3.99,
4932,1961-10-01,0.0283,29.22,
4962,1961-10-31,0.0283,29.22,
4963,1961-11-01,0.0393,35.0,
4992,1961-11-30,0.0393,35.0,
4993,1961-12-01,0.0032,16.03,
5023,1961-12-31,0.0032,16.03,
5024,1962-01-01,-0.0379,-5.57,
5054,1962-01-31,-0.0379,-5.57,
5055,1962-02-01,0.0163,22.91,
5082,1962-02-28,0.0163,22.91,
5083,1962-03-01,-0.0059,11.25,
5113,1962-03-31,-0.0059,11.25,
5114,1962-04-01,-0.062,-18.23,
5143,1962-04-30,-0.062,-18.23,
5144,1962-05-01,-0.086,-30.85,
5174,1962-05-31,-0.086,-30.85,
5175,1962-06-01,-0.0818,-28.64,
5204,1962-06-30,-0.0818,-28.64,
5205,1962-07-01,0.0636,47.77,
5235,1962-07-31,0.0636,47.77,
5236,1962-08-01,0.0153,22.39,
5266,1962-08-31,0.0153,22.39,
5267,1962-09-01,-0.0482,-10.98,
5296,1962-09-30,-0.0482,-10.98,
5297,1962-10-01,0.0044,16.66,
5327,1962-10-31,0.0044,16.66,
5328,1962-11-01,0.1016,67.74,
5357,1962-11-30,0.1016,67.74,
5358,1962-12-01,0.0135,21.44,
5388,1962-12-31,0.0135,21.44,
5389,1963-01-01,0.0491,40.15,
5419,1963-01-31,0.0491,40.15,
5420,1963-02-01,-0.0289,-0.84,
5447,1963-02-28,-0.0289,-0.84,
5448,1963-03-01,0.0355,33.0,
5478,1963-03-31,0.0355,33.0,
5479,1963-04-01,0.0485,39.83,
5508,1963-04-30,0.0485,39.83,
5509,1963-05-01,0.0143,21.86,
5539,1963-05-31,0.0143,21.86,
5540,1963-06-01,-0.0202,3.73,
5569,1963-06-30,-0.0202,3.73,
5570,1963-07-01,-0.0035,12.51,
5600,1963-07-31,-0.0035,12.51,
5601,1963-08-01,0.0487,39.94,
5631,1963-08-31,0.0487,39.94,
5632,1963-09-01,-0.011,8.57,
5661,1963-09-30,-0.011,8.57,
5662,1963-10-01,0.0322,31.27,
5692,1963-10-31,0.0322,31.27,
5693,1963-11-01,-0.0105,8.83,
5722,1963-11-30,-0.0105,8.83,
5723,1963-12-01,0.0244,27.17,
5753,1963-12-31,0.0244,27.17,
5754,1964-01-01,0.0269,28.48,
5784,1964-01-31,0.0269,28.48,
5785,1964-02-01,0.0099,19.55,
5813,1964-02-29,0.0099,19.55,
5814,1964-03-01,0.0152,22.33,
5844,1964-03-31,0.0152,22.33,
5845,1964-04-01,0.0061,17.55,
5874,1964-04-30,0.0061,17.55,
5875,1964-05-01,0.0115,20.39,
5905,1964-05-31,0.0115,20.39,
5906,1964-06-01,0.0164,22.96,
5935,1964-06-30,0.0164,22.96,
5936,1964-07-01,0.0182,23.91,
5966,1964-07-31,0.0182,23.91,
5967,1964-08-01,-0.0162,5.83,
5997,1964-08-31,-0.0162,5.83,
5998,1964-09-01,0.0287,29.43,
6027,1964-09-30,0.0287,29.43,
6028,1964-10-01,0.0081,18.6,
6058,1964-10-31,0.0081,18.6,
6059,1964-11-01,-0.0052,11.61,
6088,1964-11-30,-0.0052,11.61,
6089,1964-12-01,0.0039,16.4,
6119,1964-12-31,0.0039,16.4,
6120,1965-01-01,0.0332,31.79,
6150,1965-01-31,0.0332,31.79,
6151,1965-02-01,-0.0015,13.56,
6178,1965-02-28,-0.0015,13.56,
6179,1965-03-01,-0.0145,6.73,
6209,1965-03-31,-0.0145,6.73,
6210,1965-04-01,0.0342,32.32,
6239,1965-04-30,0.0342,32.32,
6240,1965-05-01,-0.0077,10.3,
6270,1965-05-31,-0.0077,10.3,
6271,1965-06-01,-0.0486,-11.19,
6300,1965-06-30,-0.0486,-11.19,
6301,1965-07-01,0.0134,21.39,
6331,1965-07-31,0.0134,21.39,
6332,1965-08-01,0.0225,26.17,
6362,1965-08-31,0.0225,26.17,
6363,1965-09-01,0.032,31.16,
6392,1965-09-30,0.032,31.16,
6393,1965-10-01,0.0273,28.69,
6423,1965-10-31,0.0273,28.69,
6424,1965-11-01,-0.0088,9.72,
6453,1965-11-30,-0.0088,9.72,
6454,1965-12-01,0.009,19.08,
6484,1965-12-31,0.009,19.08,
6485,1966-01-01,0.0049,16.92,
6515,1966-01-31,0.0049,16.92,
6516,1966-02-01,-0.0179,4.94,
6543,1966-02-28,-0.0179,4.94,
6544,1966-03-01,-0.0218,2.89,
6574,1966-03-31,-0.0218,2.89,
6575,1966-04-01,0.0205,25.12,
6604,1966-04-30,0.0205,25.12,
6605,1966-05-01,-0.0541,-14.08,
6635,1966-05-31,-0.0541,-14.08,
6636,1966-06-01,-0.0161,5.89,
6665,1966-06-30,-0.0161,5.89,
6666,1966-07-01,-0.0135,7.25,
6696,1966-07-31,-0.0135,7.25,
6697,1966-08-01,-0.0778,-26.54,
6727,1966-08-31,-0.0778,-26.54,
6728,1966-09-01,-0.007,10.67,
6757,1966-09-30,-0.007,10.67,
6758,1966-10-01,0.0475,39.31,
6788,1966-10-31,0.0475,39.31,
6789,1966-11-01,0.0031,15.97,
6818,1966-11-30,0.0031,15.97,
6819,1966-12-01,-0.0015,13.56,
6849,1966-12-31,-0.0015,13.56,
6850,1967-01-01,0.0782,55.44,
6880,1967-01-31,0.0782,55.44,
6881,1967-02-01,0.002,15.4,
6908,1967-02-28,0.002,15.4,
6909,1967-03-01,0.0394,35.05,
6939,1967-03-31,0.0394,35.05,
6940,1967-04-01,0.0422,36.52,
6969,1967-04-30,0.0422,36.52,
6970,1967-05-01,-0.0524,-13.19,
7000,1967-05-31,-0.0524,-13.19,
7001,1967-06-01,0.0175,23.54,
7030,1967-06-30,0.0175,23.54,
7031,1967-07-01,0.0453,38.15,
7061,1967-07-31,0.0453,38.15,
7062,1967-08-01,-0.0117,8.2,
7092,1967-08-31,-0.0117,8.2,
7093,1967-09-01,0.0328,31.58,
7122,1967-09-30,0.0328,31.58,
7123,1967-10-01,-0.0291,-0.95,
7153,1967-10-31,-0.0291,-0.95,
7154,1967-11-01,0.0011,14.92,
7183,1967-11-30,0.0011,14.92,
7184,1967-12-01,0.0263,28.17,
7214,1967-12-31,0.0263,28.17,
7215,1968-01-01,-0.0438,-8.67,
7245,1968-01-31,-0.0438,-8.67,
7246,1968-02-01,-0.0312,-2.05,
7274,1968-02-29,-0.0312,-2.05,
7275,1968-03-01,0.0094,19.29,
7305,1968-03-31,0.0094,19.29,
7306,1968-04-01,0.0819,57.38,
7335,1968-04-30,0.0819,57.38,
7336,1968-05-01,0.0112,20.23,
7366,1968-05-31,0.0112,20.23,
7367,1968-06-01,0.0091,19.13,
7396,1968-06-30,0.0091,19.13,
7397,1968-07-01,-0.0185,4.62,
7427,1968-07-31,-0.0185,4.62,
7428,1968-08-01,0.0115,20.39,
7458,1968-08-31,0.0115,20.39,
7459,1968-09-01,0.0385,34.58,
7488,1968-09-30,0.0385,34.58,
7489,1968-10-01,0.0072,18.13,
7519,1968-10-31,0.0072,18.13,
7520,1968-11-01,0.048,39.57,
7549,1968-11-30,0.048,39.57,
7550,1968-12-01,-0.0416,-7.51,
7580,1968-12-31,-0.0416,-7.51,
7581,1969-01-01,-0.0082,10.04,
7611,1969-01-31,-0.0082,10.04,
7612,1969-02-01,-0.0474,-10.56,
7639,1969-02-28,-0.0474,-10.56,
7640,1969-03-01,0.0344,32.42,
7670,1969-03-31,0.0344,32.42,
7671,1969-04-01,0.0215,25.64,
7700,1969-04-30,0.0215,25.64,
7701,1969-05-01,-0.0022,13.19,
7731,1969-05-31,-0.0022,13.19,
7732,1969-06-01,-0.0556,-14.87,
7761,1969-06-30,-0.0556,-14.87,
7762,1969-07-01,-0.0602,-17.29,
7792,1969-07-31,-0.0602,-17.29,
7793,1969-08-01,0.0401,35.42,
7823,1969-08-31,0.0401,35.42,
7824,1969-09-01,-0.025,1.21,
7853,1969-09-30,-0.025,1.21,
7854,1969-10-01,0.0442,37.57,
7884,1969-10-31,0.0442,37.57,
7885,1969-11-01,-0.0353,-4.2,
7914,1969-11-30,-0.0353,-4.2,
7915,1969-12-01,-0.0187,4.52,
7945,1969-12-31,-0.0187,4.52,
7946,1970-01-01,-0.0765,-25.85,
7976,1970-01-31,-0.0765,-25.85,
7977,1970-02-01,0.0527,42.04,
8004,1970-02-28,0.0527,42.04,
8005,1970-03-01,0.0015,15.13,
8035,1970-03-31,0.0015,15.13,
8036,1970-04-01,-0.0905,-33.21,
8065,1970-04-30,-0.0905,-33.21,
8066,1970-05-01,-0.061,-17.71,
8096,1970-05-31,-0.061,-17.71,
8097,1970-06-01,-0.05,-11.93,
8126,1970-06-30,-0.05,-11.93,
8127,1970-07-01,0.0733,52.86,
8157,1970-07-31,0.0733,52.86,
8158,1970-08-01,0.0445,37.73,
8188,1970-08-31,0.0445,37.73,
8189,1970-09-01,0.033,31.69,
8218,1970-09-30,0.033,31.69,
8219,1970-10-01,-0.0114,8.36,
8249,1970-10-31,-0.0114,8.36,
8250,1970-11-01,0.0474,39.25,
8279,1970-11-30,0.0474,39.25,
8280,1970-12-01,0.0568,44.19,
8310,1970-12-31,0.0568,44.19,
8311,1971-01-01,0.0405,35.63,
8341,1971-01-31,0.0405,35.63,
8342,1971-02-01,0.0091,19.13,
8369,1971-02-28,0.0091,19.13,
8370,1971-03-01,0.0368,33.68,
8400,1971-03-31,0.0368,33.68,
8401,1971-04-01,0.0363,33.42,
8430,1971-04-30,0.0363,33.42,
8431,1971-05-01,-0.0416,-7.51,
8461,1971-05-31,-0.0416,-7.51,
8462,1971-06-01,0.0007,14.71,
8491,1971-06-30,0.0007,14.71,
8492,1971-07-01,-0.0413,-7.36,
8522,1971-07-31,-0.0413,-7.36,
8523,1971-08-01,0.0361,33.32,
8553,1971-08-31,0.0361,33.32,
8554,1971-09-01,-0.007,10.67,
8583,1971-09-30,-0.007,10.67,
8584,1971-10-01,-0.0418,-7.62,
8614,1971-10-31,-0.0418,-7.62,
8615,1971-11-01,-0.0025,13.03,
8644,1971-11-30,-0.0025,13.03,
8645,1971-12-01,0.0862,59.64,
8675,1971-12-31,0.0862,59.64,
8676,1972-01-01,0.0181,23.86,
8706,1972-01-31,0.0181,23.86,
8707,1972-02-01,0.0253,27.64,
8735,1972-02-29,0.0253,27.64,
8736,1972-03-01,0.0059,17.45,
8766,1972-03-31,0.0059,17.45,
8767,1972-04-01,0.0044,16.66,
8796,1972-04-30,0.0044,16.66,
8797,1972-05-01,0.0173,23.44,
8827,1972-05-31,0.0173,23.44,
8828,1972-06-01,-0.0218,2.89,
8857,1972-06-30,-0.0218,2.89,
8858,1972-07-01,0.0023,15.55,
8888,1972-07-31,0.0023,15.55,
8889,1972-08-01,0.0345,32.48,
8919,1972-08-31,0.0345,32.48,
8920,1972-09-01,-0.0049,11.77,
8949,1972-09-30,-0.0049,11.77,
8950,1972-10-01,0.0093,19.23,
8980,1972-10-31,0.0093,19.23,
8981,1972-11-01,0.0456,38.31,
9010,1972-11-30,0.0456,38.31,
9011,1972-12-01,0.0118,20.55,
9041,1972-12-31,0.0118,20.55,
9042,1973-01-01,-0.0171,5.36,
9072,1973-01-31,-0.0171,5.36,
9073,1973-02-01,-0.0375,-5.36,
9100,1973-02-28,-0.0375,-5.36,
9101,1973-03-01,-0.0014,13.61,
9131,1973-03-31,-0.0014,13.61,
9132,1973-04-01,-0.0408,-7.09,
9161,1973-04-30,-0.0408,-7.09,
9162,1973-05-01,-0.0189,4.41,
9192,1973-05-31,-0.0189,4.41,
9193,1973-06-01,-0.0066,10.88,
9222,1973-06-30,-0.0066,10.88,
9223,1973-07-01,0.038,34.31,
9253,1973-07-31,0.038,34.31,
9254,1973-08-01,-0.0367,-4.94,
9284,1973-08-31,-0.0367,-4.94,
9285,1973-09-01,0.0401,35.42,
9314,1973-09-30,0.0401,35.42,
9315,1973-10-01,-0.0013,13.66,
9345,1973-10-31,-0.0013,13.66,
9346,1973-11-01,-0.1139,-45.51,
9375,1973-11-30,-0.1139,-45.51,
9376,1973-12-01,0.0166,23.07,
9406,1973-12-31,0.0166,23.07,
9407,1974-01-01,-0.01,9.09,
9437,1974-01-31,-0.01,9.09,
9438,1974-02-01,-0.0036,12.45,
9465,1974-02-28,-0.0036,12.45,
9466,1974-03-01,-0.0233,2.1,
9496,1974-03-31,-0.0233,2.1,
9497,1974-04-01,-0.0391,-6.2,
9526,1974-04-30,-0.0391,-6.2,
9527,1974-05-01,-0.0336,-3.31,
9557,1974-05-31,-0.0336,-3.31,
9558,1974-06-01,-0.0147,6.62,
9587,1974-06-30,-0.0147,6.62,
9588,1974-07-01,-0.0778,-26.54,
9618,1974-07-31,-0.0778,-26.54,
9619,1974-08-01,-0.0903,-33.11,
9649,1974-08-31,-0.0903,-33.11,
9650,1974-09-01,-0.1193,-48.34,
9679,1974-09-30,-0.1193,-48.34,
9680,1974-10-01,0.163,100.0,
9710,1974-10-31,0.163,100.0,
9711,1974-11-01,-0.0532,-13.61,
9740,1974-11-30,-0.0532,-13.61,
9741,1974-12-01,-0.0202,3.73,
9771,1974-12-31,-0.0202,3.73,
9772,1975-01-01,0.1228,78.88,
9802,1975-01-31,0.1228,78.88,
9803,1975-02-01,0.0599,45.82,
9830,1975-02-28,0.0599,45.82,
9831,1975-03-01,0.0217,25.75,
9861,1975-03-31,0.0217,25.75,
9862,1975-04-01,0.0473,39.2,
9891,1975-04-30,0.0473,39.2,
9892,1975-05-01,0.0441,37.52,
9922,1975-05-31,0.0441,37.52,
9923,1975-06-01,0.0443,37.62,
9952,1975-06-30,0.0443,37.62,
9953,1975-07-01,-0.0677,-21.23,
9983,1975-07-31,-0.0677,-21.23,
9984,1975-08-01,-0.0211,3.26,
10014,1975-08-31,-0.0211,3.26,
10015,1975-09-01,-0.0346,-3.84,
10044,1975-09-30,-0.0346,-3.84,
10045,1975-10-01,0.0616,46.72,
10075,1975-10-31,0.0616,46.72,
10076,1975-11-01,0.0247,27.33,
10105,1975-11-30,0.0247,27.33,
10106,1975-12-01,-0.0115,8.3,
10136,1975-12-31,-0.0115,8.3,
10137,1976-01-01,0.1183,76.51,
10167,1976-01-31,0.1183,76.51,
10168,1976-02-01,-0.0114,8.36,
10196,1976-02-29,-0.0114,8.36,
10197,1976-03-01,0.0307,30.48,
10227,1976-03-31,0.0307,30.48,
10228,1976-04-01,-0.011,8.57,
10257,1976-04-30,-0.011,8.57,
10258,1976-05-01,-0.0144,6.78,
10288,1976-05-31,-0.0144,6.78,
10289,1976-06-01,0.0409,35.84,
10318,1976-06-30,0.0409,35.84,
10319,1976-07-01,-0.0081,10.09,
10349,1976-07-31,-0.0081,10.09,
10350,1976-08-01,-0.0051,11.67,
10380,1976-08-31,-0.0051,11.67,
10381,1976-09-01,0.0226,26.22,
10410,1976-09-30,0.0226,26.22,
10411,1976-10-01,-0.0222,2.68,
10441,1976-10-31,-0.0222,2.68,
10442,1976-11-01,-0.0078,10.25,
10471,1976-11-30,-0.0078,10.25,
10472,1976-12-01,0.0525,41.93,
10502,1976-12-31,0.0525,41.93,
10503,1977-01-01,-0.0505,-12.19,
10533,1977-01-31,-0.0505,-12.19,
10534,1977-02-01,-0.0217,2.94,
10561,1977-02-28,-0.0217,2.94,
10562,1977-03-01,-0.014,6.99,
10592,1977-03-31,-0.014,6.99,
10593,1977-04-01,0.0002,14.45,
10622,1977-04-30,0.0002,14.45,
10623,1977-05-01,-0.0236,1.94,
10653,1977-05-31,-0.0236,1.94,
10654,1977-06-01,0.0454,38.2,
10683,1977-06-30,0.0454,38.2,
10684,1977-07-01,-0.0162,5.83,
10714,1977-07-31,-0.0162,5.83,
10715,1977-08-01,-0.021,3.31,
10745,1977-08-31,-0.021,3.31,
10746,1977-09-01,-0.0025,13.03,
10775,1977-09-30,-0.0025,13.03,
10776,1977-10-01,-0.0434,-8.46,
10806,1977-10-31,-0.0434,-8.46,
10807,1977-11-01,0.027,28.53,
10836,1977-11-30,0.027,28.53,
10837,1977-12-01,0.0028,15.82,
10867,1977-12-31,0.0028,15.82,
10868,1978-01-01,-0.0615,-17.97,
10898,1978-01-31,-0.0615,-17.97,
10899,1978-02-01,-0.0248,1.31,
10926,1978-02-28,-0.0248,1.31,
10927,1978-03-01,0.0249,27.43,
10957,1978-03-31,0.0249,27.43,
10958,1978-04-01,0.0854,59.22,
10987,1978-04-30,0.0854,59.22,
10988,1978-05-01,0.0042,16.55,
11018,1978-05-31,0.0042,16.55,
11019,1978-06-01,-0.0176,5.1,
11048,1978-06-30,-0.0176,5.1,
11049,1978-07-01,0.0539,42.67,
11079,1978-07-31,0.0539,42.67,
11080,1978-08-01,0.0259,27.96,
11110,1978-08-31,0.0259,27.96,
11111,1978-09-01,-0.0073,10.51,
11140,1978-09-30,-0.0073,10.51,
11141,1978-10-01,-0.0916,-33.79,
11171,1978-10-31,-0.0916,-33.79,
11172,1978-11-01,0.0166,23.07,
11201,1978-11-30,0.0166,23.07,
11202,1978-12-01,0.0149,22.18,
11232,1978-12-31,0.0149,22.18,
11233,1979-01-01,0.0397,35.21,
11263,1979-01-31,0.0397,35.21,
11264,1979-02-01,-0.0365,-4.83,
11291,1979-02-28,-0.0365,-4.83,
11292,1979-03-01,0.0552,43.35,
11322,1979-03-31,0.0552,43.35,
11323,1979-04-01,0.0017,15.24,
11352,1979-04-30,0.0017,15.24,
11353,1979-05-01,-0.0263,0.53,
11383,1979-05-31,-0.0263,0.53,
11384,1979-06-01,0.0387,34.68,
11413,1979-06-30,0.0387,34.68,
11414,1979-07-01,0.0087,18.92,
11444,1979-07-31,0.0087,18.92,
11445,1979-08-01,0.0531,42.25,
11475,1979-08-31,0.0531,42.25,
11476,1979-09-01,0.0,14.35,
11505,1979-09-30,0.0,14.35,
11506,1979-10-01,-0.0686,-21.7,
11536,1979-10-31,-0.0686,-21.7,
11537,1979-11-01,0.0426,36.73,
11566,1979-11-30,0.0426,36.73,
11567,1979-12-01,0.0168,23.17,
11597,1979-12-31,0.0168,23.17,
11598,1980-01-01,0.0576,44.61,
11628,1980-01-31,0.0576,44.61,
11629,1980-02-01,-0.0044,12.03,
11657,1980-02-29,-0.0044,12.03,
11658,1980-03-01,-0.1018,-39.15,
11688,1980-03-31,-0.1018,-39.15,
11689,1980-04-01,0.0411,35.94,
11718,1980-04-30,0.0411,35.94,
11719,1980-05-01,0.0466,38.83,
11749,1980-05-31,0.0466,38.83,
11750,1980-06-01,0.027,28.53,
11779,1980-06-30,0.027,28.53,
11780,1980-07-01,0.065,48.5,
11810,1980-07-31,0.065,48.5,
11811,1980-08-01,0.0058,17.39,
11841,1980-08-31,0.0058,17.39,
11842,1980-09-01,0.0252,27.59,
11871,1980-09-30,0.0252,27.59,
11872,1980-10-01,0.016,22.75,
11902,1980-10-31,0.016,22.75,
11903,1980-11-01,0.1024,68.16,
11932,1980-11-30,0.1024,68.16,
11933,1980-12-01,-0.0339,-3.47,
11963,1980-12-31,-0.0339,-3.47,
11964,1981-01-01,-0.0457,-9.67,
11994,1981-01-31,-0.0457,-9.67,
11995,1981-02-01,0.0133,21.33,
12022,1981-02-28,0.0133,21.33,
12023,1981-03-01,0.036,33.26,
12053,1981-03-31,0.036,33.26,
12054,1981-04-01,-0.0235,2.0,
12083,1981-04-30,-0.0235,2.0,
12084,1981-05-01,-0.0017,13.45,
12114,1981-05-31,-0.0017,13.45,
12115,1981-06-01,-0.0104,8.88,
12144,1981-06-30,-0.0104,8.88,
12145,1981-07-01,-0.0022,13.19,
12175,1981-07-31,-0.0022,13.19,
12176,1981-08-01,-0.0621,-18.29,
12206,1981-08-31,-0.0621,-18.29,
12207,1981-09-01,-0.0538,-13.93,
12236,1981-09-30,-0.0538,-13.93,
12237,1981-10-01,0.0491,40.15,
12267,1981-10-31,0.0491,40.15,
12268,1981-11-01,0.0366,33.58,
12297,1981-11-30,0.0366,33.58,
12298,1981-12-01,-0.0301,-1.47,
12328,1981-12-31,-0.0301,-1.47,
12329,1982-01-01,-0.0175,5.15,
12359,1982-01-31,-0.0175,5.15,
12360,1982-02-01,-0.0605,-17.45,
12387,1982-02-28,-0.0605,-17.45,
12388,1982-03-01,-0.0102,8.99,
12418,1982-03-31,-0.0102,8.99,
12419,1982-04-01,0.04,35.37,
12448,1982-04-30,0.04,35.37,
12449,1982-05-01,-0.0392,-6.25,
12479,1982-05-31,-0.0392,-6.25,
12480,1982-06-01,-0.0203,3.68,
12509,1982-06-30,-0.0203,3.68,
12510,1982-07-01,-0.023,2.26,
12540,1982-07-31,-0.023,2.26,
12541,1982-08-01,0.116,75.3,
12571,1982-08-31,0.116,75.3,
12572,1982-09-01,0.0076,18.34,
12601,1982-09-30,0.0076,18.34,
12602,1982-10-01,0.1104,72.36,
12632,1982-10-31,0.1104,72.36,
12633,1982-11-01,0.0361,33.32,
12662,1982-11-30,0.0361,33.32,
12663,1982-12-01,0.0152,22.33,
12693,1982-12-31,0.0152,22.33,
12694,1983-01-01,0.0331,31.74,
12724,1983-01-31,0.0331,31.74,
12725,1983-02-01,0.019,24.33,
12752,1983-02-28,0.019,24.33,
12753,1983-03-01,0.0331,31.74,
12783,1983-03-31,0.0331,31.74,
12784,1983-04-01,0.0749,53.7,
12813,1983-04-30,0.0749,53.7,
12814,1983-05-01,-0.0123,7.88,
12844,1983-05-31,-0.0123,7.88,
12845,1983-06-01,0.0352,32.84,
12874,1983-06-30,0.0352,32.84,
12875,1983-07-01,-0.033,-3.0,
12905,1983-07-31,-0.033,-3.0,
12906,1983-08-01,0.0113,20.28,
12936,1983-08-31,0.0113,20.28,
12937,1983-09-01,0.0102,19.71,
12966,1983-09-30,0.0102,19.71,
12967,1983-10-01,-0.0152,6.36,
12997,1983-10-31,-0.0152,6.36,
12998,1983-11-01,0.0174,23.49,
13027,1983-11-30,0.0174,23.49,
13028,1983-12-01,-0.0088,9.72,
13058,1983-12-31,-0.0088,9.72,
13059,1984-01-01,-0.0092,9.51,
13089,1984-01-31,-0.0092,9.51,
13090,1984-02-01,-0.0389,-6.1,
13118,1984-02-29,-0.0389,-6.1,
13119,1984-03-01,0.0135,21.44,
13149,1984-03-31,0.0135,21.44,
13150,1984-04-01,0.0055,17.24,
13179,1984-04-30,0.0055,17.24,
13180,1984-05-01,-0.0594,-16.87,
13210,1984-05-31,-0.0594,-16.87,
13211,1984-06-01,0.0175,23.54,
13240,1984-06-30,0.0175,23.54,
13241,1984-07-01,-0.0165,5.68,
13271,1984-07-31,-0.0165,5.68,
13272,1984-08-01,0.1063,70.2,
13302,1984-08-31,0.1063,70.2,
13303,1984-09-01,-0.0035,12.51,
13332,1984-09-30,-0.0035,12.51,
13333,1984-10-01,-0.0001,14.29,
13363,1984-10-31,-0.0001,14.29,
13364,1984-11-01,-0.0151,6.41,
13393,1984-11-30,-0.0151,6.41,
13394,1984-12-01,0.0224,26.12,
13424,1984-12-31,0.0224,26.12,
13425,1985-01-01,0.0741,53.28,
13455,1985-01-31,0.0741,53.28,
13456,1985-02-01,0.0086,18.86,
13483,1985-02-28,0.0086,18.86,
13484,1985-03-01,-0.0029,12.82,
13514,1985-03-31,-0.0029,12.82,
13515,1985-04-01,-0.0046,11.93,
13544,1985-04-30,-0.0046,11.93,
13545,1985-05-01,0.0541,42.77,
13575,1985-05-31,0.0541,42.77,
13576,1985-06-01,0.0121,20.7,
13605,1985-06-30,0.0121,20.7,
13606,1985-07-01,-0.0048,11.82,
13636,1985-07-31,-0.0048,11.82,
13637,1985-08-01,-0.012,8.04,
13667,1985-08-31,-0.012,8.04,
13668,1985-09-01,-0.0347,-3.89,
13697,1985-09-30,-0.0347,-3.89,
13698,1985-10-01,0.0425,36.68,
13728,1985-10-31,0.0425,36.68,
13729,1985-11-01,0.0651,48.55,
13758,1985-11-30,0.0651,48.55,
13759,1985-12-01,0.0451,38.05,
13789,1985-12-31,0.0451,38.05,
13790,1986-01-01,0.0024,15.61,
13820,1986-01-31,0.0024,15.61,
13821,1986-02-01,0.0715,51.92,
13848,1986-02-28,0.0715,51.92,
13849,1986-03-01,0.0528,42.09,
13879,1986-03-31,0.0528,42.09,
13880,1986-04-01,-0.0141,6.94,
13909,1986-04-30,-0.0141,6.94,
13910,1986-05-01,0.0502,40.73,
13940,1986-05-31,0.0502,40.73,
13941,1986-06-01,0.0141,21.76,
13970,1986-06-30,0.0141,21.76,
13971,1986-07-01,-0.0587,-16.5,
14001,1986-07-31,-0.0587,-16.5,
14002,1986-08-01,0.0712,51.76,
14032,1986-08-31,0.0712,51.76,
14033,1986-09-01,-0.0854,-30.53,
14062,1986-09-30,-0.0854,-30.53,
14063,1986-10-01,0.0547,43.09,
14093,1986-10-31,0.0547,43.09,
14094,1986-11-01,0.0215,25.64,
14123,1986-11-30,0.0215,25.64,
14124,1986-12-01,-0.0283,-0.53,
14154,1986-12-31,-0.0283,-0.53,
14155,1987-01-01,0.1318,83.6,
14185,1987-01-31,0.1318,83.6,
14186,1987-02-01,0.0369,33.74,
14213,1987-02-28,0.0369,33.74,
14214,1987-03-01,0.0264,28.22,
14244,1987-03-31,0.0264,28.22,
14245,1987-04-01,-0.0115,8.3,
14274,1987-04-30,-0.0115,8.3,
14275,1987-05-01,0.006,17.5,
14305,1987-05-31,0.006,17.5,
14306,1987-06-01,0.0479,39.52,
14335,1987-06-30,0.0479,39.52,
14336,1987-07-01,0.0482,39.67,
14366,1987-07-31,0.0482,39.67,
14367,1987-08-01,0.035,32.74,
14397,1987-08-31,0.035,32.74,
14398,1987-09-01,-0.0242,1.63,
14427,1987-09-30,-0.0242,1.63,
14428,1987-10-01,-0.2176,-100.0,
14458,1987-10-31,-0.2176,-100.0,
14459,1987-11-01,-0.0853,-30.48,
14488,1987-11-30,-0.0853,-30.48,
14489,1987-12-01,0.0729,52.65,
14519,1987-12-31,0.0729,52.65,
14520,1988-01-01,0.0404,35.58,
14550,1988-01-31,0.0404,35.58,
14551,1988-02-01,0.0418,36.31,
14579,1988-02-29,0.0418,36.31,
14580,1988-03-01,-0.0333,-3.15,
14610,1988-03-31,-0.0333,-3.15,
14611,1988-04-01,0.0094,19.29,
14640,1988-04-30,0.0094,19.29,
14641,1988-05-01,0.0032,16.03,
14671,1988-05-31,0.0032,16.03,
14672,1988-06-01,0.0433,37.1,
14701,1988-06-30,0.0433,37.1,
14702,1988-07-01,-0.0054,11.51,
14732,1988-07-31,-0.0054,11.51,
14733,1988-08-01,-0.0386,-5.94,
14763,1988-08-31,-0.0386,-5.94,
14764,1988-09-01,0.0397,35.21,
14793,1988-09-30,0.0397,35.21,
14794,1988-10-01,0.026,28.01,
14824,1988-10-31,0.026,28.01,
14825,1988-11-01,-0.0189,4.41,
14854,1988-11-30,-0.0189,4.41,
14855,1988-12-01,0.0147,22.07,
14885,1988-12-31,0.0147,22.07,
14886,1989-01-01,0.0711,51.71,
14916,1989-01-31,0.0711,51.71,
14917,1989-02-01,-0.0289,-0.84,
14944,1989-02-28,-0.0289,-0.84,
14945,1989-03-01,0.0208,25.28,
14975,1989-03-31,0.0208,25.28,
14976,1989-04-01,0.0501,40.67,
15005,1989-04-30,0.0501,40.67,
15006,1989-05-01,0.0351,32.79,
15036,1989-05-31,0.0351,32.79,
15037,1989-06-01,-0.0079,10.19,
15066,1989-06-30,-0.0079,10.19,
15067,1989-07-01,0.0884,60.8,
15097,1989-07-31,0.0884,60.8,
15098,1989-08-01,0.0155,22.49,
15128,1989-08-31,0.0155,22.49,
15129,1989-09-01,-0.0065,10.93,
15158,1989-09-30,-0.0065,10.93,
15159,1989-10-01,-0.0252,1.1,
15189,1989-10-31,-0.0252,1.1,
15190,1989-11-01,0.0165,23.02,
15219,1989-11-30,0.0165,23.02,
15220,1989-12-01,0.0214,25.59,
15250,1989-12-31,0.0214,25.59,
15251,1990-01-01,-0.0688,-21.81,
15281,1990-01-31,-0.0688,-21.81,
15282,1990-02-01,0.0085,18.81,
15309,1990-02-28,0.0085,18.81,
15310,1990-03-01,0.0243,27.12,
15340,1990-03-31,0.0243,27.12,
15341,1990-04-01,-0.0269,0.21,
15370,1990-04-30,-0.0269,0.21,
15371,1990-05-01,0.092,62.69,
15401,1990-05-31,0.092,62.69,
15402,1990-06-01,-0.0089,9.67,
15431,1990-06-30,-0.0089,9.67,
15432,1990-07-01,-0.0052,11.61,
15462,1990-07-31,-0.0052,11.61,
15463,1990-08-01,-0.0943,-35.21,
15493,1990-08-31,-0.0943,-35.21,
15494,1990-09-01,-0.0512,-12.56,
15523,1990-09-30,-0.0512,-12.56,
15524,1990-10-01,-0.0067,10.83,
15554,1990-10-31,-0.0067,10.83,
15555,1990-11-01,0.0599,45.82,
15584,1990-11-30,0.0599,45.82,
15585,1990-12-01,0.0248,27.38,
15615,1990-12-31,0.0248,27.38,
15616,1991-01-01,0.0415,36.15,
15646,1991-01-31,0.0415,36.15,
15647,1991-02-01,0.0673,49.71,
15674,1991-02-28,0.0673,49.71,
15675,1991-03-01,0.0222,26.01,
15705,1991-03-31,0.0222,26.01,
15706,1991-04-01,0.0003,14.5,
15735,1991-04-30,0.0003,14.5,
15736,1991-05-01,0.0386,34.63,
15766,1991-05-31,0.0386,34.63,
15767,1991-06-01,-0.0479,-10.83,
15796,1991-06-30,-0.0479,-10.83,
15797,1991-07-01,0.0449,37.94,
15827,1991-07-31,0.0449,37.94,
15828,1991-08-01,0.0196,24.65,
15858,1991-08-31,0.0196,24.65,
15859,1991-09-01,-0.0191,4.31,
15888,1991-09-30,-0.0191,4.31,
15889,1991-10-01,0.0119,20.6,
15919,1991-10-31,0.0119,20.6,
15920,1991-11-01,-0.0439,-8.72,
15949,1991-11-30,-0.0439,-8.72,
15950,1991-12-01,0.1116,72.99,
15980,1991-12-31,0.1116,72.99,
15981,1992-01-01,-0.0199,3.89,
16011,1992-01-31,-0.0199,3.89,
16012,1992-02-01,0.0096,19.39,
16040,1992-02-29,0.0096,19.39,
16041,1992-03-01,-0.0218,2.89,
16071,1992-03-31,-0.0218,2.89,
16072,1992-04-01,0.0279,29.01,
16101,1992-04-30,0.0279,29.01,
16102,1992-05-01,0.001,14.87,
16132,1992-05-31,0.001,14.87,
16133,1992-06-01,-0.0174,5.2,
16162,1992-06-30,-0.0174,5.2,
16163,1992-07-01,0.0394,35.05,
16193,1992-07-31,0.0394,35.05,
16194,1992-08-01,-0.024,1.73,
16224,1992-08-31,-0.024,1.73,
16225,1992-09-01,0.0091,19.13,
16254,1992-09-30,0.0091,19.13,
16255,1992-10-01,0.0021,15.45,
16285,1992-10-31,0.0021,15.45,
16286,1992-11-01,0.0303,30.27,
16315,1992-11-30,0.0303,30.27,
16316,1992-12-01,0.0101,19.65,
16346,1992-12-31,0.0101,19.65,
16347,1993-01-01,0.007,18.02,
16377,1993-01-31,0.007,18.02,
16378,1993-02-01,0.0105,19.86,
16405,1993-02-28,0.0105,19.86,
16406,1993-03-01,0.0187,24.17,
16436,1993-03-31,0.0187,24.17,
16437,1993-04-01,-0.0254,1.0,
16466,1993-04-30,-0.0254,1.0,
16467,1993-05-01,0.0227,26.27,
16497,1993-05-31,0.0227,26.27,
16498,1993-06-01,0.0008,14.77,
16527,1993-06-30,0.0008,14.77,
16528,1993-07-01,-0.0053,11.56,
16558,1993-07-31,-0.0053,11.56,
16559,1993-08-01,0.0344,32.42,
16589,1993-08-31,0.0344,32.42,
16590,1993-09-01,-0.01,9.09,
16619,1993-09-30,-0.01,9.09,
16620,1993-10-01,0.0194,24.54,
16650,1993-10-31,0.0194,24.54,
16651,1993-11-01,-0.0129,7.57,
16680,1993-11-30,-0.0129,7.57,
16681,1993-12-01,0.0101,19.65,
16711,1993-12-31,0.0101,19.65,
16712,1994-01-01,0.0325,31.42,
16742,1994-01-31,0.0325,31.42,
16743,1994-02-01,-0.03,-1.42,
16770,1994-02-28,-0.03,-1.42,
16771,1994-03-01,-0.0457,-9.67,
16801,1994-03-31,-0.0457,-9.67,
16802,1994-04-01,0.0115,20.39,
16831,1994-04-30,0.0115,20.39,
16832,1994-05-01,0.0124,20.86,
16862,1994-05-31,0.0124,20.86,
16863,1994-06-01,-0.0268,0.26,
16892,1994-06-30,-0.0268,0.26,
16893,1994-07-01,0.0315,30.9,
16923,1994-07-31,0.0315,30.9,
16924,1994-08-01,0.0376,34.1,
16954,1994-08-31,0.0376,34.1,
16955,1994-09-01,-0.0269,0.21,
16984,1994-09-30,-0.0269,0.21,
16985,1994-10-01,0.0209,25.33,
17015,1994-10-31,0.0209,25.33,
17016,1994-11-01,-0.0395,-6.41,
17045,1994-11-30,-0.0395,-6.41,
17046,1994-12-01,0.0123,20.81,
17076,1994-12-31,0.0123,20.81,
17077,1995-01-01,0.0243,27.12,
17107,1995-01-31,0.0243,27.12,
17108,1995-02-01,0.0361,33.32,
17135,1995-02-28,0.0361,33.32,
17136,1995-03-01,0.0273,28.69,
17166,1995-03-31,0.0273,28.69,
17167,1995-04-01,0.028,29.06,
17196,1995-04-30,0.028,29.06,
17197,1995-05-01,0.0363,33.42,
17227,1995-05-31,0.0363,33.42,
17228,1995-06-01,0.0213,25.54,
17257,1995-06-30,0.0213,25.54,
17258,1995-07-01,0.0318,31.06,
17288,1995-07-31,0.0318,31.06,
17289,1995-08-01,-0.0003,14.19,
17319,1995-08-31,-0.0003,14.19,
17320,1995-09-01,0.0401,35.42,
17349,1995-09-30,0.0401,35.42,
17350,1995-10-01,-0.005,11.72,
17380,1995-10-31,-0.005,11.72,
17381,1995-11-01,0.041,35.89,
17410,1995-11-30,0.041,35.89,
17411,1995-12-01,0.0174,23.49,
17441,1995-12-31,0.0174,23.49,
17442,1996-01-01,0.0326,31.48,
17472,1996-01-31,0.0326,31.48,
17473,1996-02-01,0.0069,17.97,
17501,1996-02-29,0.0069,17.97,
17502,1996-03-01,0.0079,18.5,
17532,1996-03-31,0.0079,18.5,
17533,1996-04-01,0.0134,21.39,
17562,1996-04-30,0.0134,21.39,
17563,1996-05-01,0.0229,26.38,
17593,1996-05-31,0.0229,26.38,
17594,1996-06-01,0.0023,15.55,
17623,1996-06-30,0.0023,15.55,
17624,1996-07-01,-0.0457,-9.67,
17654,1996-07-31,-0.0457,-9.67,
17655,1996-08-01,0.0188,24.22,
17685,1996-08-31,0.0188,24.22,
17686,1996-09-01,0.0542,42.83,
17715,1996-09-30,0.0542,42.83,
17716,1996-10-01,0.0261,28.06,
17746,1996-10-31,0.0261,28.06,
17747,1996-11-01,0.0734,52.92,
17776,1996-11-30,0.0734,52.92,
17777,1996-12-01,-0.0215,3.05,
17807,1996-12-31,-0.0215,3.05,
17808,1997-01-01,0.0613,46.56,
17838,1997-01-31,0.0613,46.56,
17839,1997-02-01,0.0059,17.45,
17866,1997-02-28,0.0059,17.45,
17867,1997-03-01,-0.0426,-8.04,
17897,1997-03-31,-0.0426,-8.04,
17898,1997-04-01,0.0584,45.03,
17927,1997-04-30,0.0584,45.03,
17928,1997-05-01,0.0586,45.14,
17958,1997-05-31,0.0586,45.14,
17959,1997-06-01,0.0435,37.2,
17988,1997-06-30,0.0435,37.2,
17989,1997-07-01,0.0781,55.39,
18019,1997-07-31,0.0781,55.39,
18020,1997-08-01,-0.0574,-15.82,
18050,1997-08-31,-0.0574,-15.82,
18051,1997-09-01,0.0532,42.3,
18080,1997-09-30,0.0532,42.3,
18081,1997-10-01,-0.0345,-3.78,
18111,1997-10-31,-0.0345,-3.78,
18112,1997-11-01,0.0446,37.78,
18141,1997-11-30,0.0446,37.78,
18142,1997-12-01,0.0157,22.6,
18172,1997-12-31,0.0157,22.6,
18173,1998-01-01,0.0102,19.71,
18203,1998-01-31,0.0102,19.71,
18204,1998-02-01,0.0704,51.34,
18231,1998-02-28,0.0704,51.34,
18232,1998-03-01,0.0499,40.57,
18262,1998-03-31,0.0499,40.57,
18263,1998-04-01,0.0091,19.13,
18292,1998-04-30,0.0091,19.13,
18293,1998-05-01,-0.0188,4.47,
18323,1998-05-31,-0.0188,4.47,
18324,1998-06-01,0.0394,35.05,
18353,1998-06-30,0.0394,35.05,
18354,1998-07-01,-0.0116,8.25,
18384,1998-07-31,-0.0116,8.25,
18385,1998-08-01,-0.1458,-62.27,
18415,1998-08-31,-0.1458,-62.27,
18416,1998-09-01,0.0624,47.14,
18445,1998-09-30,0.0624,47.14,
18446,1998-10-01,0.0803,56.54,
18476,1998-10-31,0.0803,56.54,
18477,1998-11-01,0.0591,45.4,
18506,1998-11-30,0.0591,45.4,
18507,1998-12-01,0.0564,43.98,
18537,1998-12-31,0.0564,43.98,
18538,1999-01-01,0.041,35.89,
18568,1999-01-31,0.041,35.89,
18569,1999-02-01,-0.0323,-2.63,
18596,1999-02-28,-0.0323,-2.63,
18597,1999-03-01,0.0388,34.73,
18627,1999-03-31,0.0388,34.73,
18628,1999-04-01,0.0379,34.26,
18657,1999-04-30,0.0379,34.26,
18658,1999-05-01,-0.025,1.21,
18688,1999-05-31,-0.025,1.21,
18689,1999-06-01,0.0544,42.93,
18718,1999-06-30,0.0544,42.93,
18719,1999-07-01,-0.032,-2.47,
18749,1999-07-31,-0.032,-2.47,
18750,1999-08-01,-0.0063,11.04,
18780,1999-08-31,-0.0063,11.04,
18781,1999-09-01,-0.0286,-0.68,
18810,1999-09-30,-0.0286,-0.68,
18811,1999-10-01,0.0625,47.19,
18841,1999-10-31,0.0625,47.19,
18842,1999-11-01,0.0191,24.38,
18871,1999-11-30,0.0191,24.38,
18872,1999-12-01,0.0578,44.72,
18902,1999-12-31,0.0578,44.72,
18903,2000-01-01,-0.0509,-12.4,
18933,2000-01-31,-0.0509,-12.4,
18934,2000-02-01,-0.0201,3.78,
18962,2000-02-29,-0.0201,3.78,
18963,2000-03-01,0.0967,65.16,
18993,2000-03-31,0.0967,65.16,
18994,2000-04-01,-0.0308,-1.84,
19023,2000-04-30,-0.0308,-1.84,
19024,2000-05-01,-0.0219,2.84,
19054,2000-05-31,-0.0219,2.84,
19055,2000-06-01,0.0239,26.9,
19084,2000-06-30,0.0239,26.9,
19085,2000-07-01,-0.0163,5.78,
19115,2000-07-31,-0.0163,5.78,
19116,2000-08-01,0.0607,46.24,
19146,2000-08-31,0.0607,46.24,
19147,2000-09-01,-0.0535,-13.77,
19176,2000-09-30,-0.0535,-13.77,
19177,2000-10-01,-0.0049,11.77,
19207,2000-10-31,-0.0049,11.77,
19208,2000-11-01,-0.0801,-27.75,
19237,2000-11-30,-0.0801,-27.75,
19238,2000-12-01,0.0041,16.5,
19268,2000-12-31,0.0041,16.5,
19269,2001-01-01,0.0346,32.53,
19299,2001-01-31,0.0346,32.53,
19300,2001-02-01,-0.0923,-34.16,
19327,2001-02-28,-0.0923,-34.16,
19328,2001-03-01,-0.0642,-19.39,
19358,2001-03-31,-0.0642,-19.39,
19359,2001-04-01,0.0768,54.7,
19388,2001-04-30,0.0768,54.7,
19389,2001-05-01,0.0051,17.03,
19419,2001-05-31,0.0051,17.03,
19420,2001-06-01,-0.025,1.21,
19449,2001-06-30,-0.025,1.21,
19450,2001-07-01,-0.0108,8.67,
19480,2001-07-31,-0.0108,8.67,
19481,2001-08-01,-0.0641,-19.34,
19511,2001-08-31,-0.0641,-19.34,
19512,2001-09-01,-0.0817,-28.59,
19541,2001-09-30,-0.0817,-28.59,
19542,2001-10-01,0.0181,23.86,
19572,2001-10-31,0.0181,23.86,
19573,2001-11-01,0.0752,53.86,
19602,2001-11-30,0.0752,53.86,
19603,2001-12-01,0.0076,18.34,
19633,2001-12-31,0.0076,18.34,
19634,2002-01-01,-0.0156,6.15,
19664,2002-01-31,-0.0156,6.15,
19665,2002-02-01,-0.0208,3.42,
19692,2002-02-28,-0.0208,3.42,
19693,2002-03-01,0.0367,33.63,
19723,2002-03-31,0.0367,33.63,
19724,2002-04-01,-0.0614,-17.92,
19753,2002-04-30,-0.0614,-17.92,
19754,2002-05-01,-0.0091,9.56,
19784,2002-05-31,-0.0091,9.56,
19785,2002-06-01,-0.0725,-23.75,
19814,2002-06-30,-0.0725,-23.75,
19815,2002-07-01,-0.079,-27.17,
19845,2002-07-31,-0.079,-27.17,
19846,2002-08-01,0.0049,16.92,
19876,2002-08-31,0.0049,16.92,
19877,2002-09-01,-0.11,-43.46,
19906,2002-09-30,-0.11,-43.46,
19907,2002-10-01,0.0864,59.75,
19937,2002-10-31,0.0864,59.75,
19938,2002-11-01,0.0571,44.35,
19967,2002-11-30,0.0571,44.35,
19968,2002-12-01,-0.0603,-17.34,
19998,2002-12-31,-0.0603,-17.34,
19999,2003-01-01,-0.0274,-0.05,
20029,2003-01-31,-0.0274,-0.05,
20030,2003-02-01,-0.017,5.41,
20057,2003-02-28,-0.017,5.41,
20058,2003-03-01,0.0084,18.76,
20088,2003-03-31,0.0084,18.76,
20089,2003-04-01,0.081,56.91,
20118,2003-04-30,0.081,56.91,
20119,2003-05-01,0.0509,41.09,
20149,2003-05-31,0.0509,41.09,
20150,2003-06-01,0.0113,20.28,
20179,2003-06-30,0.0113,20.28,
20180,2003-07-01,0.0162,22.86,
20210,2003-07-31,0.0162,22.86,
20211,2003-08-01,0.0179,23.75,
20241,2003-08-31,0.0179,23.75,
20242,2003-09-01,-0.0119,8.09,
20271,2003-09-30,-0.0119,8.09,
20272,2003-10-01,0.055,43.25,
20302,2003-10-31,0.055,43.25,
20303,2003-11-01,0.0071,18.08,
20332,2003-11-30,0.0071,18.08,
20333,2003-12-01,0.0508,41.04,
20363,2003-12-31,0.0508,41.04,
20364,2004-01-01,0.0173,23.44,
20394,2004-01-31,0.0173,23.44,
20395,2004-02-01,0.0122,20.76,
20423,2004-02-29,0.0122,20.76,
20424,2004-03-01,-0.0164,5.73,
20454,2004-03-31,-0.0164,5.73,
20455,2004-04-01,-0.0168,5.52,
20484,2004-04-30,-0.0168,5.52,
20485,2004-05-01,0.0121,20.7,
20515,2004-05-31,0.0121,20.7,
20516,2004-06-01,0.018,23.8,
20545,2004-06-30,0.018,23.8,
20546,2004-07-01,-0.0343,-3.68,
20576,2004-07-31,-0.0343,-3.68,
20577,2004-08-01,0.0023,15.55,
20607,2004-08-31,0.0023,15.55,
20608,2004-09-01,0.0094,19.29,
20637,2004-09-30,0.0094,19.29,
20638,2004-10-01,0.014,21.7,
20668,2004-10-31,0.014,21.7,
20669,2004-11-01,0.0386,34.63,
20698,2004-11-30,0.0386,34.63,
20699,2004-12-01,0.0325,31.42,
20729,2004-12-31,0.0325,31.42,
20730,2005-01-01,-0.0253,1.05,
20760,2005-01-31,-0.0253,1.05,
20761,2005-02-01,0.0189,24.28,
20788,2005-02-28,0.0189,24.28,
20789,2005-03-01,-0.0191,4.31,
20819,2005-03-31,-0.0191,4.31,
20820,2005-04-01,-0.0201,3.78,
20849,2005-04-30,-0.0201,3.78,
20850,2005-05-01,0.03,30.11,
20880,2005-05-31,0.03,30.11,
20881,2005-06-01,-0.0001,14.29,
20910,2005-06-30,-0.0001,14.29,
20911,2005-07-01,0.036,33.26,
20941,2005-07-31,0.036,33.26,
20942,2005-08-01,-0.0112,8.46,
20972,2005-08-31,-0.0112,8.46,
20973,2005-09-01,0.0069,17.97,
21002,2005-09-30,0.0069,17.97,
21003,2005-10-01,-0.0177,5.04,
21033,2005-10-31,-0.0177,5.04,
21034,2005-11-01,0.0352,32.84,
21063,2005-11-30,0.0352,32.84,
21064,2005-12-01,-0.001,13.82,
21094,2005-12-31,-0.001,13.82,
21095,2006-01-01,0.0255,27.75,
21125,2006-01-31,0.0255,27.75,
21126,2006-02-01,0.0005,14.61,
21153,2006-02-28,0.0005,14.61,
21154,2006-03-01,0.0111,20.18,
21184,2006-03-31,0.0111,20.18,
21185,2006-04-01,0.0122,20.76,
21214,2006-04-30,0.0122,20.76,
21215,2006-05-01,-0.0309,-1.89,
21245,2006-05-31,-0.0309,-1.89,
21246,2006-06-01,0.0001,14.4,
21275,2006-06-30,0.0001,14.4,
21276,2006-07-01,0.0051,17.03,
21306,2006-07-31,0.0051,17.03,
21307,2006-08-01,0.0213,25.54,
21337,2006-08-31,0.0213,25.54,
21338,2006-09-01,0.0246,27.27,
21367,2006-09-30,0.0246,27.27,
21368,2006-10-01,0.0315,30.9,
21398,2006-10-31,0.0315,30.9,
21399,2006-11-01,0.0165,23.02,
21428,2006-11-30,0.0165,23.02,
21429,2006-12-01,0.0126,20.97,
21459,2006-12-31,0.0126,20.97,
21460,2007-01-01,0.0141,21.76,
21490,2007-01-31,0.0141,21.76,
21491,2007-02-01,-0.0218,2.89,
21518,2007-02-28,-0.0218,2.89,
21519,2007-03-01,0.01,19.6,
21549,2007-03-31,0.01,19.6,
21550,2007-04-01,0.0433,37.1,
21579,2007-04-30,0.0433,37.1,
21580,2007-05-01,0.0325,31.42,
21610,2007-05-31,0.0325,31.42,
21611,2007-06-01,-0.0178,4.99,
21640,2007-06-30,-0.0178,4.99,
21641,2007-07-01,-0.032,-2.47,
21671,2007-07-31,-0.032,-2.47,
21672,2007-08-01,0.0129,21.12,
21702,2007-08-31,0.0129,21.12,
21703,2007-09-01,0.0358,33.16,
21732,2007-09-30,0.0358,33.16,
21733,2007-10-01,0.0148,22.12,
21763,2007-10-31,0.0148,22.12,
21764,2007-11-01,-0.044,-8.78,
21793,2007-11-30,-0.044,-8.78,
21794,2007-12-01,-0.0086,9.83,
21824,2007-12-31,-0.0086,9.83,
21825,2008-01-01,-0.0612,-17.81,
21855,2008-01-31,-0.0612,-17.81,
21856,2008-02-01,-0.0348,-3.94,
21884,2008-02-29,-0.0348,-3.94,
21885,2008-03-01,-0.006,11.19,
21915,2008-03-31,-0.006,11.19,
21916,2008-04-01,0.0475,39.31,
21945,2008-04-30,0.0475,39.31,
21946,2008-05-01,0.0107,19.97,
21976,2008-05-31,0.0107,19.97,
21977,2008-06-01,-0.086,-30.85,
22006,2008-06-30,-0.086,-30.85,
22007,2008-07-01,-0.0099,9.14,
22037,2008-07-31,-0.0099,9.14,
22038,2008-08-01,0.0122,20.76,
22068,2008-08-31,0.0122,20.76,
22069,2008-09-01,-0.0908,-33.37,
22098,2008-09-30,-0.0908,-33.37,
22099,2008-10-01,-0.1694,-74.67,
22129,2008-10-31,-0.1694,-74.67,
22130,2008-11-01,-0.0748,-24.96,
22159,2008-11-30,-0.0748,-24.96,
22160,2008-12-01,0.0078,18.44,
22190,2008-12-31,0.0078,18.44,
22191,2009-01-01,-0.0857,-30.69,
22221,2009-01-31,-0.0857,-30.69,
22222,2009-02-01,-0.1099,-43.41,
22249,2009-02-28,-0.1099,-43.41,
22250,2009-03-01,0.0854,59.22,
22280,2009-03-31,0.0854,59.22,
22281,2009-04-01,0.0939,63.69,
22310,2009-04-30,0.0939,63.69,
22311,2009-05-01,0.0531,42.25,
22341,2009-05-31,0.0531,42.25,
22342,2009-06-01,0.0002,14.45,
22371,2009-06-30,0.0002,14.45,
22372,2009-07-01,0.0741,53.28,
22402,2009-07-31,0.0741,53.28,
22403,2009-08-01,0.0336,32.0,
22433,2009-08-31,0.0336,32.0,
22434,2009-09-01,0.0357,33.11,
22463,2009-09-30,0.0357,33.11,
22464,2009-10-01,-0.0198,3.94,
22494,2009-10-31,-0.0198,3.94,
22495,2009-11-01,0.0574,44.51,
22524,2009-11-30,0.0574,44.51,
22525,2009-12-01,0.0178,23.7,
22555,2009-12-31,0.0178,23.7,
22556,2010-01-01,-0.037,-5.1,
22586,2010-01-31,-0.037,-5.1,
22587,2010-02-01,0.0285,29.32,
22614,2010-02-28,0.0285,29.32,
22615,2010-03-01,0.0588,45.24,
22645,2010-03-31,0.0588,45.24,
22646,2010-04-01,0.0148,22.12,
22675,2010-04-30,0.0148,22.12,
22676,2010-05-01,-0.082,-28.74,
22706,2010-05-31,-0.082,-28.74,
22707,2010-06-01,-0.0539,-13.98,
22736,2010-06-30,-0.0539,-13.98,
22737,2010-07-01,0.0688,50.5,
22767,2010-07-31,0.0688,50.5,
22768,2010-08-01,-0.0474,-10.56,
22798,2010-08-31,-0.0474,-10.56,
22799,2010-09-01,0.0876,60.38,
22828,2010-09-30,0.0876,60.38,
22829,2010-10-01,0.0369,33.74,
22859,2010-10-31,0.0369,33.74,
22860,2010-11-01,-0.0023,13.14,
22889,2010-11-30,-0.0023,13.14,
22890,2010-12-01,0.0653,48.66,
22920,2010-12-31,0.0653,48.66,
22921,2011-01-01,0.0226,26.22,
22951,2011-01-31,0.0226,26.22,
22952,2011-02-01,0.032,31.16,
22979,2011-02-28,0.032,31.16,
22980,2011-03-01,-0.001,13.82,
23010,2011-03-31,-0.001,13.82,
23011,2011-04-01,0.0285,29.32,
23040,2011-04-30,0.0285,29.32,
23041,2011-05-01,-0.0135,7.25,
23071,2011-05-31,-0.0135,7.25,
23072,2011-06-01,-0.0183,4.73,
23101,2011-06-30,-0.0183,4.73,
23102,2011-07-01,-0.0215,3.05,
23132,2011-07-31,-0.0215,3.05,
23133,2011-08-01,-0.0568,-15.5,
23163,2011-08-31,-0.0568,-15.5,
23164,2011-09-01,-0.0718,-23.38,
23193,2011-09-30,-0.0718,-23.38,
23194,2011-10-01,0.1077,70.94,
23224,2011-10-31,0.1077,70.94,
23225,2011-11-01,-0.0051,11.67,
23254,2011-11-30,-0.0051,11.67,
23255,2011-12-01,0.0085,18.81,
23285,2011-12-31,0.0085,18.81,
23286,2012-01-01,0.0436,37.26,
23316,2012-01-31,0.0436,37.26,
23317,2012-02-01,0.0406,35.68,
23345,2012-02-29,0.0406,35.68,
23346,2012-03-01,0.0313,30.79,
23376,2012-03-31,0.0313,30.79,
23377,2012-04-01,-0.0075,10.4,
23406,2012-04-30,-0.0075,10.4,
23407,2012-05-01,-0.0627,-18.6,
23437,2012-05-31,-0.0627,-18.6,
23438,2012-06-01,0.0396,35.16,
23467,2012-06-30,0.0396,35.16,
23468,2012-07-01,0.0126,20.97,
23498,2012-07-31,0.0126,20.97,
23499,2012-08-01,0.0198,24.75,
23529,2012-08-31,0.0198,24.75,
23530,2012-09-01,0.0242,27.06,
23559,2012-09-30,0.0242,27.06,
23560,2012-10-01,-0.0198,3.94,
23590,2012-10-31,-0.0198,3.94,
23591,2012-11-01,0.0028,15.82,
23620,2012-11-30,0.0028,15.82,
23621,2012-12-01,0.0071,18.08,
23651,2012-12-31,0.0071,18.08,
23652,2013-01-01,0.0504,40.83,
23682,2013-01-31,0.0504,40.83,
23683,2013-02-01,0.0111,20.18,
23710,2013-02-28,0.0111,20.18,
23711,2013-03-01,0.036,33.26,
23741,2013-03-31,0.036,33.26,
23742,2013-04-01,0.0181,23.86,
23771,2013-04-30,0.0181,23.86,
23772,2013-05-01,0.0208,25.28,
23802,2013-05-31,0.0208,25.28,
23803,2013-06-01,-0.015,6.46,
23832,2013-06-30,-0.015,6.46,
23833,2013-07-01,0.0495,40.36,
23863,2013-07-31,0.0495,40.36,
23864,2013-08-01,-0.0313,-2.1,
23894,2013-08-31,-0.0313,-2.1,
23895,2013-09-01,0.0297,29.95,
23924,2013-09-30,0.0297,29.95,
23925,2013-10-01,0.0446,37.78,
23955,2013-10-31,0.0446,37.78,
23956,2013-11-01,0.028,29.06,
23985,2013-11-30,0.028,29.06,
23986,2013-12-01,0.0236,26.75,
24016,2013-12-31,0.0236,26.75,
24017,2014-01-01,-0.0356,-4.36,
24047,2014-01-31,-0.0356,-4.36,
24048,2014-02-01,0.0431,36.99,
24075,2014-02-28,0.0431,36.99,
24076,2014-03-01,0.0069,17.97,
24106,2014-03-31,0.0069,17.97,
24107,2014-04-01,0.0062,17.6,
24136,2014-04-30,0.0062,17.6,
24137,2014-05-01,0.021,25.38,
24167,2014-05-31,0.021,25.38,
24168,2014-06-01,0.0191,24.38,
24197,2014-06-30,0.0191,24.38,
24198,2014-07-01,-0.0151,6.41,
24228,2014-07-31,-0.0151,6.41,
24229,2014-08-01,0.0377,34.16,
24259,2014-08-31,0.0377,34.16,
24260,2014-09-01,-0.0155,6.2,
24289,2014-09-30,-0.0155,6.2,
24290,2014-10-01,0.0232,26.54,
24320,2014-10-31,0.0232,26.54,
24321,2014-11-01,0.0245,27.22,
24350,2014-11-30,0.0245,27.22,
24351,2014-12-01,-0.0042,12.14,
24381,2014-12-31,-0.0042,12.14,
24382,2015-01-01,-0.031,-1.94,
24412,2015-01-31,-0.031,-1.94,
24413,2015-02-01,0.0549,43.19,
24440,2015-02-28,0.0549,43.19,
24441,2015-03-01,-0.0174,5.2,
24471,2015-03-31,-0.0174,5.2,
24472,2015-04-01,0.0085,18.81,
24501,2015-04-30,0.0085,18.81,
24502,2015-05-01,0.0105,19.86,
24532,2015-05-31,0.0105,19.86,
24533,2015-06-01,-0.021,3.31,
24562,2015-06-30,-0.021,3.31,
24563,2015-07-01,0.0197,24.7,
24593,2015-07-31,0.0197,24.7,
24594,2015-08-01,-0.0626,-18.55,
24624,2015-08-31,-0.0626,-18.55,
24625,2015-09-01,-0.0264,0.47,
24654,2015-09-30,-0.0264,0.47,
24655,2015-10-01,0.083,57.96,
24685,2015-10-31,0.083,57.96,
24686,2015-11-01,0.0005,14.61,
24715,2015-11-30,0.0005,14.61,
24716,2015-12-01,-0.0175,5.15,
24746,2015-12-31,-0.0175,5.15,
24747,2016-01-01,-0.0507,-12.3,
24777,2016-01-31,-0.0507,-12.3,
24778,2016-02-01,-0.0041,12.19,
24806,2016-02-29,-0.0041,12.19,
24807,2016-03-01,0.066,49.03,
24837,2016-03-31,0.066,49.03,
24838,2016-04-01,0.0027,15.76,
24867,2016-04-30,0.0027,15.76,
24868,2016-05-01,0.0153,22.39,
24898,2016-05-31,0.0153,22.39,
24899,2016-06-01,0.0009,14.82,
24928,2016-06-30,0.0009,14.82,
24929,2016-07-01,0.0356,33.05,
24959,2016-07-31,0.0356,33.05,
24960,2016-08-01,-0.0012,13.72,
24990,2016-08-31,-0.0012,13.72,
24991,2016-09-01,-0.0012,13.72,
25020,2016-09-30,-0.0012,13.72,
25021,2016-10-01,-0.0194,4.15,
25051,2016-10-31,-0.0194,4.15,
25052,2016-11-01,0.0342,32.32,
25081,2016-11-30,0.0342,32.32,
25082,2016-12-01,0.0182,23.91,
25112,2016-12-31,0.0182,23.91,
25113,2017-01-01,0.0179,23.75,
25143,2017-01-31,0.0179,23.75,
25144,2017-02-01,0.0372,33.89,
25171,2017-02-28,0.0372,33.89,
25172,2017-03-01,-0.0004,14.14,
25202,2017-03-31,-0.0004,14.14,
25203,2017-04-01,0.0091,19.13,
25232,2017-04-30,0.0091,19.13,
25233,2017-05-01,0.0116,20.44,
25263,2017-05-31,0.0116,20.44,
25264,2017-06-01,0.0048,16.87,
25293,2017-06-30,0.0048,16.87,
25294,2017-07-01,0.0193,24.49,
25324,2017-07-31,0.0193,24.49,
25325,2017-08-01,0.0005,14.61,
25355,2017-08-31,0.0005,14.61,
25356,2017-09-01,0.0193,24.49,
25385,2017-09-30,0.0193,24.49,
25386,2017-10-01,0.0222,26.01,
25416,2017-10-31,0.0222,26.01,
25417,2017-11-01,0.0281,29.11,
25446,2017-11-30,0.0281,29.11,
25447,2017-12-01,0.0098,19.5,
25477,2017-12-31,0.0098,19.5,
25478,2018-01-01,0.0562,43.88,
25508,2018-01-31,0.0562,43.88,
25509,2018-02-01,-0.0389,-6.1,
25536,2018-02-28,-0.0389,-6.1,
25537,2018-03-01,-0.0269,0.21,
25567,2018-03-31,-0.0269,0.21,
25568,2018-04-01,0.0027,15.76,
25597,2018-04-30,0.0027,15.76,
25598,2018-05-01,0.0216,25.7,
25628,2018-05-31,0.0216,25.7,
25629,2018-06-01,0.0048,16.87,
25658,2018-06-30,0.0048,16.87,
25659,2018-07-01,0.036,33.26,
25689,2018-07-31,0.036,33.26,
25690,2018-08-01,0.0303,30.27,
25720,2018-08-31,0.0303,30.27,
25721,2018-09-01,0.0043,16.61,
25750,2018-09-30,0.0043,16.61,
25751,2018-10-01,-0.0694,-22.12,
25781,2018-10-31,-0.0694,-22.12,
25782,2018-11-01,0.0179,23.75,
25811,2018-11-30,0.0179,23.75,
25812,2018-12-01,-0.0918,-33.89,
25842,2018-12-31,-0.0918,-33.89,
25843,2019-01-01,0.0787,55.7,
25873,2019-01-31,0.0787,55.7,
25874,2019-02-01,0.0297,29.95,
25901,2019-02-28,0.0297,29.95,
25902,2019-03-01,0.0179,23.75,
25932,2019-03-31,0.0179,23.75,
25933,2019-04-01,0.0393,35.0,
25962,2019-04-30,0.0393,35.0,
25963,2019-05-01,-0.0658,-20.23,
25963,2019-05-01,0.0689,50.55,
25993,2019-05-31,0.0689,50.55,
26023,2019-06-30,0.0689,50.55,
26024,2019-07-01,0.0131,21.23,
26054,2019-07-31,0.0131,21.23,
26055,2019-08-01,-0.0181,4.83,
26085,2019-08-31,-0.0181,4.83,
26086,2019-09-01,0.0172,23.38,
26115,2019-09-30,0.0172,23.38,
26116,2019-10-01,0.0204,25.07,
26146,2019-10-31,0.0204,25.07,
26147,2019-11-01,0.034,32.21,
26176,2019-11-30,0.034,32.21,
26177,2019-12-01,0.0286,29.37,
26207,2019-12-31,0.0286,29.37,
26208,2020-01-01,-0.0016,13.5,
26238,2020-01-31,-0.0016,13.5,
26239,2020-02-01,-0.0841,-29.85,
26267,2020-02-29,-0.0841,-29.85,
26298,2020-03-31,-0.0841,-29.85,